cisp,mes,ano,mes_ano,aisp,risp,munic,mcirc,regiao,hom_doloso,lesao_corp_morte,latrocinio,cvli,hom_por_interv_policial,feminicidio,letalidade_violenta,tentat_hom,tentativa_feminicidio,lesao_corp_dolosa,estupro,hom_culposo,lesao_corp_culposa,roubo_transeunte,roubo_celular,roubo_em_coletivo,roubo_rua,roubo_veiculo,roubo_carga,roubo_comercio,roubo_residencia,roubo_banco,roubo_cx_eletronico,roubo_conducao_saque,roubo_apos_saque,roubo_bicicleta,outros_roubos,total_roubos,furto_veiculos,furto_transeunte,furto_coletivo,furto_celular,furto_bicicleta,outros_furtos,total_furtos,sequestro,extorsao,sequestro_relampago,estelionato,apreensao_drogas,posse_drogas,trafico_drogas,apreensao_drogas_sem_autor,recuperacao_veiculos,apf,aaapai,cmp,cmba,ameaca,pessoas_desaparecidas,encontro_cadaver,encontro_ossada,pol_militares_mortos_serv,pol_civis_mortos_serv,registro_ocorrencias,fase
1,1,2021,2021-01-01,5,1,Rio de Janeiro,3304557,Capital,0,0,0,0,0,,0,0,,15,1,0,4,74,17,11,102,0,0,1,0,0,0.0,0,3,0.0,4,110,4,32,9,20,2.0,70,137,0,0,0,136,3,3.0,0.0,0.0,1,16.0,1.0,6.0,1.0,13,0,0,0,0,0,574,3
4,1,2021,2021-01-01,5,1,Rio de Janeiro,3304557,Capital,0,0,0,0,0,,0,9,,15,1,0,4,30,14,16,60,1,0,0,0,0,0.0,0,1,0.0,3,65,1,42,5,24,0.0,55,127,0,2,0,12,7,2.0,4.0,1.0,1,17.0,3.0,6.0,0.0,21,0,0,0,0,0,329,3
5,1,2021,2021-01-01,5,1,Rio de Janeiro,3304557,Capital,1,0,0,1,0,,1,0,,27,1,1,3,108,27,9,144,6,1,4,0,0,0.0,0,2,6.0,22,185,14,31,3,37,2.0,132,219,0,2,0,81,14,7.0,5.0,3.0,6,45.0,4.0,7.0,2.0,27,5,0,0,0,0,777,3
6,1,2021,2021-01-01,4,1,Rio de Janeiro,3304557,Capital,8,0,0,8,2,,10,7,,28,1,0,22,56,15,47,118,15,0,1,0,0,0.0,0,0,0.0,10,144,13,9,7,5,1.0,41,76,0,0,0,18,4,0.0,4.0,0.0,25,24.0,2.0,4.0,0.0,12,4,0,0,0,0,428,3
7,1,2021,2021-01-01,5,1,Rio de Janeiro,3304557,Capital,1,0,0,1,1,,2,12,,12,3,0,1,18,8,5,31,5,0,1,4,0,0.0,0,0,0.0,11,52,17,0,0,4,0.0,15,36,0,0,0,2,3,1.0,2.0,0.0,5,3.0,1.0,1.0,0.0,11,0,0,0,0,0,164,3
9,1,2021,2021-01-01,2,1,Rio de Janeiro,3304557,Capital,0,0,0,0,0,,0,2,,32,2,2,17,92,16,12,120,18,0,3,0,0,0.0,0,0,6.0,12,159,41,22,14,20,5.0,77,179,0,0,0,145,7,6.0,1.0,0.0,6,31.0,5.0,7.0,0.0,27,3,0,0,0,0,781,3
10,1,2021,2021-01-01,2,1,Rio de Janeiro,3304557,Capital,0,0,0,0,0,,0,0,,18,0,1,24,31,17,1,49,10,2,3,0,0,0.0,0,0,7.0,14,85,11,19,13,32,3.0,78,156,0,3,0,57,9,4.0,5.0,0.0,4,19.0,19.0,2.0,0.0,25,0,0,0,0,0,515,3
11,1,2021,2021-01-01,23,1,Rio de Janeiro,3304557,Capital,0,0,0,0,0,,0,0,,9,4,0,2,0,1,0,1,0,0,0,0,0,0.0,0,0,0.0,1,2,1,0,0,0,0.0,4,5,0,0,0,8,0,0.0,0.0,0.0,0,0.0,0.0,0.0,0.0,8,0,0,0,0,0,58,3
12,1,2021,2021-01-01,19,1,Rio de Janeiro,3304557,Capital,0,0,0,0,2,,2,2,,34,0,0,12,40,17,1,58,0,0,3,0,0,0.0,0,0,5.0,7,73,10,54,8,50,9.0,120,251,0,2,1,48,10,6.0,4.0,0.0,5,64.0,25.0,23.0,0.0,27,3,0,0,0,0,670,3
13,1,2021,2021-01-01,19,1,Rio de Janeiro,3304557,Capital,0,0,0,0,0,,0,0,,11,1,0,9,30,6,0,36,1,0,2,1,0,0.0,0,0,1.0,4,45,0,25,7,34,6.0,68,140,0,1,0,50,5,4.0,1.0,0.0,1,40.0,14.0,9.0,0.0,10,1,0,0,0,0,401,3
14,1,2021,2021-01-01,23,1,Rio de Janeiro,3304557,Capital,0,0,0,0,0,,0,0,,15,0,0,3,63,27,2,92,6,0,5,1,0,0.0,0,0,2.0,17,123,11,67,7,121,32.0,178,416,0,3,0,40,27,18.0,9.0,0.0,3,77.0,28.0,11.0,0.0,24,0,1,0,0,0,807,3
15,1,2021,2021-01-01,23,1,Rio de Janeiro,3304557,Capital,0,0,0,0,0,,0,0,,8,2,1,9,19,11,5,35,5,0,1,1,0,0.0,0,0,5.0,5,52,10,6,5,19,2.0,34,76,0,3,0,42,4,4.0,0.0,0.0,5,17.0,1.0,2.0,0.0,16,1,0,0,0,0,278,3
16,1,2021,2021-01-01,31,2,Rio de Janeiro,3304557,Capital,1,0,0,1,1,,2,6,,98,1,0,26,69,22,29,120,13,0,4,0,0,0.0,0,4,1.0,33,175,29,35,36,69,3.0,228,400,0,6,0,197,56,49.0,7.0,0.0,6,41.0,19.0,16.0,0.0,84,9,2,0,0,0,1371,3
17,1,2021,2021-01-01,4,1,Rio de Janeiro,3304557,Capital,2,0,0,2,0,,2,8,,39,2,1,28,38,19,37,94,24,5,2,1,0,0.0,0,0,0.0,15,141,12,8,5,9,2.0,51,87,0,0,0,19,5,1.0,4.0,0.0,5,21.0,1.0,12.0,0.0,31,4,0,0,0,0,449,3
18,1,2021,2021-01-01,6,1,Rio de Janeiro,3304557,Capital,0,0,0,0,0,,0,0,,11,0,0,5,20,18,8,46,34,1,3,0,0,0.0,0,0,0.0,17,101,7,8,1,4,5.0,67,92,0,0,0,18,7,2.0,5.0,0.0,3,20.0,0.0,8.0,0.0,13,0,0,0,0,0,332,3
19,1,2021,2021-01-01,6,1,Rio de Janeiro,3304557,Capital,3,0,0,3,2,,5,8,,14,2,0,8,28,13,1,42,24,2,2,0,0,0.0,0,0,0.0,9,79,4,20,7,13,4.0,96,144,0,2,0,70,14,7.0,7.0,0.0,10,28.0,1.0,6.0,0.0,18,1,0,0,0,0,564,3
20,1,2021,2021-01-01,6,1,Rio de Janeiro,3304557,Capital,0,0,0,0,2,,2,7,,35,3,0,15,42,15,3,60,13,1,3,3,0,0.0,0,1,0.0,15,96,10,6,1,8,4.0,122,151,0,0,0,72,11,5.0,5.0,1.0,3,19.0,0.0,7.0,0.0,47,4,0,0,0,0,575,3
21,1,2021,2021-01-01,22,1,Rio de Janeiro,3304557,Capital,4,0,0,4,2,,6,3,,56,3,3,36,113,38,47,198,30,9,9,0,0,0.0,0,5,0.0,46,297,21,20,24,20,2.0,136,223,0,2,1,65,12,5.0,7.0,0.0,46,40.0,1.0,24.0,0.0,38,9,0,0,0,0,931,3
22,1,2021,2021-01-01,16,1,Rio de Janeiro,3304557,Capital,4,0,0,4,4,,8,1,,38,3,3,25,53,20,13,86,21,10,6,1,0,0.0,0,1,0.0,4,129,20,12,15,22,0.0,109,178,0,0,0,61,12,2.0,11.0,0.0,22,28.0,0.0,5.0,0.0,37,5,0,0,0,0,684,3
23,1,2021,2021-01-01,3,1,Rio de Janeiro,3304557,Capital,1,0,0,1,0,,1,1,,23,1,0,6,43,12,7,62,21,0,4,0,0,0.0,0,0,0.0,16,103,11,3,1,5,1.0,45,66,0,1,0,39,2,2.0,1.0,0.0,9,20.0,0.0,3.0,0.0,14,0,0,0,0,0,336,3
24,1,2021,2021-01-01,3,1,Rio de Janeiro,3304557,Capital,0,0,0,0,1,,1,2,,28,0,2,9,77,27,4,108,42,2,4,0,0,0.0,0,0,0.0,28,184,8,6,5,8,1.0,40,68,0,3,0,17,0,0.0,0.0,0.0,6,13.0,0.0,2.0,0.0,34,4,0,0,0,0,431,3
25,1,2021,2021-01-01,3,1,Rio de Janeiro,3304557,Capital,2,0,0,2,0,,2,2,,27,4,2,9,43,8,8,59,35,4,1,0,0,0.0,0,1,0.0,23,123,2,6,9,10,1.0,38,66,0,0,0,22,12,2.0,10.0,0.0,12,24.0,0.0,9.0,1.0,28,0,0,0,0,0,375,3
26,1,2021,2021-01-01,3,1,Rio de Janeiro,3304557,Capital,0,0,0,0,0,,0,4,,24,0,3,13,50,12,7,69,32,8,6,3,0,0.0,0,1,0.0,33,152,3,8,0,3,0.0,60,74,0,0,0,43,5,3.0,2.0,0.0,4,11.0,3.0,8.0,0.0,20,3,0,0,0,0,464,3
27,1,2021,2021-01-01,41,2,Rio de Janeiro,3304557,Capital,4,0,0,4,2,,6,3,,52,5,1,22,82,29,46,157,33,9,2,1,0,1.0,0,0,0.0,29,232,20,4,3,8,1.0,102,138,0,1,0,32,6,1.0,5.0,0.0,25,24.0,1.0,11.0,1.0,45,2,0,0,0,0,653,3
28,1,2021,2021-01-01,18,2,Rio de Janeiro,3304557,Capital,0,0,0,0,0,,0,5,,34,3,0,19,25,16,2,43,10,2,6,0,0,0.0,0,0,0.0,6,67,7,4,9,3,1.0,40,64,0,2,0,23,2,0.0,2.0,0.0,1,3.0,0.0,3.0,0.0,50,5,0,0,0,0,315,3
29,1,2021,2021-01-01,9,2,Rio de Janeiro,3304557,Capital,4,0,1,5,2,,7,1,,45,2,1,29,164,58,57,279,47,5,8,2,0,0.0,0,1,0.0,38,380,14,30,30,34,0.0,122,230,0,3,0,91,6,0.0,5.0,1.0,11,23.0,2.0,9.0,1.0,42,1,0,0,0,0,1023,3
30,1,2021,2021-01-01,9,2,Rio de Janeiro,3304557,Capital,2,0,0,2,0,,2,0,,45,2,2,3,43,15,6,64,43,3,2,0,0,0.0,1,0,0.0,21,134,18,5,2,5,0.0,38,68,0,1,0,26,5,0.0,2.0,3.0,22,7.0,3.0,1.0,1.0,52,4,0,0,0,0,420,3
31,1,2021,2021-01-01,41,2,Rio de Janeiro,3304557,Capital,3,0,0,3,5,,8,8,,58,1,2,22,73,17,16,106,90,9,3,0,0,0.0,0,0,0.0,18,226,13,7,7,11,0.0,31,69,0,2,0,34,4,0.0,4.0,0.0,43,24.0,7.0,7.0,0.0,53,3,1,0,0,0,594,3
32,1,2021,2021-01-01,18,2,Rio de Janeiro,3304557,Capital,8,0,0,8,1,,9,5,,148,12,5,38,123,45,62,230,26,7,13,3,0,0.0,1,0,0.0,47,327,18,18,19,27,1.0,283,366,0,6,0,123,1,0.0,1.0,0.0,16,46.0,4.0,8.0,3.0,130,7,0,0,0,0,1444,3
33,1,2021,2021-01-01,14,2,Rio de Janeiro,3304557,Capital,3,0,0,3,3,,6,8,,89,9,6,24,106,54,18,178,77,8,9,1,0,0.0,0,7,0.0,49,329,21,5,6,11,1.0,72,116,0,1,0,29,6,0.0,6.0,0.0,46,21.0,0.0,3.0,0.0,79,8,0,0,0,0,862,3
34,1,2021,2021-01-01,14,2,Rio de Janeiro,3304557,Capital,9,0,0,9,8,,17,17,,154,12,2,27,150,46,31,227,75,14,10,3,0,0.0,0,4,0.0,13,346,31,19,8,18,1.0,109,186,0,2,0,87,27,1.0,19.0,7.0,37,63.0,7.0,23.0,0.0,110,10,1,1,0,0,1288,3
35,1,2021,2021-01-01,40,2,Rio de Janeiro,3304557,Capital,3,0,0,3,0,,3,4,,184,23,5,48,49,25,7,81,69,9,9,0,0,1.0,0,1,0.0,23,193,55,21,4,32,0.0,98,210,0,0,0,177,5,3.0,2.0,0.0,32,63.0,5.0,15.0,1.0,121,14,1,0,0,0,1227,3
36,1,2021,2021-01-01,27,2,Rio de Janeiro,3304557,Capital,2,0,0,2,0,,2,4,,168,12,4,25,41,11,7,59,12,2,2,0,0,0.0,0,2,0.0,8,85,16,15,2,16,0.0,58,107,0,1,0,58,1,1.0,0.0,0.0,9,25.0,0.0,3.0,1.0,104,11,0,0,0,0,693,3
37,1,2021,2021-01-01,17,1,Rio de Janeiro,3304557,Capital,2,0,0,2,0,,2,1,,62,8,0,27,30,15,1,46,10,1,2,0,0,0.0,0,0,0.0,9,68,6,4,2,4,2.0,70,88,0,0,0,80,4,3.0,1.0,0.0,18,20.0,12.0,1.0,1.0,40,5,1,0,0,0,659,3
38,1,2021,2021-01-01,16,1,Rio de Janeiro,3304557,Capital,4,0,0,4,4,,8,5,,55,2,4,19,39,34,10,83,30,15,4,2,0,1.0,1,2,0.0,27,165,11,3,1,6,0.0,30,51,0,2,0,33,9,0.0,6.0,3.0,43,32.0,2.0,5.0,1.0,43,3,0,0,0,0,508,3
39,1,2021,2021-01-01,41,2,Rio de Janeiro,3304557,Capital,4,0,0,4,3,,7,0,,56,3,4,16,78,26,69,173,98,13,2,0,0,0.0,0,4,0.0,44,334,15,9,1,4,1.0,30,60,0,1,0,24,9,0.0,8.0,1.0,184,30.0,6.0,4.0,2.0,33,9,0,0,0,0,816,3
40,1,2021,2021-01-01,9,2,Rio de Janeiro,3304557,Capital,7,0,0,7,1,,8,1,,33,2,1,15,61,19,35,115,33,3,1,0,0,0.0,0,1,0.0,17,170,9,5,3,5,0.0,48,70,0,1,0,31,2,0.0,1.0,1.0,36,14.0,3.0,1.0,0.0,24,3,0,0,0,0,442,3
41,1,2021,2021-01-01,18,2,Rio de Janeiro,3304557,Capital,4,0,0,4,0,,4,0,,30,3,0,14,44,10,1,55,10,0,4,1,0,0.0,1,0,1.0,9,81,4,7,10,13,1.0,54,89,0,0,0,42,1,0.0,1.0,0.0,3,21.0,0.0,3.0,0.0,41,2,0,0,0,0,406,3
42,1,2021,2021-01-01,31,2,Rio de Janeiro,3304557,Capital,2,0,0,2,0,,2,4,,54,3,2,17,32,8,4,44,19,0,7,2,0,0.0,0,0,2.0,10,84,53,16,12,24,9.0,122,236,0,3,0,41,132,127.0,4.0,2.0,12,20.0,5.0,6.0,1.0,68,7,2,0,0,0,807,3
43,1,2021,2021-01-01,27,2,Rio de Janeiro,3304557,Capital,2,0,0,2,0,,2,2,,108,7,2,26,25,10,26,61,7,0,1,4,0,0.0,0,0,0.0,7,80,12,4,1,13,1.0,42,73,0,0,0,21,1,1.0,0.0,0.0,9,17.0,0.0,3.0,0.0,93,11,1,0,0,0,530,3
44,1,2021,2021-01-01,3,1,Rio de Janeiro,3304557,Capital,2,0,0,2,0,,2,1,,23,1,1,13,65,24,7,96,19,2,2,1,0,0.0,0,2,0.0,13,135,7,3,2,9,0.0,71,92,0,0,1,30,3,3.0,0.0,0.0,6,7.0,0.0,7.0,0.0,22,3,0,1,0,0,410,3
48,1,2021,2021-01-01,24,3,Seropédica,3305554,Baixada Fluminense,1,0,0,1,0,,1,1,,26,2,1,9,3,3,0,6,6,0,1,1,0,0.0,0,0,0.0,3,17,3,0,0,3,1.0,13,20,0,0,0,16,12,5.0,7.0,0.0,6,19.0,1.0,3.0,1.0,32,3,0,1,0,0,172,3
50,1,2021,2021-01-01,24,3,Itaguaí,3302007,Baixada Fluminense,1,0,0,1,6,,7,7,,57,9,4,12,12,4,0,16,11,1,4,0,0,0.0,0,1,0.0,6,39,7,3,0,6,0.0,38,54,0,1,0,26,2,1.0,1.0,0.0,7,23.0,1.0,7.0,0.0,53,6,0,0,0,0,335,3
51,1,2021,2021-01-01,24,3,Paracambi,3303609,Baixada Fluminense,0,0,0,0,0,,0,2,,19,0,1,5,3,2,0,5,2,0,1,0,0,0.0,0,0,0.0,1,9,4,0,0,2,0.0,9,15,0,4,0,5,13,8.0,6.0,0.0,0,11.0,2.0,4.0,0.0,19,1,0,0,0,0,125,3
52,1,2021,2021-01-01,20,3,Nova Iguaçu,3303500,Baixada Fluminense,3,0,0,3,0,,3,2,,50,7,3,26,53,28,9,90,46,2,4,0,0,0.0,0,3,0.0,18,163,16,3,1,9,1.0,60,90,0,1,0,33,5,5.0,0.0,0.0,6,27.0,2.0,25.0,1.0,44,2,0,0,0,0,556,3
53,1,2021,2021-01-01,20,3,Mesquita,3302858,Baixada Fluminense,6,0,0,6,3,,9,12,,71,8,0,23,61,30,12,103,34,4,4,0,0,0.0,0,0,1.0,13,159,12,6,2,6,2.0,24,52,0,0,0,16,1,0.0,1.0,0.0,16,15.0,0.0,3.0,0.0,59,3,1,0,0,0,500,3
54,1,2021,2021-01-01,39,3,Belford Roxo,3300456,Baixada Fluminense,19,0,0,19,16,,35,14,,125,8,3,26,110,24,27,161,116,17,3,0,0,1.0,0,1,0.0,43,342,23,8,1,9,0.0,40,81,0,1,0,53,22,1.0,19.0,2.0,53,67.0,9.0,14.0,1.0,116,8,0,0,0,0,1017,3
55,1,2021,2021-01-01,24,3,Queimados,3304144,Baixada Fluminense,3,0,0,3,2,,5,3,,73,10,1,9,27,26,7,60,7,1,1,1,0,0.0,0,0,0.0,9,79,10,5,2,15,1.0,35,68,0,0,0,24,1,0.0,1.0,0.0,6,4.0,0.0,5.0,0.0,60,6,1,0,0,0,413,3
56,1,2021,2021-01-01,20,3,Nova Iguaçu,3303500,Baixada Fluminense,3,0,0,3,0,,3,4,,131,11,6,27,58,38,15,111,44,3,5,4,0,0.0,0,1,0.0,26,194,16,1,2,2,0.0,29,50,0,2,0,45,8,5.0,3.0,0.0,15,20.0,2.0,7.0,1.0,94,7,2,0,0,0,686,3
57,1,2021,2021-01-01,20,3,Nilópolis,3303203,Baixada Fluminense,1,0,0,1,0,,1,1,,59,3,0,10,49,42,6,97,60,1,3,1,0,1.0,0,1,0.0,16,180,12,4,0,13,1.0,36,66,0,0,0,20,3,0.0,3.0,0.0,6,13.0,3.0,7.0,0.0,61,3,0,0,0,0,513,3
58,1,2021,2021-01-01,20,3,Nova Iguaçu,3303500,Baixada Fluminense,11,0,1,12,0,,12,10,,157,16,6,21,47,27,15,89,47,5,6,3,0,0.0,0,1,0.0,30,181,16,1,0,10,0.0,42,69,0,3,0,26,7,4.0,3.0,0.0,18,27.0,3.0,9.0,0.0,139,9,0,0,0,0,784,3
59,1,2021,2021-01-01,15,3,Duque de Caxias,3301702,Baixada Fluminense,10,0,0,10,7,,17,17,,122,17,1,26,234,15,49,298,127,11,6,1,0,0.0,0,0,0.0,62,505,47,24,4,12,0.0,106,193,0,1,0,63,4,3.0,1.0,0.0,49,47.0,3.0,13.0,0.0,117,11,0,0,0,0,1290,3
60,1,2021,2021-01-01,15,3,Duque de Caxias,3301702,Baixada Fluminense,6,1,0,7,1,,8,3,,82,15,3,13,79,26,41,146,104,25,4,1,0,1.0,0,0,0.0,30,311,19,5,0,3,1.0,23,51,0,0,0,25,6,0.0,6.0,0.0,25,34.0,2.0,17.0,0.0,59,5,1,0,0,0,698,3
61,1,2021,2021-01-01,15,3,Duque de Caxias,3301702,Baixada Fluminense,5,0,0,5,2,,7,2,,21,4,1,3,6,1,0,7,3,1,1,0,0,0.0,0,0,0.0,1,13,3,1,0,2,1.0,6,13,0,0,0,5,0,0.0,0.0,0.0,1,6.0,0.0,1.0,0.0,21,0,1,0,0,0,101,3
62,1,2021,2021-01-01,15,3,Duque de Caxias,3301702,Baixada Fluminense,8,0,0,8,1,,9,2,,49,5,2,8,58,12,10,80,32,5,3,0,0,0.0,1,4,0.0,18,143,10,2,1,3,0.0,21,37,0,5,0,15,8,1.0,7.0,0.0,19,10.0,5.0,11.0,0.0,37,8,0,0,0,0,399,3
63,1,2021,2021-01-01,24,3,Japeri,3302270,Baixada Fluminense,8,0,0,8,6,,14,6,,35,0,1,6,10,5,1,16,3,0,1,3,0,0.0,0,0,0.0,3,26,1,1,0,1,0.0,15,18,0,3,0,7,10,3.0,7.0,0.0,7,15.0,2.0,3.0,0.0,22,4,2,0,0,0,186,3
64,1,2021,2021-01-01,21,3,São João de Meriti,3305109,Baixada Fluminense,14,0,1,15,4,,19,29,,141,14,2,55,122,50,61,233,153,24,9,1,0,3.0,0,2,0.0,42,467,29,14,6,7,0.0,93,149,0,3,0,160,21,5.0,15.0,1.0,17,70.0,7.0,6.0,0.0,117,10,0,0,0,0,1417,3
65,1,2021,2021-01-01,34,3,Magé,3302502,Baixada Fluminense,4,0,0,4,2,,6,7,,23,4,0,6,7,0,1,8,1,1,2,0,0,0.0,0,0,0.0,1,13,1,0,0,1,0.0,8,10,0,0,0,7,16,1.0,14.0,1.0,4,13.0,5.0,3.0,0.0,30,3,0,0,0,0,171,3
66,1,2021,2021-01-01,34,3,Magé,3302502,Baixada Fluminense,3,0,0,3,2,,5,7,,62,9,1,16,14,18,1,33,6,0,1,2,0,0.0,0,0,1.0,13,56,7,6,0,6,4.0,37,60,0,1,0,24,4,1.0,3.0,0.0,6,13.0,4.0,7.0,0.0,85,3,0,0,0,0,416,3
67,1,2021,2021-01-01,34,3,Guapimirim,3301850,Baixada Fluminense,2,0,0,2,0,,2,4,,16,1,2,9,3,4,0,7,3,0,0,0,0,0.0,0,0,0.0,3,13,2,0,0,0,0.0,16,18,0,0,0,5,4,1.0,3.0,0.0,1,9.0,0.0,5.0,0.0,22,2,0,0,0,0,120,3
1,2,2021,2021-02-01,5,1,Rio de Janeiro,3304557,Capital,0,0,0,0,0,,0,0,,7,1,1,3,53,12,12,77,0,0,2,0,0,0.0,0,2,0.0,4,85,1,23,9,25,1.0,65,124,0,0,0,115,4,4.0,0.0,0.0,1,18.0,0.0,2.0,0.0,13,1,0,0,0,0,510,3
4,2,2021,2021-02-01,5,1,Rio de Janeiro,3304557,Capital,2,0,0,2,1,,3,10,,19,1,1,0,32,18,6,56,3,1,0,0,0,0.0,0,0,0.0,3,63,4,28,13,25,0.0,26,96,0,1,0,13,15,7.0,7.0,1.0,2,21.0,1.0,5.0,1.0,13,2,0,0,0,0,317,3
5,2,2021,2021-02-01,5,1,Rio de Janeiro,3304557,Capital,2,0,0,2,0,,2,1,,23,2,4,9,80,30,9,119,5,0,3,0,0,0.0,0,1,0.0,19,147,9,25,1,32,0.0,135,202,0,0,0,108,8,6.0,2.0,0.0,5,43.0,3.0,12.0,1.0,28,2,1,0,0,0,718,3
6,2,2021,2021-02-01,4,1,Rio de Janeiro,3304557,Capital,3,1,0,4,0,,4,4,,22,0,0,22,30,9,15,54,16,4,4,2,0,0.0,1,0,0.0,12,93,4,9,4,6,0.0,32,55,0,1,0,30,3,1.0,2.0,0.0,19,13.0,1.0,9.0,0.0,11,1,0,0,0,0,340,3
7,2,2021,2021-02-01,5,1,Rio de Janeiro,3304557,Capital,1,0,0,1,1,,2,2,,6,2,0,1,18,1,3,22,6,0,1,5,0,0.0,0,0,0.0,10,44,10,2,1,1,1.0,15,30,0,0,0,13,3,1.0,2.0,0.0,4,2.0,1.0,0.0,0.0,6,3,0,0,0,0,143,3
9,2,2021,2021-02-01,2,1,Rio de Janeiro,3304557,Capital,0,0,0,0,0,,0,1,,22,1,2,8,66,15,22,103,14,2,6,2,0,0.0,0,1,5.0,13,146,23,18,8,20,7.0,80,156,0,1,0,119,1,1.0,0.0,0.0,5,28.0,2.0,3.0,0.0,23,1,0,0,0,0,645,3
10,2,2021,2021-02-01,2,1,Rio de Janeiro,3304557,Capital,0,0,0,0,0,,0,0,,17,1,5,18,33,12,4,49,3,1,8,0,0,0.0,0,0,6.0,4,71,14,14,15,33,4.0,112,192,0,1,0,90,8,8.0,0.0,0.0,2,23.0,6.0,7.0,0.0,20,1,1,0,0,0,540,3
11,2,2021,2021-02-01,23,1,Rio de Janeiro,3304557,Capital,0,0,0,0,0,,0,0,,6,1,0,2,2,0,1,3,1,0,0,0,0,0.0,0,0,0.0,0,4,1,1,0,1,0.0,2,5,0,2,0,3,3,1.0,2.0,0.0,0,2.0,1.0,0.0,0.0,5,0,0,0,0,0,52,3
12,2,2021,2021-02-01,19,1,Rio de Janeiro,3304557,Capital,0,0,0,0,0,,0,1,,34,2,0,3,44,14,3,61,1,0,7,1,0,0.0,0,0,4.0,9,83,10,46,4,43,10.0,100,213,0,3,0,69,11,9.0,2.0,0.0,3,55.0,22.0,10.0,3.0,28,2,0,0,0,0,637,3
13,2,2021,2021-02-01,19,1,Rio de Janeiro,3304557,Capital,1,0,0,1,0,,1,0,,21,1,0,8,21,15,0,36,1,1,3,2,0,0.0,0,0,1.0,1,45,2,27,6,29,6.0,76,146,0,3,0,43,10,7.0,3.0,0.0,2,33.0,15.0,7.0,0.0,20,0,0,0,0,0,395,3
14,2,2021,2021-02-01,23,1,Rio de Janeiro,3304557,Capital,0,0,0,0,0,,0,1,,12,0,0,6,34,30,1,65,3,0,8,0,0,0.0,0,0,0.0,12,88,6,43,5,101,23.0,161,339,0,0,0,73,27,18.0,8.0,1.0,1,65.0,8.0,12.0,1.0,15,1,0,0,0,0,680,3
15,2,2021,2021-02-01,23,1,Rio de Janeiro,3304557,Capital,0,0,0,0,0,,0,1,,7,1,1,12,12,5,3,20,5,0,4,0,0,0.0,0,0,2.0,4,35,8,7,9,13,3.0,43,83,0,0,0,35,6,5.0,1.0,0.0,8,14.0,2.0,1.0,0.0,15,1,0,0,0,0,278,3
16,2,2021,2021-02-01,31,2,Rio de Janeiro,3304557,Capital,2,0,0,2,0,,2,1,,64,4,3,31,69,23,24,116,11,0,6,0,0,0.0,1,1,0.0,43,178,8,33,43,75,5.0,262,426,0,3,0,180,37,36.0,1.0,0.0,8,43.0,16.0,16.0,3.0,78,3,0,0,0,0,1356,3
17,2,2021,2021-02-01,4,1,Rio de Janeiro,3304557,Capital,1,0,0,1,0,,1,5,,28,2,2,21,38,19,22,79,20,4,1,0,0,0.0,0,0,0.0,19,123,14,11,8,11,1.0,56,101,0,1,0,32,9,2.0,6.0,1.0,5,24.0,0.0,4.0,0.0,25,1,0,0,0,0,422,3
18,2,2021,2021-02-01,6,1,Rio de Janeiro,3304557,Capital,0,0,1,1,0,,1,1,,15,2,0,13,38,19,4,61,29,1,3,1,0,0.0,0,1,1.0,12,109,7,8,8,10,0.0,49,82,0,1,0,26,0,0.0,0.0,0.0,4,4.0,2.0,4.0,0.0,8,0,0,0,0,0,318,3
19,2,2021,2021-02-01,6,1,Rio de Janeiro,3304557,Capital,3,0,0,3,3,,6,9,,16,1,0,8,38,15,0,53,12,0,9,0,0,0.0,0,0,0.0,8,82,2,8,8,23,4.0,111,156,0,5,0,68,4,0.0,3.0,1.0,10,22.0,2.0,7.0,0.0,26,2,0,0,0,0,549,3
20,2,2021,2021-02-01,6,1,Rio de Janeiro,3304557,Capital,1,0,0,1,2,,3,2,,22,1,0,11,42,15,3,60,15,0,2,0,0,0.0,1,0,0.0,10,88,2,4,0,9,1.0,134,150,0,0,0,73,5,4.0,0.0,1.0,6,19.0,2.0,8.0,1.0,17,2,0,0,0,0,535,3
21,2,2021,2021-02-01,22,1,Rio de Janeiro,3304557,Capital,2,0,0,2,2,,4,7,,37,9,5,28,109,29,45,183,34,7,9,2,0,0.0,0,1,0.0,32,268,15,20,11,19,0.0,136,201,0,5,1,79,8,1.0,5.0,2.0,40,30.0,0.0,23.0,1.0,33,5,0,0,0,0,893,3
22,2,2021,2021-02-01,16,1,Rio de Janeiro,3304557,Capital,1,0,0,1,0,,1,2,,29,3,1,13,90,32,21,143,27,8,1,0,0,1.0,0,0,0.0,7,187,27,22,11,30,1.0,141,232,0,1,1,90,3,1.0,2.0,0.0,31,19.0,1.0,13.0,0.0,46,3,0,0,0,0,875,3
23,2,2021,2021-02-01,3,1,Rio de Janeiro,3304557,Capital,2,0,0,2,0,,2,0,,16,0,0,5,50,19,4,73,14,0,7,0,0,0.0,0,0,0.0,18,112,8,10,1,4,1.0,50,74,0,1,0,48,3,3.0,0.0,0.0,12,6.0,1.0,4.0,0.0,22,2,1,0,0,0,373,3
24,2,2021,2021-02-01,3,1,Rio de Janeiro,3304557,Capital,3,0,0,3,11,,14,0,,35,1,0,13,78,17,8,103,49,2,8,0,0,1.0,0,1,0.0,18,182,8,2,4,0,0.0,46,60,0,0,0,20,4,1.0,3.0,0.0,10,17.0,0.0,2.0,0.0,22,1,0,0,0,0,411,3
25,2,2021,2021-02-01,3,1,Rio de Janeiro,3304557,Capital,1,0,1,2,1,,3,3,,25,5,0,8,33,14,20,67,17,4,4,0,0,0.0,0,0,0.0,28,120,4,4,3,4,1.0,48,64,0,1,0,12,15,5.0,10.0,0.0,22,21.0,0.0,6.0,2.0,20,1,0,0,0,0,382,3
26,2,2021,2021-02-01,3,1,Rio de Janeiro,3304557,Capital,0,0,0,0,1,,1,0,,21,0,1,23,48,17,4,69,43,5,5,2,0,0.0,0,0,0.0,33,157,0,4,2,6,0.0,60,72,0,0,0,49,4,2.0,1.0,1.0,19,13.0,0.0,3.0,0.0,29,3,0,0,0,0,482,3
27,2,2021,2021-02-01,41,2,Rio de Janeiro,3304557,Capital,2,0,1,3,0,,3,0,,40,1,0,26,74,28,41,143,49,12,4,1,0,0.0,0,1,0.0,16,226,19,3,6,11,2.0,100,141,0,1,0,50,2,0.0,2.0,0.0,46,16.0,1.0,3.0,1.0,44,3,0,0,0,0,639,3
28,2,2021,2021-02-01,18,2,Rio de Janeiro,3304557,Capital,2,0,0,2,3,,5,1,,18,2,0,6,34,11,3,48,16,2,5,2,0,0.0,0,0,0.0,10,83,8,4,12,10,0.0,33,67,0,1,0,25,1,0.0,1.0,0.0,6,5.0,1.0,2.0,0.0,25,2,1,0,0,0,291,3
29,2,2021,2021-02-01,9,2,Rio de Janeiro,3304557,Capital,6,0,0,6,6,,12,0,,51,3,3,35,163,57,39,259,48,2,20,1,0,1.0,0,1,1.0,43,376,22,34,31,32,0.0,109,228,0,1,2,93,5,2.0,2.0,1.0,13,26.0,1.0,9.0,0.0,35,3,0,0,0,0,1003,3
30,2,2021,2021-02-01,9,2,Rio de Janeiro,3304557,Capital,0,0,0,0,0,,0,0,,38,2,0,7,45,19,4,68,50,0,2,0,0,1.0,1,1,0.0,15,138,22,7,2,14,0.0,54,99,0,1,0,28,4,0.0,4.0,0.0,27,20.0,1.0,8.0,0.0,48,4,0,0,0,0,457,3
31,2,2021,2021-02-01,41,2,Rio de Janeiro,3304557,Capital,3,0,0,3,2,,5,4,,40,8,0,10,77,13,18,108,88,11,2,2,0,0.0,0,1,0.0,29,241,11,8,6,8,0.0,25,58,0,3,0,36,5,0.0,5.0,0.0,71,19.0,1.0,5.0,0.0,46,3,0,0,0,0,604,3
32,2,2021,2021-02-01,18,2,Rio de Janeiro,3304557,Capital,3,0,0,3,2,,5,2,,151,14,5,26,121,37,42,200,23,7,11,3,0,1.0,0,1,0.0,57,303,10,9,22,26,2.0,206,275,0,2,0,127,9,3.0,5.0,1.0,24,56.0,4.0,9.0,0.0,105,12,0,0,0,0,1287,3
33,2,2021,2021-02-01,14,2,Rio de Janeiro,3304557,Capital,2,0,0,2,2,,4,0,,82,4,6,21,123,59,19,201,76,6,11,2,0,0.0,0,3,0.0,56,355,34,4,10,12,1.0,102,163,0,0,0,61,6,2.0,4.0,0.0,45,38.0,2.0,5.0,0.0,34,1,0,0,0,0,908,3
34,2,2021,2021-02-01,14,2,Rio de Janeiro,3304557,Capital,8,0,0,8,6,,14,14,,109,16,2,45,147,44,43,234,78,14,12,2,0,2.0,1,3,0.0,33,379,36,13,12,18,1.0,143,223,0,1,0,71,25,5.0,15.0,5.0,40,64.0,1.0,16.0,0.0,67,9,1,1,1,0,1259,3
35,2,2021,2021-02-01,40,2,Rio de Janeiro,3304557,Capital,3,0,0,3,0,,3,4,,163,5,3,37,58,19,12,89,64,9,5,0,0,0.0,0,0,0.0,18,185,58,23,8,26,0.0,94,209,0,4,0,157,2,1.0,1.0,0.0,21,78.0,3.0,20.0,0.0,94,9,0,0,0,0,1052,3
36,2,2021,2021-02-01,27,2,Rio de Janeiro,3304557,Capital,2,0,0,2,0,,2,5,,129,8,8,28,36,11,8,55,6,0,1,1,0,0.0,0,0,0.0,13,76,11,6,3,8,0.0,53,81,0,1,0,83,1,1.0,0.0,0.0,7,11.0,1.0,7.0,0.0,88,4,1,1,0,0,602,3
37,2,2021,2021-02-01,17,1,Rio de Janeiro,3304557,Capital,6,0,0,6,0,,6,2,,37,2,0,18,19,4,3,26,4,1,4,0,0,0.0,0,0,0.0,8,43,10,4,4,8,3.0,57,86,0,0,0,69,6,1.0,5.0,0.0,12,25.0,0.0,3.0,0.0,39,4,1,0,0,0,568,3
38,2,2021,2021-02-01,16,1,Rio de Janeiro,3304557,Capital,3,0,1,4,1,,5,0,,51,6,2,14,59,36,11,106,50,17,2,0,0,0.0,0,3,0.0,32,210,9,4,1,5,0.0,18,37,0,0,0,25,5,1.0,4.0,0.0,55,18.0,1.0,2.0,0.0,47,3,0,0,0,0,551,3
39,2,2021,2021-02-01,41,2,Rio de Janeiro,3304557,Capital,3,0,0,3,6,,9,1,,27,5,1,14,92,11,67,170,99,9,1,0,0,0.0,0,0,0.0,38,317,13,5,1,4,0.0,33,56,0,1,0,34,14,0.0,13.0,1.0,116,25.0,4.0,5.0,1.0,16,3,1,0,0,0,671,3
40,2,2021,2021-02-01,9,2,Rio de Janeiro,3304557,Capital,3,0,0,3,0,,3,0,,37,3,1,19,64,26,48,138,31,5,0,0,0,0.0,0,1,0.0,19,194,14,2,1,7,1.0,27,52,0,1,0,28,6,0.0,4.0,2.0,48,11.0,2.0,1.0,0.0,38,3,0,0,0,0,483,3
41,2,2021,2021-02-01,18,2,Rio de Janeiro,3304557,Capital,0,0,0,0,0,,0,1,,25,4,0,12,47,13,6,66,13,1,1,2,0,0.0,0,0,0.0,7,90,4,7,10,7,0.0,45,73,0,0,0,53,0,0.0,0.0,0.0,4,18.0,2.0,5.0,0.0,32,4,1,0,0,0,389,3
42,2,2021,2021-02-01,31,2,Rio de Janeiro,3304557,Capital,2,0,0,2,0,,2,3,,53,4,1,14,30,9,4,43,13,4,3,2,0,0.0,1,0,0.0,8,74,31,8,4,17,9.0,98,167,0,2,0,54,93,90.0,2.0,1.0,9,40.0,1.0,9.0,0.0,55,5,1,0,0,0,739,3
43,2,2021,2021-02-01,27,2,Rio de Janeiro,3304557,Capital,2,0,0,2,0,,2,3,,106,10,1,21,21,4,16,41,5,1,1,4,0,0.0,0,0,0.0,1,53,16,0,4,13,0.0,33,66,0,1,0,19,2,0.0,2.0,0.0,3,14.0,1.0,4.0,0.0,76,11,0,0,0,0,402,3
44,2,2021,2021-02-01,3,1,Rio de Janeiro,3304557,Capital,1,0,0,1,1,,2,4,,20,0,2,27,59,24,19,102,27,2,3,1,0,0.0,0,0,0.0,19,154,7,3,1,6,0.0,62,79,0,1,0,31,8,1.0,7.0,0.0,7,24.0,1.0,1.0,0.0,18,4,0,0,0,0,435,3
48,2,2021,2021-02-01,24,3,Seropédica,3305554,Baixada Fluminense,3,0,0,3,0,,3,0,,22,2,0,5,6,11,0,17,2,4,0,0,0,0.0,0,0,0.0,4,27,8,0,0,7,1.0,12,28,0,0,0,11,7,3.0,4.0,0.0,3,18.0,0.0,3.0,1.0,15,5,1,0,0,0,164,3
50,2,2021,2021-02-01,24,3,Itaguaí,3302007,Baixada Fluminense,1,0,0,1,1,,2,5,,53,3,2,9,12,13,5,30,6,1,1,2,0,0.0,1,0,0.0,2,43,13,3,0,8,1.0,49,74,0,2,0,31,7,2.0,5.0,0.0,4,23.0,1.0,7.0,0.0,39,7,0,0,0,0,358,3
51,2,2021,2021-02-01,24,3,Paracambi,3303609,Baixada Fluminense,2,0,0,2,0,,2,0,,21,1,0,1,1,0,1,2,0,1,0,0,0,0.0,0,1,0.0,0,4,3,0,0,1,2.0,3,9,0,0,0,13,5,1.0,3.0,1.0,2,11.0,0.0,2.0,0.0,17,3,0,0,0,0,107,3
52,2,2021,2021-02-01,20,3,Nova Iguaçu,3303500,Baixada Fluminense,0,0,0,0,0,,0,5,,54,5,0,20,60,38,9,107,44,1,4,1,0,0.0,0,2,0.0,12,171,39,12,0,13,0.0,72,136,0,0,0,46,9,6.0,2.0,1.0,5,34.0,2.0,18.0,0.0,49,4,0,0,0,0,615,3
53,2,2021,2021-02-01,20,3,Mesquita,3302858,Baixada Fluminense,4,0,0,4,9,,13,2,,45,5,2,10,73,28,14,115,31,4,1,0,0,0.0,0,2,0.0,9,162,12,3,1,3,0.0,29,48,0,1,0,17,5,1.0,3.0,1.0,4,25.0,4.0,4.0,1.0,49,1,0,0,0,0,447,3
54,2,2021,2021-02-01,39,3,Belford Roxo,3300456,Baixada Fluminense,5,0,0,5,10,,15,7,,110,6,3,32,109,32,32,173,118,12,4,1,0,0.0,0,3,0.0,39,350,24,3,0,4,0.0,36,67,0,3,2,36,16,2.0,13.0,1.0,25,41.0,7.0,12.0,0.0,105,12,0,0,0,0,884,3
55,2,2021,2021-02-01,24,3,Queimados,3304144,Baixada Fluminense,3,0,1,4,0,,4,4,,45,15,1,10,24,20,4,48,20,1,3,1,0,0.0,0,2,0.0,10,85,9,3,0,6,1.0,28,47,0,1,0,24,2,0.0,2.0,0.0,6,15.0,1.0,6.0,0.0,25,1,0,0,0,0,339,3
56,2,2021,2021-02-01,20,3,Nova Iguaçu,3303500,Baixada Fluminense,3,0,1,4,0,,4,3,,95,9,7,21,58,22,5,85,35,4,4,4,0,1.0,0,2,0.0,15,150,6,1,1,2,0.0,28,38,0,0,1,41,6,5.0,1.0,0.0,5,20.0,4.0,2.0,0.0,95,4,1,0,0,0,551,3
57,2,2021,2021-02-01,20,3,Nilópolis,3303203,Baixada Fluminense,1,0,0,1,0,,1,0,,44,3,0,4,45,21,5,71,38,0,4,1,0,0.0,0,0,0.0,16,130,13,8,0,7,0.0,33,61,0,0,0,27,3,0.0,2.0,1.0,8,32.0,1.0,4.0,0.0,38,4,0,0,0,0,407,3
58,2,2021,2021-02-01,20,3,Nova Iguaçu,3303500,Baixada Fluminense,8,0,0,8,4,,12,9,,145,14,2,26,81,40,11,132,47,3,9,2,0,0.0,0,1,0.0,19,213,11,4,0,8,0.0,45,68,0,2,0,29,6,3.0,3.0,0.0,20,19.0,1.0,11.0,0.0,115,10,0,0,0,0,746,3
59,2,2021,2021-02-01,15,3,Duque de Caxias,3301702,Baixada Fluminense,4,1,1,6,2,,8,3,,100,6,2,29,234,17,49,300,65,17,9,0,0,0.0,0,5,0.0,32,428,36,28,8,7,0.0,91,170,0,1,2,65,9,3.0,5.0,1.0,39,66.0,4.0,18.0,0.0,81,10,0,0,0,0,1107,3
60,2,2021,2021-02-01,15,3,Duque de Caxias,3301702,Baixada Fluminense,6,0,0,6,9,,15,5,,67,6,5,12,78,18,37,133,75,28,0,0,0,0.0,0,0,0.0,22,258,24,3,0,2,0.0,31,60,0,4,0,20,14,0.0,13.0,1.0,17,57.0,10.0,10.0,0.0,56,5,0,0,0,0,636,3
61,2,2021,2021-02-01,15,3,Duque de Caxias,3301702,Baixada Fluminense,1,0,0,1,3,,4,5,,14,7,1,0,5,1,2,8,1,1,1,0,0,0.0,0,0,0.0,4,15,6,0,2,0,0.0,10,18,0,0,0,13,0,0.0,0.0,0.0,0,3.0,0.0,2.0,0.0,14,0,0,0,0,0,99,3
62,2,2021,2021-02-01,15,3,Duque de Caxias,3301702,Baixada Fluminense,6,0,0,6,1,,7,2,,43,4,2,13,54,9,8,71,50,6,4,0,0,0.0,0,0,0.0,14,145,8,2,2,3,1.0,26,42,0,0,0,25,11,0.0,11.0,0.0,12,23.0,4.0,4.0,0.0,49,5,0,0,0,0,394,3
63,2,2021,2021-02-01,24,3,Japeri,3302270,Baixada Fluminense,2,0,0,2,9,,11,4,,25,2,1,0,10,2,0,12,8,0,0,1,0,0.0,0,0,0.0,2,23,6,2,0,1,0.0,13,22,0,0,0,3,8,3.0,4.0,1.0,2,8.0,1.0,5.0,0.0,15,1,0,0,0,0,139,3
64,2,2021,2021-02-01,21,3,São João de Meriti,3305109,Baixada Fluminense,6,0,0,6,8,,14,22,,91,13,1,38,131,54,77,262,119,26,6,0,0,1.0,0,2,0.0,58,474,38,19,5,10,1.0,103,176,0,3,0,158,15,0.0,14.0,1.0,11,63.0,12.0,5.0,1.0,80,8,0,0,0,0,1267,3
65,2,2021,2021-02-01,34,3,Magé,3302502,Baixada Fluminense,3,0,0,3,2,,5,3,,22,3,0,10,2,2,0,4,2,4,0,1,0,0.0,0,0,0.0,1,12,3,1,1,1,1.0,21,28,0,0,0,4,8,0.0,6.0,2.0,3,11.0,4.0,2.0,0.0,10,3,0,0,0,0,144,3
66,2,2021,2021-02-01,34,3,Magé,3302502,Baixada Fluminense,2,0,0,2,0,,2,4,,67,6,2,15,10,12,0,22,14,1,3,0,0,0.0,0,0,0.0,4,44,8,2,0,6,2.0,40,58,0,2,0,21,7,3.0,4.0,0.0,7,14.0,5.0,12.0,0.0,63,6,1,0,0,0,367,3
67,2,2021,2021-02-01,34,3,Guapimirim,3301850,Baixada Fluminense,1,0,0,1,1,,2,0,,17,3,2,9,3,0,0,3,3,0,1,0,0,0.0,0,0,0.0,0,7,2,2,0,1,1.0,3,9,0,0,0,3,3,1.0,1.0,1.0,8,7.0,0.0,5.0,0.0,18,2,0,0,0,0,123,3
1,3,2021,2021-03-01,5,1,Rio de Janeiro,3304557,Capital,0,0,0,0,0,,0,0,,10,2,0,5,63,21,9,93,0,0,4,0,0,0.0,0,2,0.0,5,104,2,48,8,19,7.0,72,156,0,0,0,140,3,2.0,1.0,0.0,3,15.0,2.0,7.0,0.0,19,0,0,0,0,0,620,3
4,3,2021,2021-03-01,5,1,Rio de Janeiro,3304557,Capital,0,0,0,0,0,,0,0,,15,1,0,12,35,14,15,64,4,0,2,0,0,0.0,0,0,0.0,7,77,3,27,8,19,3.0,37,97,0,1,0,8,11,4.0,5.0,2.0,3,19.0,4.0,4.0,0.0,12,3,1,0,0,0,321,3
5,3,2021,2021-03-01,5,1,Rio de Janeiro,3304557,Capital,0,0,0,0,0,,0,1,,34,1,0,12,90,21,4,115,3,1,7,0,0,0.0,0,4,2.0,14,146,23,26,4,32,4.0,109,198,0,4,0,126,16,8.0,8.0,2.0,6,45.0,2.0,13.0,1.0,33,1,0,0,0,0,787,3
6,3,2021,2021-03-01,4,1,Rio de Janeiro,3304557,Capital,0,0,0,0,4,,4,3,,23,2,3,25,36,9,18,63,10,3,1,0,0,0.0,0,0,0.0,16,93,2,9,6,17,1.0,58,93,0,0,0,24,9,4.0,5.0,0.0,26,19.0,2.0,6.0,0.0,21,2,1,0,0,0,421,3
7,3,2021,2021-03-01,5,1,Rio de Janeiro,3304557,Capital,0,0,0,0,1,,1,4,,8,0,0,0,7,3,7,17,6,0,1,2,0,0.0,0,0,0.0,11,37,8,2,1,2,0.0,16,29,0,0,0,7,3,0.0,2.0,1.0,9,1.0,1.0,3.0,0.0,8,0,0,0,0,0,147,3
9,3,2021,2021-03-01,2,1,Rio de Janeiro,3304557,Capital,0,0,0,0,1,,1,5,,29,1,1,14,59,19,13,91,13,2,6,3,0,0.0,0,1,1.0,12,129,28,18,6,26,5.0,84,167,0,2,1,141,10,8.0,1.0,1.0,3,21.0,0.0,6.0,0.0,19,1,0,0,0,0,683,3
10,3,2021,2021-03-01,2,1,Rio de Janeiro,3304557,Capital,0,0,0,0,0,,0,0,,23,2,0,18,20,11,2,33,7,0,6,0,0,0.0,0,2,5.0,8,61,12,14,10,24,12.0,140,212,0,6,0,136,7,4.0,4.0,0.0,2,27.0,12.0,1.0,1.0,26,0,1,0,0,0,642,3
11,3,2021,2021-03-01,23,1,Rio de Janeiro,3304557,Capital,0,0,0,0,0,,0,1,,13,3,0,0,0,0,0,0,1,0,0,0,0,0.0,0,0,0.0,2,3,1,3,1,1,0.0,3,9,0,1,0,10,2,0.0,2.0,0.0,0,1.0,0.0,0.0,0.0,12,5,0,0,0,0,79,3
12,3,2021,2021-03-01,19,1,Rio de Janeiro,3304557,Capital,0,0,0,0,0,,0,0,,31,1,0,4,37,9,1,47,1,1,5,0,0,0.0,0,0,0.0,3,57,4,30,10,26,8.0,83,161,0,2,0,77,18,10.0,8.0,0.0,0,44.0,17.0,16.0,0.0,22,1,2,0,0,0,587,3
13,3,2021,2021-03-01,19,1,Rio de Janeiro,3304557,Capital,0,0,0,0,0,,0,1,,8,1,0,4,12,5,2,19,1,0,2,0,0,0.0,0,0,0.0,1,23,1,23,4,12,12.0,63,115,0,2,0,54,9,4.0,5.0,0.0,0,35.0,7.0,6.0,0.0,6,3,0,0,0,0,292,3
14,3,2021,2021-03-01,23,1,Rio de Janeiro,3304557,Capital,0,0,0,0,0,,0,0,,10,0,0,9,30,9,2,41,2,0,4,1,0,0.0,0,0,0.0,10,58,4,27,1,41,17.0,98,188,0,1,0,56,20,15.0,5.0,1.0,1,33.0,7.0,2.0,0.0,6,0,0,0,0,0,445,3
15,3,2021,2021-03-01,23,1,Rio de Janeiro,3304557,Capital,0,0,0,0,0,,0,0,,10,1,0,11,12,2,2,16,9,0,1,1,0,0.0,0,0,0.0,2,29,9,4,7,8,1.0,33,62,0,0,0,50,5,4.0,1.0,0.0,3,10.0,1.0,3.0,0.0,10,0,0,0,0,0,258,3
16,3,2021,2021-03-01,31,2,Rio de Janeiro,3304557,Capital,3,0,0,3,2,,5,2,,52,5,0,35,65,26,20,111,2,2,10,5,0,0.0,1,1,0.0,39,171,13,17,27,76,10.0,294,437,0,9,0,261,43,37.0,6.0,0.0,8,52.0,25.0,17.0,1.0,71,5,0,0,1,0,1475,3
17,3,2021,2021-03-01,4,1,Rio de Janeiro,3304557,Capital,1,0,0,1,1,,2,2,,26,1,2,30,33,17,26,76,23,1,0,0,0,0.0,0,0,0.0,22,122,6,15,13,8,0.0,74,116,0,1,1,38,15,5.0,4.0,6.0,12,40.0,0.0,8.0,2.0,25,0,1,0,0,0,475,3
18,3,2021,2021-03-01,6,1,Rio de Janeiro,3304557,Capital,0,0,0,0,0,,0,0,,7,1,0,9,39,15,6,60,20,1,10,0,0,0.0,0,0,0.0,7,98,2,11,10,30,0.0,95,148,0,1,0,35,0,0.0,0.0,0.0,4,8.0,0.0,10.0,0.0,6,0,0,0,0,0,375,3
19,3,2021,2021-03-01,6,1,Rio de Janeiro,3304557,Capital,3,0,0,3,0,,3,25,,27,0,0,14,34,24,6,64,18,1,9,0,0,0.0,0,0,0.0,12,104,2,23,3,15,6.0,104,153,0,2,1,126,10,4.0,5.0,1.0,5,37.0,3.0,6.0,0.0,27,4,0,0,0,0,653,3
20,3,2021,2021-03-01,6,1,Rio de Janeiro,3304557,Capital,0,0,0,0,5,,5,4,,25,1,0,11,43,6,2,51,23,1,3,3,0,0.0,0,0,0.0,17,98,2,10,5,8,2.0,113,140,0,0,0,89,7,4.0,3.0,0.0,2,28.0,1.0,6.0,0.0,25,0,0,0,0,0,535,3
21,3,2021,2021-03-01,22,1,Rio de Janeiro,3304557,Capital,3,0,0,3,1,,4,3,,44,5,2,39,92,31,71,194,30,5,6,0,0,0.0,0,0,0.0,29,264,17,19,15,23,0.0,212,286,0,3,0,87,11,3.0,7.0,1.0,47,50.0,1.0,32.0,0.0,39,7,0,0,0,0,1047,3
22,3,2021,2021-03-01,16,1,Rio de Janeiro,3304557,Capital,2,0,0,2,6,,8,1,,45,3,0,26,46,23,14,83,14,14,2,1,0,0.0,0,0,0.0,12,126,22,14,15,19,0.0,179,249,0,1,0,112,17,0.0,16.0,1.0,23,26.0,3.0,9.0,1.0,64,7,0,0,0,0,919,3
23,3,2021,2021-03-01,3,1,Rio de Janeiro,3304557,Capital,3,0,0,3,0,,3,4,,24,1,1,5,36,17,2,55,18,1,1,0,0,0.0,0,2,0.0,14,91,7,7,4,5,1.0,55,79,0,1,0,44,7,4.0,3.0,1.0,6,9.0,3.0,3.0,0.0,21,1,0,0,0,0,393,3
24,3,2021,2021-03-01,3,1,Rio de Janeiro,3304557,Capital,1,0,1,2,2,,4,0,,23,1,1,22,83,26,3,112,46,5,5,0,0,0.0,0,3,0.0,26,197,8,11,3,3,0.0,39,64,0,0,0,25,5,1.0,3.0,1.0,12,17.0,0.0,5.0,1.0,22,1,0,0,0,0,425,3
25,3,2021,2021-03-01,3,1,Rio de Janeiro,3304557,Capital,0,0,1,1,4,,5,5,,23,2,0,7,44,13,17,74,21,4,6,1,0,0.0,0,0,0.0,41,147,3,4,6,3,0.0,39,55,0,0,0,17,15,4.0,11.0,0.0,20,26.0,0.0,8.0,0.0,26,1,0,0,0,0,407,3
26,3,2021,2021-03-01,3,1,Rio de Janeiro,3304557,Capital,1,0,0,1,2,,3,2,,23,1,1,9,48,8,10,66,30,3,6,1,0,0.0,1,1,0.0,13,121,3,7,8,4,0.0,58,80,0,1,1,65,7,4.0,3.0,0.0,11,11.0,2.0,4.0,0.0,27,2,2,0,0,0,482,3
27,3,2021,2021-03-01,41,2,Rio de Janeiro,3304557,Capital,2,0,0,2,1,,3,6,,41,8,2,22,84,31,49,164,52,7,6,0,0,0.0,0,2,0.0,42,273,19,3,3,9,0.0,97,131,0,2,0,69,5,1.0,3.0,1.0,66,40.0,3.0,5.0,1.0,34,5,0,0,0,0,749,3
28,3,2021,2021-03-01,18,2,Rio de Janeiro,3304557,Capital,0,0,0,0,0,,0,4,,28,5,0,13,36,16,5,57,23,0,3,0,0,0.0,0,0,0.0,13,96,7,2,12,9,1.0,43,74,0,1,0,46,1,0.0,1.0,0.0,7,8.0,2.0,3.0,0.0,36,2,1,0,0,0,379,3
29,3,2021,2021-03-01,9,2,Rio de Janeiro,3304557,Capital,4,0,0,4,2,,6,0,,36,4,3,21,132,49,26,207,45,4,11,0,0,0.0,0,0,0.0,37,304,12,36,33,18,0.0,124,223,0,1,0,96,4,2.0,1.0,1.0,12,23.0,3.0,7.0,1.0,42,5,0,0,0,0,943,3
30,3,2021,2021-03-01,9,2,Rio de Janeiro,3304557,Capital,0,0,0,0,1,,1,0,,39,3,0,8,42,32,9,83,53,3,6,0,0,0.0,0,1,0.0,16,162,20,6,2,7,1.0,45,81,0,0,1,42,5,0.0,5.0,0.0,24,24.0,3.0,1.0,0.0,43,1,0,0,0,0,476,3
31,3,2021,2021-03-01,41,2,Rio de Janeiro,3304557,Capital,9,0,1,10,3,,13,7,,44,6,0,13,87,12,15,114,82,11,2,1,0,0.0,1,0,0.0,23,234,15,5,6,12,0.0,47,85,0,1,0,48,9,1.0,6.0,2.0,77,34.0,5.0,5.0,0.0,38,5,0,0,0,0,668,3
32,3,2021,2021-03-01,18,2,Rio de Janeiro,3304557,Capital,5,0,0,5,1,,6,2,,115,4,6,38,122,39,43,204,23,3,10,5,0,0.0,0,0,1.0,35,281,23,19,31,33,1.0,218,325,0,6,0,206,10,1.0,7.0,2.0,24,62.0,3.0,10.0,0.0,124,7,1,0,0,0,1442,3
33,3,2021,2021-03-01,14,2,Rio de Janeiro,3304557,Capital,4,0,0,4,4,,8,7,,74,5,1,34,99,43,9,151,87,9,8,1,0,0.0,0,2,0.0,32,290,27,12,14,8,5.0,76,142,0,2,0,61,11,1.0,8.0,2.0,51,40.0,5.0,8.0,0.0,62,4,0,0,0,0,844,3
34,3,2021,2021-03-01,14,2,Rio de Janeiro,3304557,Capital,7,0,0,7,11,,18,9,,119,11,0,16,123,48,43,214,95,10,7,2,0,0.0,0,7,0.0,44,379,34,11,5,14,0.0,121,185,0,3,0,109,53,8.0,12.0,34.0,33,83.0,7.0,28.0,0.0,98,10,0,0,0,0,1257,3
35,3,2021,2021-03-01,40,2,Rio de Janeiro,3304557,Capital,4,0,1,5,0,,5,5,,178,19,7,56,54,25,16,95,75,13,11,4,0,0.0,0,4,0.0,25,227,64,34,4,17,0.0,115,234,0,0,0,193,2,1.0,1.0,0.0,37,74.0,7.0,20.0,0.0,124,12,0,0,0,0,1272,3
36,3,2021,2021-03-01,27,2,Rio de Janeiro,3304557,Capital,5,0,0,5,0,,5,4,,123,9,6,14,33,18,14,65,14,0,2,1,0,0.0,0,0,0.0,16,98,19,11,2,16,0.0,68,116,0,2,0,93,2,0.0,2.0,0.0,6,26.0,0.0,10.0,0.0,97,11,0,0,0,0,749,3
37,3,2021,2021-03-01,17,1,Rio de Janeiro,3304557,Capital,2,0,0,2,3,,5,2,,39,2,1,35,30,8,3,41,8,2,1,0,0,0.0,0,0,0.0,14,66,9,16,10,8,1.0,68,112,0,3,1,113,4,1.0,3.0,0.0,24,28.0,0.0,9.0,0.0,49,3,0,0,0,0,727,3
38,3,2021,2021-03-01,16,1,Rio de Janeiro,3304557,Capital,2,0,0,2,1,,3,1,,49,3,0,21,62,24,8,94,36,10,4,0,0,1.0,1,4,0.0,33,183,23,0,2,6,0.0,37,68,0,2,1,35,9,3.0,6.0,0.0,57,11.0,3.0,9.0,0.0,41,3,0,0,0,0,558,3
39,3,2021,2021-03-01,41,2,Rio de Janeiro,3304557,Capital,4,0,0,4,8,,12,5,,35,4,5,14,64,20,45,129,120,16,1,0,0,0.0,0,2,0.0,72,340,13,8,4,4,1.0,28,58,0,0,1,52,10,0.0,10.0,0.0,105,17.0,2.0,5.0,2.0,31,6,0,0,0,0,760,3
40,3,2021,2021-03-01,9,2,Rio de Janeiro,3304557,Capital,1,0,0,1,0,,1,0,,24,1,1,16,99,26,39,164,31,2,5,1,0,0.0,0,2,0.0,34,239,21,10,2,2,0.0,34,69,0,1,0,32,4,0.0,3.0,1.0,60,17.0,3.0,4.0,0.0,34,0,0,0,0,0,542,3
41,3,2021,2021-03-01,18,2,Rio de Janeiro,3304557,Capital,0,0,0,0,0,,0,1,,29,0,0,13,42,11,0,53,10,0,3,0,0,1.0,1,0,0.0,10,78,5,4,19,19,0.0,59,106,0,1,0,60,1,0.0,1.0,0.0,1,13.0,0.0,7.0,0.0,47,2,0,0,0,0,445,3
42,3,2021,2021-03-01,31,2,Rio de Janeiro,3304557,Capital,2,0,0,2,0,,2,1,,48,2,1,20,21,9,6,36,11,3,4,1,0,0.0,0,2,0.0,15,72,26,4,7,20,6.0,99,162,0,3,0,85,78,73.0,3.0,2.0,6,10.0,1.0,14.0,0.0,64,3,0,0,0,0,721,3
43,3,2021,2021-03-01,27,2,Rio de Janeiro,3304557,Capital,2,0,0,2,0,,2,1,,110,9,0,29,18,14,10,42,11,3,1,1,0,0.0,0,0,0.0,4,62,15,1,5,14,1.0,28,64,0,1,0,20,0,0.0,0.0,0.0,17,20.0,0.0,7.0,0.0,75,7,0,0,0,0,477,3
44,3,2021,2021-03-01,3,1,Rio de Janeiro,3304557,Capital,0,0,0,0,1,,1,9,,27,0,1,21,51,26,30,107,25,2,1,2,0,0.0,1,0,0.0,35,173,7,4,2,7,0.0,70,90,0,0,0,33,4,2.0,2.0,0.0,3,16.0,2.0,3.0,1.0,28,3,1,0,0,0,434,3
48,3,2021,2021-03-01,24,3,Seropédica,3305554,Baixada Fluminense,1,0,1,2,0,,2,0,,30,3,1,8,2,10,0,12,8,2,0,0,0,0.0,0,0,0.0,3,25,6,0,0,4,1.0,17,28,0,0,0,20,5,2.0,3.0,0.0,4,14.0,0.0,5.0,0.0,20,3,0,0,0,0,195,3
50,3,2021,2021-03-01,24,3,Itaguaí,3302007,Baixada Fluminense,3,0,0,3,1,,4,1,,34,11,3,7,17,7,0,24,5,3,2,1,0,0.0,0,0,0.0,3,38,6,4,0,6,1.0,53,70,0,3,1,24,9,4.0,5.0,0.0,5,23.0,2.0,14.0,0.0,56,6,0,0,0,0,395,3
51,3,2021,2021-03-01,24,3,Paracambi,3303609,Baixada Fluminense,4,0,0,4,0,,4,3,,18,2,0,2,2,0,0,2,4,0,0,0,0,0.0,0,0,0.0,4,10,1,1,0,3,0.0,10,15,0,0,0,17,3,0.0,3.0,0.0,1,13.0,0.0,3.0,0.0,17,1,0,0,0,0,118,3
52,3,2021,2021-03-01,20,3,Nova Iguaçu,3303500,Baixada Fluminense,0,0,0,0,1,,1,3,,43,0,2,22,69,44,28,141,51,2,5,0,0,1.0,0,4,0.0,36,240,17,17,5,19,2.0,95,155,0,2,0,70,12,10.0,1.0,1.0,13,35.0,0.0,18.0,1.0,51,5,0,0,0,0,748,3
53,3,2021,2021-03-01,20,3,Mesquita,3302858,Baixada Fluminense,5,0,0,5,0,,5,4,,60,2,0,12,80,24,22,126,23,2,1,0,0,0.0,0,1,0.0,6,159,10,4,1,4,0.0,27,46,0,0,0,15,5,0.0,5.0,0.0,15,24.0,1.0,5.0,0.0,38,13,0,0,0,0,461,3
54,3,2021,2021-03-01,39,3,Belford Roxo,3300456,Baixada Fluminense,13,0,0,13,14,,27,7,,138,15,0,51,102,29,17,148,158,21,3,1,0,1.0,0,2,0.0,51,385,27,8,2,10,1.0,43,91,0,2,0,37,14,2.0,12.0,0.0,28,62.0,6.0,16.0,0.0,118,11,0,0,0,0,1047,3
55,3,2021,2021-03-01,24,3,Queimados,3304144,Baixada Fluminense,4,0,1,5,3,,8,3,,51,4,3,24,37,15,11,63,15,3,10,2,0,1.0,0,2,0.0,12,108,5,7,1,6,1.0,34,54,0,0,0,18,4,0.0,4.0,0.0,6,25.0,1.0,4.0,0.0,33,5,0,0,0,0,378,3
56,3,2021,2021-03-01,20,3,Nova Iguaçu,3303500,Baixada Fluminense,4,0,0,4,0,,4,3,,117,5,1,18,67,24,13,104,42,5,11,3,0,2.0,0,2,0.0,23,192,11,4,2,4,0.0,27,48,0,3,0,33,5,1.0,4.0,0.0,14,16.0,2.0,5.0,0.0,90,4,0,0,0,0,594,3
57,3,2021,2021-03-01,20,3,Nilópolis,3303203,Baixada Fluminense,2,0,0,2,0,,2,1,,51,3,0,1,62,34,6,102,56,2,4,1,0,0.0,0,2,1.0,24,192,16,11,0,6,1.0,40,74,0,0,0,34,4,2.0,2.0,0.0,7,15.0,4.0,3.0,0.0,53,4,0,0,0,0,523,3
58,3,2021,2021-03-01,20,3,Nova Iguaçu,3303500,Baixada Fluminense,14,0,1,15,0,,15,4,,155,14,2,22,69,46,18,133,62,9,1,3,0,0.0,0,0,0.0,29,237,16,3,0,11,0.0,37,67,0,1,0,30,6,5.0,2.0,0.0,22,32.0,2.0,13.0,0.0,121,6,0,0,0,0,770,3
59,3,2021,2021-03-01,15,3,Duque de Caxias,3301702,Baixada Fluminense,13,0,0,13,2,,15,9,,126,17,4,37,242,15,67,324,105,22,7,3,0,1.0,0,5,0.0,59,526,35,27,3,11,0.0,115,191,0,2,0,85,10,5.0,5.0,0.0,56,60.0,2.0,23.0,1.0,127,7,0,0,0,0,1355,3
60,3,2021,2021-03-01,15,3,Duque de Caxias,3301702,Baixada Fluminense,11,0,0,11,7,,18,4,,79,6,8,24,100,22,33,155,75,23,5,1,0,0.0,0,0,1.0,17,277,26,1,1,2,0.0,18,48,0,2,0,38,16,0.0,16.0,0.0,19,47.0,6.0,12.0,0.0,66,10,1,0,0,0,715,3
61,3,2021,2021-03-01,15,3,Duque de Caxias,3301702,Baixada Fluminense,3,0,0,3,0,,3,1,,18,3,0,3,2,5,1,8,1,2,2,0,0,0.0,0,0,0.0,1,14,2,1,0,3,0.0,14,20,0,0,0,11,0,0.0,0.0,0.0,3,8.0,0.0,1.0,0.0,22,0,0,0,0,0,115,3
62,3,2021,2021-03-01,15,3,Duque de Caxias,3301702,Baixada Fluminense,4,0,0,4,2,,6,3,,54,9,2,11,78,13,5,96,60,6,5,1,0,0.0,0,1,2.0,17,188,11,4,2,4,0.0,20,41,0,2,0,13,9,0.0,9.0,0.0,22,24.0,0.0,4.0,0.0,48,4,0,0,0,0,473,3
63,3,2021,2021-03-01,24,3,Japeri,3302270,Baixada Fluminense,4,0,0,4,6,,10,7,,34,0,2,11,16,6,0,22,7,2,0,0,0,0.0,0,1,0.0,8,40,5,0,0,1,1.0,13,20,0,0,0,9,9,2.0,7.0,0.0,4,9.0,0.0,4.0,0.0,20,4,0,0,0,0,219,3
64,3,2021,2021-03-01,21,3,São João de Meriti,3305109,Baixada Fluminense,12,1,0,13,2,,15,13,,124,8,6,31,140,63,106,309,140,21,15,4,0,0.0,0,5,0.0,79,573,31,13,7,8,0.0,96,155,0,5,1,195,14,1.0,12.0,1.0,16,58.0,4.0,14.0,2.0,92,7,0,0,0,0,1451,3
65,3,2021,2021-03-01,34,3,Magé,3302502,Baixada Fluminense,1,0,0,1,2,,3,1,,30,5,2,8,7,1,2,10,4,0,2,0,0,0.0,0,0,0.0,0,16,3,0,1,4,1.0,16,25,0,0,0,14,15,2.0,12.0,2.0,2,21.0,1.0,8.0,0.0,17,1,0,0,0,0,177,3
66,3,2021,2021-03-01,34,3,Magé,3302502,Baixada Fluminense,2,0,0,2,0,,2,7,,69,4,3,14,15,10,0,25,12,0,3,0,0,0.0,0,1,0.0,7,48,9,4,0,5,2.0,29,49,0,0,0,21,15,13.0,2.0,0.0,5,29.0,6.0,12.0,0.0,64,7,0,0,0,0,362,3
67,3,2021,2021-03-01,34,3,Guapimirim,3301850,Baixada Fluminense,0,0,0,0,0,,0,0,,14,3,1,5,3,4,0,7,4,0,3,1,0,0.0,0,0,0.0,2,17,5,0,0,0,0.0,11,16,0,2,0,9,8,4.0,4.0,0.0,5,11.0,4.0,10.0,0.0,15,2,0,0,0,0,153,3
1,4,2021,2021-04-01,5,1,Rio de Janeiro,3304557,Capital,0,0,0,0,0,,0,1,,6,0,0,5,39,11,14,64,0,1,5,1,0,0.0,0,1,0.0,3,75,2,21,6,15,2.0,49,95,0,0,0,126,3,2.0,1.0,0.0,0,13.0,0.0,4.0,0.0,7,0,0,0,0,0,427,3
4,4,2021,2021-04-01,5,1,Rio de Janeiro,3304557,Capital,0,0,0,0,2,,2,5,,15,0,1,5,28,2,24,54,0,1,1,0,0,0.0,0,0,0.0,6,62,0,24,15,21,2.0,63,125,0,2,0,22,9,5.0,3.0,1.0,5,12.0,0.0,13.0,0.0,15,4,0,0,0,0,345,3
5,4,2021,2021-04-01,5,1,Rio de Janeiro,3304557,Capital,0,0,0,0,0,,0,0,,26,1,0,9,93,15,14,122,2,1,2,1,0,1.0,0,1,0.0,13,143,7,34,8,18,4.0,63,134,0,1,0,119,17,10.0,6.0,1.0,3,35.0,1.0,12.0,1.0,31,1,1,0,0,0,667,3
6,4,2021,2021-04-01,4,1,Rio de Janeiro,3304557,Capital,2,0,0,2,4,,6,4,,14,1,0,16,28,7,17,52,13,5,2,0,0,0.0,0,0,0.0,9,81,7,5,5,9,1.0,33,60,0,1,0,38,5,0.0,4.0,1.0,28,21.0,6.0,4.0,0.0,9,0,0,0,0,0,349,3
7,4,2021,2021-04-01,5,1,Rio de Janeiro,3304557,Capital,0,0,0,0,0,,0,6,,3,1,0,1,15,5,4,24,4,0,0,2,0,0.0,0,0,0.0,6,36,3,0,0,1,0.0,13,17,0,0,0,14,3,0.0,3.0,0.0,1,5.0,2.0,2.0,0.0,10,0,0,0,0,0,123,3
9,4,2021,2021-04-01,2,1,Rio de Janeiro,3304557,Capital,0,0,0,0,0,,0,0,,15,3,0,8,65,21,5,91,14,0,1,1,0,0.0,0,0,3.0,9,119,23,20,6,16,7.0,52,124,0,4,0,100,6,6.0,0.0,0.0,1,23.0,5.0,4.0,0.0,18,0,0,0,0,0,567,3
10,4,2021,2021-04-01,2,1,Rio de Janeiro,3304557,Capital,0,0,0,0,0,,0,3,,14,0,0,12,35,9,3,47,3,1,6,0,0,0.0,0,0,1.0,7,65,14,11,18,16,9.0,114,182,0,1,0,109,9,7.0,2.0,0.0,1,29.0,18.0,1.0,1.0,21,4,1,0,0,0,564,3
11,4,2021,2021-04-01,23,1,Rio de Janeiro,3304557,Capital,0,0,0,0,0,,0,0,,13,1,0,0,0,1,0,1,0,0,1,0,0,0.0,0,0,0.0,0,2,1,3,1,2,0.0,5,12,0,0,0,7,1,0.0,1.0,0.0,0,5.0,0.0,2.0,0.0,9,2,0,0,0,0,55,3
12,4,2021,2021-04-01,19,1,Rio de Janeiro,3304557,Capital,1,0,0,1,0,,1,0,,20,6,0,6,18,3,1,22,0,0,2,0,0,0.0,0,0,1.0,2,27,2,22,11,35,8.0,82,160,0,4,0,85,18,14.0,4.0,0.0,2,36.0,16.0,17.0,2.0,26,3,0,0,0,0,566,3
13,4,2021,2021-04-01,19,1,Rio de Janeiro,3304557,Capital,0,0,0,0,0,,0,0,,19,7,0,0,13,4,3,20,0,0,4,0,0,0.0,0,0,0.0,1,25,0,8,4,20,6.0,58,96,0,2,0,65,15,13.0,2.0,0.0,0,18.0,17.0,6.0,1.0,12,3,0,0,0,0,326,3
14,4,2021,2021-04-01,23,1,Rio de Janeiro,3304557,Capital,0,0,0,0,0,,0,0,,6,1,1,4,13,8,1,22,1,1,2,0,0,0.0,0,0,0.0,5,31,1,16,4,27,15.0,98,161,0,4,0,40,20,15.0,4.0,1.0,5,38.0,5.0,2.0,0.0,18,0,0,0,0,0,411,3
15,4,2021,2021-04-01,23,1,Rio de Janeiro,3304557,Capital,0,0,0,0,0,,0,0,,12,1,1,8,9,6,3,18,7,0,1,1,0,0.0,0,0,0.0,3,30,2,5,7,6,1.0,43,64,0,0,0,50,2,2.0,0.0,0.0,2,6.0,0.0,4.0,0.0,12,0,0,0,0,0,253,3
16,4,2021,2021-04-01,31,2,Rio de Janeiro,3304557,Capital,0,1,0,1,0,,1,0,,25,2,4,31,60,25,17,102,10,3,7,1,0,0.0,0,0,0.0,37,160,8,20,37,57,2.0,247,371,0,8,0,214,15,14.0,1.0,0.0,5,42.0,6.0,8.0,0.0,53,1,0,1,0,0,1176,3
17,4,2021,2021-04-01,4,1,Rio de Janeiro,3304557,Capital,1,0,0,1,1,,2,2,,9,0,1,21,30,20,23,73,15,3,1,0,0,0.0,0,0,0.0,15,107,13,8,4,17,0.0,83,125,0,1,0,34,10,3.0,5.0,2.0,11,23.0,4.0,11.0,0.0,11,1,0,0,0,0,422,3
18,4,2021,2021-04-01,6,1,Rio de Janeiro,3304557,Capital,1,0,0,1,0,,1,1,,12,1,0,10,26,9,12,47,19,0,4,1,0,0.0,0,0,2.0,6,79,3,8,5,19,1.0,63,99,0,0,0,32,7,2.0,5.0,0.0,4,25.0,2.0,3.0,1.0,4,0,0,0,0,0,314,3
19,4,2021,2021-04-01,6,1,Rio de Janeiro,3304557,Capital,1,0,0,1,1,,2,19,,18,0,0,4,34,14,8,56,25,0,12,0,0,0.0,0,0,1.0,4,98,5,16,7,19,5.0,93,145,0,4,0,107,6,2.0,4.0,0.0,6,28.0,0.0,5.0,0.0,22,3,0,0,0,0,579,3
20,4,2021,2021-04-01,6,1,Rio de Janeiro,3304557,Capital,0,0,0,0,2,,2,8,,17,0,1,11,37,8,7,52,10,0,4,2,0,0.0,0,0,0.0,8,76,4,8,7,10,3.0,101,133,0,1,0,75,6,3.0,2.0,1.0,2,12.0,2.0,6.0,0.0,24,2,0,0,0,0,478,3
21,4,2021,2021-04-01,22,1,Rio de Janeiro,3304557,Capital,5,0,1,6,4,,10,2,,37,6,3,32,98,38,92,228,29,6,6,0,0,1.0,1,2,0.0,23,296,17,13,17,16,0.0,122,185,0,3,0,74,9,4.0,2.0,3.0,31,31.0,3.0,80.0,1.0,24,9,1,0,0,0,954,3
22,4,2021,2021-04-01,16,1,Rio de Janeiro,3304557,Capital,5,0,0,5,0,,5,6,,27,0,1,17,52,21,14,87,29,10,2,2,0,0.0,0,0,0.0,20,150,25,13,16,15,0.0,132,201,0,1,0,86,11,1.0,10.0,0.0,20,11.0,3.0,1.0,0.0,40,6,0,0,0,0,768,3
23,4,2021,2021-04-01,3,1,Rio de Janeiro,3304557,Capital,2,0,0,2,0,,2,0,,16,0,1,4,34,9,8,51,17,2,1,1,0,0.0,0,0,0.0,12,84,7,10,3,8,3.0,52,83,0,1,0,35,0,0.0,0.0,0.0,10,11.0,0.0,5.0,1.0,19,5,0,0,0,0,353,3
24,4,2021,2021-04-01,3,1,Rio de Janeiro,3304557,Capital,1,0,0,1,4,,5,2,,27,4,1,18,53,19,2,74,34,1,0,1,0,0.0,0,2,0.0,24,136,8,3,6,5,0.0,46,68,0,0,0,24,1,0.0,0.0,1.0,11,13.0,0.0,8.0,0.0,20,3,0,0,0,0,366,3
25,4,2021,2021-04-01,3,1,Rio de Janeiro,3304557,Capital,2,0,1,3,0,,3,8,,23,0,0,10,34,15,15,64,15,5,2,0,0,0.0,0,0,0.0,30,116,12,3,6,3,0.0,46,70,0,1,0,25,19,2.0,16.0,1.0,16,38.0,2.0,7.0,1.0,15,1,0,0,0,0,373,3
26,4,2021,2021-04-01,3,1,Rio de Janeiro,3304557,Capital,0,0,0,0,2,,2,4,,12,0,0,6,34,8,6,48,18,5,2,0,0,0.0,0,1,0.0,21,95,4,9,3,7,0.0,59,82,0,3,0,62,4,1.0,3.0,0.0,8,15.0,1.0,6.0,0.0,20,1,0,0,0,0,428,3
27,4,2021,2021-04-01,41,2,Rio de Janeiro,3304557,Capital,1,0,2,3,2,,5,3,,37,3,2,15,67,26,29,122,50,7,1,2,0,0.0,0,2,0.0,15,199,22,4,3,12,0.0,64,105,0,1,0,56,3,1.0,2.0,0.0,63,29.0,0.0,9.0,0.0,41,1,0,0,0,0,618,3
28,4,2021,2021-04-01,18,2,Rio de Janeiro,3304557,Capital,2,0,0,2,1,,3,2,,27,2,0,6,25,10,4,39,17,1,1,1,0,0.0,0,0,0.0,4,63,6,3,12,1,0.0,28,50,0,2,0,39,1,0.0,1.0,0.0,6,9.0,0.0,3.0,0.0,29,0,0,0,0,0,298,3
29,4,2021,2021-04-01,9,2,Rio de Janeiro,3304557,Capital,4,0,0,4,3,,7,2,,45,2,2,32,97,40,34,171,48,0,13,3,0,0.0,0,2,0.0,28,265,8,17,25,21,1.0,113,185,0,1,0,100,5,0.0,4.0,1.0,28,34.0,1.0,13.0,0.0,31,3,0,0,0,0,854,3
30,4,2021,2021-04-01,9,2,Rio de Janeiro,3304557,Capital,0,0,0,0,1,,1,2,,31,1,3,13,50,16,5,71,46,1,8,0,0,0.0,0,0,1.0,17,144,27,4,3,7,1.0,27,69,0,2,0,24,8,1.0,6.0,1.0,19,13.0,2.0,2.0,0.0,39,2,0,0,0,0,405,3
31,4,2021,2021-04-01,41,2,Rio de Janeiro,3304557,Capital,2,0,0,2,8,,10,1,,30,1,0,15,61,19,19,99,51,17,2,1,0,0.0,0,0,0.0,20,190,12,7,8,2,0.0,20,49,0,2,0,29,4,0.0,4.0,0.0,39,9.0,0.0,2.0,0.0,28,3,1,0,0,0,492,3
32,4,2021,2021-04-01,18,2,Rio de Janeiro,3304557,Capital,4,0,0,4,2,,6,4,,98,8,4,33,98,31,52,181,31,6,14,1,0,0.0,1,0,0.0,37,271,15,14,37,33,8.0,201,308,0,5,0,172,5,1.0,4.0,0.0,19,78.0,5.0,12.0,0.0,98,7,0,0,0,0,1309,3
33,4,2021,2021-04-01,14,2,Rio de Janeiro,3304557,Capital,2,0,0,2,3,,5,1,,51,3,3,31,68,23,13,104,92,11,7,0,0,0.0,0,2,0.0,34,250,44,7,9,14,2.0,98,174,0,0,0,82,11,3.0,8.0,0.0,38,31.0,3.0,3.0,0.0,67,3,0,0,0,0,805,3
34,4,2021,2021-04-01,14,2,Rio de Janeiro,3304557,Capital,4,1,0,5,3,,8,17,,79,13,5,37,104,50,27,181,98,13,3,4,0,0.0,0,6,0.0,24,329,27,7,7,6,0.0,96,143,0,3,0,93,39,7.0,9.0,23.0,37,51.0,2.0,18.0,1.0,80,5,0,0,0,0,1087,3
35,4,2021,2021-04-01,40,2,Rio de Janeiro,3304557,Capital,2,1,0,3,1,,4,2,,170,18,4,49,46,27,9,82,88,4,7,2,0,0.0,0,1,0.0,22,206,60,18,3,22,1.0,88,192,0,5,0,179,8,3.0,5.0,0.0,53,91.0,3.0,10.0,0.0,116,5,1,0,0,0,1139,3
36,4,2021,2021-04-01,27,2,Rio de Janeiro,3304557,Capital,4,0,0,4,0,,4,1,,112,10,2,21,33,3,5,41,10,2,3,0,0,0.0,0,0,0.0,9,65,21,3,3,10,0.0,57,94,0,0,0,69,1,0.0,1.0,0.0,6,27.0,1.0,5.0,0.0,83,6,0,0,0,0,567,3
37,4,2021,2021-04-01,17,1,Rio de Janeiro,3304557,Capital,3,0,0,3,0,,3,0,,50,3,4,25,37,5,5,47,8,0,3,1,0,1.0,0,0,0.0,9,69,6,9,4,7,1.0,52,79,0,0,0,119,2,1.0,1.0,0.0,19,28.0,1.0,4.0,0.0,40,5,0,0,0,0,664,3
38,4,2021,2021-04-01,16,1,Rio de Janeiro,3304557,Capital,2,0,0,2,1,,3,2,,50,4,2,26,50,20,18,88,40,13,3,0,0,1.0,0,1,0.0,33,179,24,0,2,5,0.0,41,72,0,1,0,34,3,1.0,2.0,0.0,65,29.0,0.0,8.0,0.0,40,3,0,0,0,0,582,3
39,4,2021,2021-04-01,41,2,Rio de Janeiro,3304557,Capital,1,1,0,2,7,,9,3,,47,5,2,15,75,20,43,138,110,9,4,0,0,0.0,0,1,0.0,54,316,19,6,2,4,0.0,26,57,0,0,0,39,5,0.0,5.0,0.0,75,29.0,4.0,6.0,0.0,19,3,0,0,0,0,668,3
40,4,2021,2021-04-01,9,2,Rio de Janeiro,3304557,Capital,2,1,0,3,1,,4,0,,41,4,3,13,74,17,26,117,53,4,2,0,0,0.0,0,2,0.0,19,197,13,2,0,6,1.0,36,58,0,2,0,27,4,0.0,4.0,0.0,69,17.0,1.0,3.0,0.0,33,2,0,0,0,0,496,3
41,4,2021,2021-04-01,18,2,Rio de Janeiro,3304557,Capital,0,0,0,0,0,,0,0,,30,4,0,13,27,13,5,45,12,0,6,1,0,0.0,0,1,0.0,5,70,3,3,9,12,0.0,52,79,0,1,0,66,1,0.0,1.0,0.0,5,28.0,0.0,4.0,0.0,37,0,0,0,0,0,406,3
42,4,2021,2021-04-01,31,2,Rio de Janeiro,3304557,Capital,0,0,0,0,0,,0,1,,45,4,0,21,12,8,1,21,9,0,6,2,0,0.0,0,1,0.0,17,56,20,7,5,15,7.0,86,140,0,0,0,79,74,72.0,2.0,0.0,5,19.0,4.0,9.0,0.0,57,1,0,0,0,0,654,3
43,4,2021,2021-04-01,27,2,Rio de Janeiro,3304557,Capital,3,0,0,3,1,,4,5,,90,11,0,23,15,6,1,22,4,1,1,1,0,0.0,0,0,0.0,3,32,9,1,4,17,0.0,23,54,0,5,0,23,2,2.0,0.0,0.0,3,11.0,0.0,6.0,0.0,80,9,0,0,0,0,413,3
44,4,2021,2021-04-01,3,1,Rio de Janeiro,3304557,Capital,2,0,0,2,5,,7,5,,36,2,1,5,76,27,14,117,24,5,0,1,0,0.0,0,0,0.0,41,188,15,2,7,6,0.0,63,93,0,0,0,21,2,0.0,1.0,1.0,9,20.0,0.0,4.0,0.0,21,2,0,0,0,0,441,3
48,4,2021,2021-04-01,24,3,Seropédica,3305554,Baixada Fluminense,4,0,0,4,0,,4,2,,28,3,0,2,2,6,0,8,4,1,3,1,0,0.0,0,0,0.0,2,19,2,1,0,2,0.0,8,13,0,0,0,13,4,2.0,2.0,0.0,1,12.0,1.0,4.0,0.0,16,4,0,0,0,0,151,3
50,4,2021,2021-04-01,24,3,Itaguaí,3302007,Baixada Fluminense,3,0,0,3,2,,5,3,,46,7,4,10,17,2,5,24,7,0,4,0,0,0.0,0,0,0.0,3,38,2,1,1,2,0.0,91,97,0,0,0,35,5,1.0,4.0,1.0,7,14.0,0.0,7.0,0.0,31,8,2,0,0,0,377,3
51,4,2021,2021-04-01,24,3,Paracambi,3303609,Baixada Fluminense,1,0,0,1,0,,1,2,,17,2,1,3,1,0,1,2,0,0,1,0,0,0.0,0,0,0.0,0,3,2,0,0,0,2.0,3,7,0,0,0,13,11,7.0,4.0,0.0,2,15.0,0.0,5.0,0.0,24,1,0,0,0,0,121,3
52,4,2021,2021-04-01,20,3,Nova Iguaçu,3303500,Baixada Fluminense,3,0,0,3,0,,3,5,,47,5,0,13,46,26,18,90,56,6,8,1,0,0.0,0,2,1.0,23,187,38,10,0,9,2.0,70,129,0,0,0,77,5,2.0,2.0,1.0,9,30.0,0.0,10.0,0.0,47,5,0,0,0,0,655,3
53,4,2021,2021-04-01,20,3,Mesquita,3302858,Baixada Fluminense,3,0,0,3,4,,7,6,,47,4,2,29,51,18,19,88,24,2,1,0,0,0.0,0,1,0.0,12,128,12,7,5,9,1.0,22,56,0,0,0,28,3,0.0,1.0,2.0,11,12.0,0.0,8.0,0.0,29,5,0,0,0,0,408,3
54,4,2021,2021-04-01,39,3,Belford Roxo,3300456,Baixada Fluminense,8,0,0,8,8,,16,0,,95,13,0,19,105,24,25,154,89,8,5,1,0,0.0,0,1,0.0,33,291,36,2,3,6,1.0,29,77,0,1,1,46,16,1.0,12.0,3.0,37,38.0,3.0,19.0,0.0,91,11,0,0,0,0,852,3
55,4,2021,2021-04-01,24,3,Queimados,3304144,Baixada Fluminense,3,0,0,3,0,,3,1,,50,4,3,10,30,24,0,54,11,3,4,3,0,0.0,0,1,0.0,5,81,9,4,0,9,1.0,36,59,0,2,0,31,2,0.0,0.0,2.0,3,9.0,1.0,3.0,0.0,45,3,0,0,0,0,351,3
56,4,2021,2021-04-01,20,3,Nova Iguaçu,3303500,Baixada Fluminense,5,0,0,5,2,,7,7,,93,8,4,14,51,27,7,85,31,7,3,8,0,0.0,0,0,0.0,15,149,14,0,0,3,0.0,23,40,0,3,0,26,9,6.0,3.0,0.0,10,15.0,1.0,5.0,0.0,88,4,0,0,0,0,536,3
57,4,2021,2021-04-01,20,3,Nilópolis,3303203,Baixada Fluminense,3,0,0,3,0,,3,1,,37,2,1,8,71,19,9,99,38,2,3,1,0,0.0,0,0,0.0,24,167,11,6,0,3,1.0,50,71,0,0,0,20,1,0.0,1.0,0.0,6,24.0,3.0,5.0,0.0,36,0,0,0,0,0,473,3
58,4,2021,2021-04-01,20,3,Nova Iguaçu,3303500,Baixada Fluminense,11,0,0,11,3,,14,14,,120,12,5,30,57,19,12,88,44,9,3,3,0,0.0,1,0,0.0,12,160,25,3,0,8,0.0,23,59,0,2,0,29,10,7.0,2.0,1.0,17,22.0,0.0,9.0,0.0,131,10,1,0,0,0,714,3
59,4,2021,2021-04-01,15,3,Duque de Caxias,3301702,Baixada Fluminense,2,0,0,2,2,,4,3,,96,16,2,28,207,19,76,302,88,17,10,1,0,0.0,0,11,0.0,25,454,46,33,6,3,0.0,104,192,0,3,0,89,2,1.0,1.0,0.0,45,53.0,2.0,16.0,1.0,80,14,0,0,0,0,1207,3
60,4,2021,2021-04-01,15,3,Duque de Caxias,3301702,Baixada Fluminense,8,0,0,8,4,,12,1,,55,5,6,27,54,17,36,107,84,20,1,2,0,0.0,0,1,0.0,25,240,41,0,1,1,0.0,35,78,0,0,0,37,13,2.0,11.0,0.0,16,37.0,11.0,8.0,0.0,40,5,2,0,0,0,635,3
61,4,2021,2021-04-01,15,3,Duque de Caxias,3301702,Baixada Fluminense,1,0,0,1,0,,1,0,,14,1,0,3,6,3,1,10,1,0,0,1,0,0.0,0,0,0.0,3,15,10,0,0,0,0.0,10,20,0,0,0,2,0,0.0,0.0,0.0,1,6.0,0.0,6.0,0.0,15,0,0,0,0,0,99,3
62,4,2021,2021-04-01,15,3,Duque de Caxias,3301702,Baixada Fluminense,4,0,0,4,4,,8,3,,38,8,1,13,61,17,3,81,32,3,2,0,0,0.0,0,0,0.0,16,134,8,6,2,3,1.0,15,35,0,2,0,16,12,2.0,10.0,0.0,16,36.0,11.0,7.0,0.0,25,2,0,0,0,0,365,3
63,4,2021,2021-04-01,24,3,Japeri,3302270,Baixada Fluminense,3,0,0,3,4,,7,8,,29,3,0,3,8,4,2,14,5,0,0,0,0,0.0,0,0,0.0,6,25,8,1,0,3,0.0,13,25,0,1,0,3,5,1.0,3.0,1.0,4,11.0,1.0,4.0,1.0,15,3,0,0,0,0,172,3
64,4,2021,2021-04-01,21,3,São João de Meriti,3305109,Baixada Fluminense,15,0,1,16,8,,24,10,,102,14,3,40,104,51,78,233,99,21,6,0,0,0.0,0,4,0.0,49,412,41,15,12,8,0.0,105,181,0,8,2,228,18,0.0,17.0,1.0,30,52.0,10.0,11.0,1.0,105,11,0,0,0,0,1398,3
65,4,2021,2021-04-01,34,3,Magé,3302502,Baixada Fluminense,0,0,0,0,1,,1,2,,27,2,0,14,12,4,4,20,7,0,1,0,0,0.0,0,0,0.0,2,30,7,5,1,3,2.0,22,40,0,0,0,14,8,3.0,5.0,0.0,7,7.0,5.0,7.0,0.0,17,1,0,0,0,0,207,3
66,4,2021,2021-04-01,34,3,Magé,3302502,Baixada Fluminense,7,0,0,7,0,,7,2,,42,4,0,11,17,7,1,25,9,0,1,1,0,0.0,0,0,0.0,4,40,6,2,0,6,1.0,25,40,0,0,0,24,19,16.0,5.0,0.0,4,11.0,2.0,12.0,0.0,54,5,0,0,0,0,307,3
67,4,2021,2021-04-01,34,3,Guapimirim,3301850,Baixada Fluminense,2,0,0,2,2,,4,0,,15,6,0,7,0,3,0,3,3,0,1,0,0,0.0,0,0,0.0,0,7,2,1,0,1,0.0,10,14,0,0,0,3,6,1.0,5.0,0.0,6,10.0,0.0,9.0,0.0,20,3,0,0,0,0,145,3
1,5,2021,2021-05-01,5,1,Rio de Janeiro,3304557,Capital,0,0,0,0,0,,0,0,,4,0,3,3,36,12,9,57,0,0,1,0,0,0.0,0,4,0.0,3,65,3,24,7,8,4.0,47,93,0,1,0,179,4,2.0,2.0,0.0,0,39.0,1.0,6.0,0.0,6,0,0,0,0,0,506,3
4,5,2021,2021-05-01,5,1,Rio de Janeiro,3304557,Capital,2,0,0,2,1,,3,0,,9,0,1,4,31,14,22,67,7,0,1,0,0,0.0,0,0,0.0,2,77,3,26,7,24,0.0,59,119,0,1,0,38,7,5.0,2.0,0.0,7,15.0,0.0,5.0,1.0,8,3,0,0,0,0,360,3
5,5,2021,2021-05-01,5,1,Rio de Janeiro,3304557,Capital,1,0,1,2,0,,2,0,,42,2,1,6,94,20,4,118,2,1,2,2,0,0.0,0,3,0.0,12,140,8,35,4,30,6.0,65,148,0,2,0,118,20,9.0,11.0,1.0,6,34.0,1.0,22.0,5.0,28,1,1,0,0,0,701,3
6,5,2021,2021-05-01,4,1,Rio de Janeiro,3304557,Capital,1,0,0,1,0,,1,0,,18,0,0,16,29,2,10,41,8,2,1,0,0,0.0,0,0,0.0,12,64,5,12,9,9,1.0,30,66,0,2,0,37,5,1.0,4.0,0.0,15,13.0,0.0,8.0,0.0,14,2,0,0,0,0,319,3
7,5,2021,2021-05-01,5,1,Rio de Janeiro,3304557,Capital,0,0,0,0,0,,0,0,,6,0,0,1,25,0,0,25,5,0,0,2,0,0.0,0,1,0.0,10,43,2,0,1,0,0.0,20,23,0,0,0,16,5,2.0,3.0,0.0,5,2.0,1.0,3.0,0.0,10,0,0,0,0,0,136,3
9,5,2021,2021-05-01,2,1,Rio de Janeiro,3304557,Capital,0,0,0,0,0,,0,0,,15,1,0,6,56,16,14,86,11,1,4,1,0,0.0,0,0,2.0,11,116,27,27,9,21,15.0,64,163,0,4,0,114,5,3.0,2.0,0.0,1,24.0,0.0,7.0,0.0,33,0,0,0,0,0,629,3
10,5,2021,2021-05-01,2,1,Rio de Janeiro,3304557,Capital,0,0,0,0,0,,0,0,,19,10,0,22,31,13,7,51,11,1,6,0,0,0.0,0,1,4.0,7,81,18,14,13,36,8.0,110,199,0,1,0,143,12,7.0,5.0,0.0,0,34.0,10.0,6.0,0.0,20,2,0,0,0,0,680,3
11,5,2021,2021-05-01,23,1,Rio de Janeiro,3304557,Capital,0,0,0,0,0,,0,7,,4,0,0,1,0,0,0,0,0,0,0,0,0,0.0,0,0,0.0,0,0,0,0,1,1,0.0,4,6,0,0,0,7,3,2.0,1.0,0.0,0,3.0,1.0,2.0,1.0,9,2,1,0,0,0,58,3
12,5,2021,2021-05-01,19,1,Rio de Janeiro,3304557,Capital,0,0,0,0,0,,0,5,,33,1,1,5,21,10,1,32,1,0,2,0,0,0.0,0,0,0.0,1,36,2,35,7,39,13.0,95,191,0,1,0,85,9,7.0,2.0,0.0,1,43.0,27.0,14.0,2.0,27,1,0,0,0,0,626,3
13,5,2021,2021-05-01,19,1,Rio de Janeiro,3304557,Capital,0,0,0,0,0,,0,0,,25,1,2,2,13,6,5,24,0,0,5,0,0,0.0,0,0,1.0,2,32,0,10,8,31,4.0,81,134,0,0,0,51,8,5.0,3.0,0.0,0,35.0,5.0,3.0,2.0,7,1,0,0,0,0,338,3
14,5,2021,2021-05-01,23,1,Rio de Janeiro,3304557,Capital,0,0,0,0,1,,1,1,,12,1,1,5,34,13,4,51,0,0,2,0,0,0.0,0,0,0.0,8,61,1,32,1,38,16.0,97,185,0,2,0,53,30,21.0,8.0,1.0,3,36.0,11.0,4.0,0.0,12,1,0,0,0,0,473,3
15,5,2021,2021-05-01,23,1,Rio de Janeiro,3304557,Capital,0,0,0,0,0,,0,1,,20,0,0,7,19,8,1,28,10,1,1,1,0,0.0,0,1,0.0,3,45,2,6,12,10,2.0,33,65,0,2,0,52,5,4.0,0.0,1.0,1,8.0,0.0,2.0,0.0,20,2,0,0,0,0,281,3
16,5,2021,2021-05-01,31,2,Rio de Janeiro,3304557,Capital,0,0,0,0,0,,0,1,,41,2,0,27,58,27,17,102,9,0,6,1,0,0.0,0,1,1.0,41,161,16,14,52,97,4.0,312,495,0,4,0,268,31,26.0,5.0,0.0,3,56.0,12.0,23.0,0.0,74,1,0,0,0,0,1436,3
17,5,2021,2021-05-01,4,1,Rio de Janeiro,3304557,Capital,1,0,0,1,0,,1,11,,19,0,5,21,36,21,25,82,17,1,2,1,0,0.0,0,0,0.0,17,120,8,4,10,16,0.0,79,117,0,0,0,42,9,1.0,5.0,3.0,5,25.0,4.0,11.0,1.0,24,0,0,0,0,0,482,3
18,5,2021,2021-05-01,6,1,Rio de Janeiro,3304557,Capital,0,0,0,0,0,,0,3,,17,0,0,9,32,13,12,57,19,2,1,1,0,0.0,0,0,0.0,15,95,1,8,3,14,0.0,68,94,0,0,0,46,2,1.0,1.0,0.0,3,8.0,5.0,10.0,0.0,15,1,0,0,0,0,347,3
19,5,2021,2021-05-01,6,1,Rio de Janeiro,3304557,Capital,1,0,0,1,3,,4,8,,21,0,2,4,30,10,6,46,27,2,1,2,0,0.0,0,0,0.0,13,91,7,18,9,12,8.0,71,125,0,3,0,124,4,0.0,2.0,2.0,5,19.0,2.0,8.0,3.0,25,3,0,0,0,0,569,3
20,5,2021,2021-05-01,6,1,Rio de Janeiro,3304557,Capital,0,0,0,0,2,,2,14,,15,3,0,12,37,19,2,58,13,1,2,2,0,0.0,0,1,0.0,3,80,3,10,6,10,3.0,55,87,0,0,0,80,11,5.0,5.0,1.0,3,19.0,4.0,2.0,0.0,28,1,0,0,0,0,422,3
21,5,2021,2021-05-01,22,1,Rio de Janeiro,3304557,Capital,2,0,0,2,3,,5,6,,43,6,3,33,113,28,72,213,28,5,4,0,1,0.0,1,2,0.0,25,279,14,21,28,24,2.0,133,222,0,3,0,94,13,3.0,8.0,2.0,38,39.0,1.0,80.0,3.0,49,6,1,0,0,0,1032,3
22,5,2021,2021-05-01,16,1,Rio de Janeiro,3304557,Capital,1,0,0,1,0,,1,6,,52,3,1,51,47,23,20,90,37,9,1,1,0,0.0,0,1,0.0,15,154,23,6,11,21,0.0,122,183,0,2,0,120,10,1.0,9.0,1.0,20,20.0,2.0,10.0,1.0,44,1,0,0,0,0,942,3
23,5,2021,2021-05-01,3,1,Rio de Janeiro,3304557,Capital,1,2,0,3,1,,4,1,,15,1,0,6,47,13,1,61,17,0,1,1,0,1.0,0,0,1.0,13,95,7,5,3,9,0.0,54,78,0,3,0,56,2,2.0,0.0,0.0,6,10.0,1.0,4.0,0.0,17,3,0,0,0,0,388,3
24,5,2021,2021-05-01,3,1,Rio de Janeiro,3304557,Capital,1,0,0,1,0,,1,1,,22,1,0,9,37,23,2,62,25,5,3,0,0,0.0,0,0,0.0,18,113,8,4,4,10,1.0,44,71,0,0,0,31,2,0.0,1.0,1.0,9,8.0,0.0,6.0,0.0,23,5,0,0,0,0,345,3
25,5,2021,2021-05-01,3,1,Rio de Janeiro,3304557,Capital,2,0,0,2,27,,29,3,,20,2,0,17,42,9,16,67,13,2,1,1,0,0.0,1,0,0.0,22,107,9,4,5,6,1.0,59,84,0,1,0,25,10,1.0,8.0,1.0,17,19.0,1.0,7.0,1.0,27,2,0,0,0,0,396,3
26,5,2021,2021-05-01,3,1,Rio de Janeiro,3304557,Capital,1,0,0,1,2,,3,2,,21,1,0,11,36,13,2,51,8,11,2,0,0,0.0,0,2,0.0,9,83,5,8,7,15,2.0,56,93,0,1,0,84,8,4.0,4.0,0.0,7,15.0,0.0,6.0,0.0,13,2,0,0,0,0,445,3
27,5,2021,2021-05-01,41,2,Rio de Janeiro,3304557,Capital,4,0,0,4,0,,4,0,,31,4,1,19,71,31,19,121,28,2,7,1,0,0.0,0,1,0.0,21,181,29,1,4,10,0.0,53,97,0,2,1,69,0,0.0,0.0,0.0,78,20.0,0.0,7.0,0.0,38,4,0,0,0,0,591,3
28,5,2021,2021-05-01,18,2,Rio de Janeiro,3304557,Capital,2,0,0,2,0,,2,3,,21,1,0,8,31,8,4,43,14,1,1,0,0,0.0,0,0,0.0,8,67,3,3,6,4,0.0,30,46,0,1,0,46,3,1.0,2.0,0.0,3,10.0,0.0,3.0,0.0,30,4,0,0,0,0,294,3
29,5,2021,2021-05-01,9,2,Rio de Janeiro,3304557,Capital,5,0,0,5,0,,5,2,,48,2,0,31,91,36,30,157,33,2,3,0,0,0.0,0,0,0.0,32,227,17,41,21,18,1.0,96,194,0,2,0,98,4,1.0,1.0,2.0,29,13.0,2.0,4.0,0.0,43,4,0,0,0,0,812,3
30,5,2021,2021-05-01,9,2,Rio de Janeiro,3304557,Capital,0,0,0,0,0,,0,0,,28,2,0,11,42,26,9,77,18,1,6,0,0,0.0,0,1,0.0,9,112,18,3,3,5,0.0,28,57,0,3,0,22,8,2.0,4.0,2.0,9,16.0,1.0,2.0,0.0,52,4,0,0,0,0,358,3
31,5,2021,2021-05-01,41,2,Rio de Janeiro,3304557,Capital,1,0,0,1,3,,4,9,,38,6,0,12,56,7,11,74,37,8,3,0,0,0.0,0,0,0.0,24,146,10,6,7,4,0.0,17,44,0,0,0,40,9,0.0,8.0,1.0,24,22.0,3.0,2.0,0.0,45,2,0,0,0,0,433,3
32,5,2021,2021-05-01,18,2,Rio de Janeiro,3304557,Capital,8,1,0,9,2,,11,0,,110,4,1,29,140,41,72,253,30,6,13,1,0,2.0,0,1,0.0,43,349,22,21,34,44,5.0,186,312,0,4,0,187,2,1.0,1.0,0.0,32,55.0,10.0,16.0,0.0,120,5,0,0,0,0,1463,3
33,5,2021,2021-05-01,14,2,Rio de Janeiro,3304557,Capital,3,0,0,3,2,,5,3,,57,2,1,25,133,47,16,196,41,9,14,2,0,1.0,1,2,0.0,20,286,40,9,20,13,3.0,58,143,0,0,0,143,7,1.0,6.0,0.0,27,20.0,2.0,14.0,0.0,62,2,0,0,0,0,928,3
34,5,2021,2021-05-01,14,2,Rio de Janeiro,3304557,Capital,2,0,0,2,0,,2,1,,125,7,6,28,82,38,37,157,116,12,6,1,0,0.0,0,4,0.0,20,316,33,10,3,13,1.0,82,142,0,6,0,94,35,1.0,20.0,14.0,54,48.0,3.0,17.0,0.0,99,8,0,0,0,0,1161,3
35,5,2021,2021-05-01,40,2,Rio de Janeiro,3304557,Capital,0,0,1,1,0,,1,2,,111,19,4,56,63,18,2,83,93,4,5,0,0,0.0,2,1,1.0,28,217,59,33,6,21,0.0,77,196,0,1,0,178,4,2.0,2.0,0.0,39,60.0,3.0,25.0,0.0,99,7,1,0,0,0,1092,3
36,5,2021,2021-05-01,27,2,Rio de Janeiro,3304557,Capital,2,0,0,2,0,,2,2,,84,15,4,15,41,4,3,48,12,1,3,0,0,0.0,0,0,0.0,8,72,29,5,2,5,2.0,64,107,0,0,1,79,2,0.0,2.0,0.0,5,19.0,0.0,4.0,1.0,54,4,0,0,0,0,584,3
37,5,2021,2021-05-01,17,1,Rio de Janeiro,3304557,Capital,1,0,0,1,0,,1,0,,46,3,0,15,29,5,3,37,7,1,2,1,0,0.0,1,0,0.0,9,58,7,5,7,14,0.0,60,93,1,2,0,111,3,1.0,2.0,0.0,20,10.0,0.0,3.0,0.0,41,5,0,0,0,0,690,3
38,5,2021,2021-05-01,16,1,Rio de Janeiro,3304557,Capital,2,0,0,2,0,,2,7,,35,0,0,21,57,20,16,93,42,17,2,0,0,0.0,0,2,0.0,15,171,17,4,1,2,0.0,34,58,0,1,0,41,7,0.0,7.0,0.0,50,15.0,3.0,5.0,0.0,39,2,0,0,0,0,517,3
39,5,2021,2021-05-01,41,2,Rio de Janeiro,3304557,Capital,2,0,0,2,1,,3,3,,36,4,1,12,61,21,47,129,111,14,6,0,0,0.0,0,1,0.0,91,352,25,6,2,5,0.0,27,65,0,3,0,35,3,0.0,3.0,0.0,51,20.0,2.0,11.0,0.0,26,3,0,0,0,0,684,3
40,5,2021,2021-05-01,9,2,Rio de Janeiro,3304557,Capital,3,0,0,3,0,,3,0,,22,3,2,6,73,30,31,134,51,6,3,0,0,1.0,0,1,0.0,27,223,7,3,3,3,0.0,30,46,0,0,0,27,2,0.0,2.0,0.0,48,9.0,3.0,4.0,0.0,24,3,0,0,0,0,474,3
41,5,2021,2021-05-01,18,2,Rio de Janeiro,3304557,Capital,1,0,0,1,0,,1,0,,33,0,0,25,40,16,3,59,14,2,3,0,0,0.0,0,1,0.0,11,90,5,8,5,5,1.0,48,72,0,1,0,39,1,0.0,1.0,0.0,5,16.0,2.0,3.0,0.0,39,3,0,0,0,0,384,3
42,5,2021,2021-05-01,31,2,Rio de Janeiro,3304557,Capital,1,0,0,1,0,,1,2,,47,2,0,17,25,9,0,34,4,0,11,2,0,0.0,1,0,0.0,8,60,22,2,8,14,7.0,78,131,0,1,0,104,94,91.0,0.0,3.0,5,21.0,0.0,10.0,0.0,70,5,0,0,0,0,724,3
43,5,2021,2021-05-01,27,2,Rio de Janeiro,3304557,Capital,0,0,0,0,0,,0,1,,77,3,4,23,9,9,0,18,6,2,3,1,0,0.0,1,1,0.0,5,37,17,0,3,11,0.0,30,61,0,0,0,27,1,1.0,0.0,0.0,10,7.0,1.0,6.0,0.0,81,3,0,0,0,0,399,3
44,5,2021,2021-05-01,3,1,Rio de Janeiro,3304557,Capital,1,0,0,1,1,,2,0,,23,0,1,16,36,25,7,68,21,0,2,2,0,0.0,0,1,0.0,18,112,4,6,6,4,0.0,56,76,0,2,0,40,1,0.0,1.0,0.0,7,15.0,0.0,8.0,0.0,18,3,0,0,0,0,349,3
48,5,2021,2021-05-01,24,3,Seropédica,3305554,Baixada Fluminense,3,0,0,3,0,,3,0,,22,4,2,10,10,14,0,24,2,2,1,0,0,0.0,0,0,0.0,1,30,3,0,0,2,0.0,11,16,0,3,0,14,10,4.0,7.0,0.0,10,14.0,1.0,4.0,1.0,12,3,0,0,0,0,178,3
50,5,2021,2021-05-01,24,3,Itaguaí,3302007,Baixada Fluminense,2,0,0,2,2,,4,5,,53,8,4,10,8,4,4,16,11,3,5,2,0,0.0,0,0,0.0,4,41,13,5,1,8,0.0,97,124,0,4,0,25,8,7.0,2.0,0.0,4,35.0,2.0,4.0,0.0,41,5,2,0,0,0,431,3
51,5,2021,2021-05-01,24,3,Paracambi,3303609,Baixada Fluminense,0,0,0,0,2,,2,0,,18,0,1,0,2,0,0,2,1,0,0,0,0,0.0,0,0,0.0,1,4,3,0,0,1,0.0,6,10,0,1,0,15,20,11.0,8.0,1.0,1,15.0,0.0,8.0,0.0,28,1,0,0,0,0,125,3
52,5,2021,2021-05-01,20,3,Nova Iguaçu,3303500,Baixada Fluminense,1,0,0,1,0,,1,0,,33,4,2,30,78,30,23,131,50,5,7,0,0,0.0,0,2,0.0,19,214,36,21,1,10,0.0,91,159,0,4,0,67,4,3.0,1.0,0.0,10,49.0,1.0,15.0,0.0,35,5,0,0,0,0,706,3
53,5,2021,2021-05-01,20,3,Mesquita,3302858,Baixada Fluminense,6,0,0,6,0,,6,5,,45,6,2,5,71,15,21,107,23,5,2,1,0,0.0,0,1,0.0,10,149,13,2,0,6,0.0,23,44,0,0,0,27,5,0.0,5.0,0.0,8,19.0,2.0,3.0,0.0,33,6,0,0,0,0,418,3
54,5,2021,2021-05-01,39,3,Belford Roxo,3300456,Baixada Fluminense,10,0,0,10,8,,18,7,,110,17,3,25,99,33,36,168,118,7,7,1,0,0.0,0,1,0.0,43,345,28,2,1,7,0.0,36,74,0,2,0,45,10,1.0,9.0,0.0,29,43.0,1.0,31.0,0.0,87,17,1,0,0,0,922,3
55,5,2021,2021-05-01,24,3,Queimados,3304144,Baixada Fluminense,7,0,0,7,1,,8,10,,48,13,0,19,36,13,2,51,8,3,2,3,0,0.0,0,0,0.0,10,77,11,7,3,10,0.0,26,57,0,1,0,23,1,0.0,1.0,0.0,2,14.0,0.0,9.0,1.0,39,6,0,0,0,0,366,3
56,5,2021,2021-05-01,20,3,Nova Iguaçu,3303500,Baixada Fluminense,4,0,0,4,0,,4,2,,89,15,4,23,65,39,12,116,21,6,5,2,0,0.0,0,1,1.0,17,169,17,3,1,5,0.0,32,58,0,0,1,33,10,4.0,5.0,1.0,5,16.0,2.0,3.0,0.0,62,9,0,0,0,0,552,3
57,5,2021,2021-05-01,20,3,Nilópolis,3303203,Baixada Fluminense,1,0,0,1,0,,1,4,,43,1,0,14,59,29,2,90,14,4,3,0,0,0.0,0,1,0.0,19,131,6,7,0,0,0.0,48,61,0,0,0,44,1,0.0,1.0,0.0,6,19.0,0.0,4.0,0.0,41,4,0,0,0,0,436,3
58,5,2021,2021-05-01,20,3,Nova Iguaçu,3303500,Baixada Fluminense,13,0,1,14,0,,14,8,,138,11,3,32,64,24,12,100,50,5,5,3,0,0.0,0,2,0.0,17,182,22,1,3,11,0.0,48,85,0,6,0,36,13,8.0,5.0,0.0,12,16.0,0.0,3.0,0.0,117,7,0,0,0,0,767,3
59,5,2021,2021-05-01,15,3,Duque de Caxias,3301702,Baixada Fluminense,6,0,0,6,0,,6,13,,95,13,5,34,191,20,50,261,88,14,18,0,0,0.0,0,13,0.0,29,423,42,28,5,6,0.0,87,168,0,1,0,75,9,4.0,5.0,0.0,30,59.0,5.0,17.0,1.0,76,8,0,0,0,0,1144,3
60,5,2021,2021-05-01,15,3,Duque de Caxias,3301702,Baixada Fluminense,10,0,0,10,2,,12,5,,56,7,6,14,65,25,25,115,101,25,0,3,1,0.0,0,0,0.0,22,267,35,3,0,3,0.0,39,80,0,2,0,43,10,3.0,7.0,0.0,24,45.0,3.0,10.0,0.0,41,5,0,0,0,0,692,3
61,5,2021,2021-05-01,15,3,Duque de Caxias,3301702,Baixada Fluminense,0,0,0,0,0,,0,2,,17,2,1,7,6,2,0,8,7,1,1,0,0,0.0,0,0,0.0,1,18,5,1,0,2,0.0,11,19,0,0,0,18,0,0.0,0.0,0.0,2,7.0,0.0,0.0,0.0,20,1,0,0,0,0,134,3
62,5,2021,2021-05-01,15,3,Duque de Caxias,3301702,Baixada Fluminense,4,0,0,4,0,,4,1,,41,8,0,14,52,15,1,68,31,5,3,0,0,0.0,0,2,1.0,13,123,9,1,0,1,2.0,15,28,0,0,0,18,6,0.0,6.0,0.0,20,13.0,2.0,4.0,0.0,41,3,1,0,0,0,358,3
63,5,2021,2021-05-01,24,3,Japeri,3302270,Baixada Fluminense,4,0,1,5,4,,9,4,,18,1,1,0,10,3,0,13,5,2,2,1,0,0.0,0,0,0.0,9,32,5,3,1,6,0.0,24,39,0,0,0,7,8,1.0,7.0,0.0,7,18.0,2.0,8.0,0.0,12,3,0,0,0,0,183,3
64,5,2021,2021-05-01,21,3,São João de Meriti,3305109,Baixada Fluminense,7,0,0,7,5,,12,11,,87,10,3,44,172,65,70,307,91,23,6,2,0,0.0,0,6,0.0,43,478,61,13,8,10,2.0,91,185,0,2,1,269,13,1.0,12.0,0.0,26,45.0,4.0,7.0,0.0,77,10,2,0,0,0,1407,3
65,5,2021,2021-05-01,34,3,Magé,3302502,Baixada Fluminense,1,0,0,1,0,,1,0,,18,2,1,7,8,6,1,15,3,0,4,1,0,0.0,0,0,0.0,1,24,5,4,2,3,1.0,19,34,0,1,0,17,7,2.0,4.0,1.0,1,6.0,1.0,0.0,0.0,20,1,0,0,0,0,177,3
66,5,2021,2021-05-01,34,3,Magé,3302502,Baixada Fluminense,3,0,0,3,1,,4,3,,47,3,2,26,17,7,0,24,8,1,0,1,0,0.0,0,0,1.0,2,37,5,5,0,4,4.0,35,53,0,1,0,18,6,5.0,1.0,0.0,10,14.0,2.0,11.0,1.0,43,1,0,0,0,0,319,3
67,5,2021,2021-05-01,34,3,Guapimirim,3301850,Baixada Fluminense,1,0,0,1,0,,1,0,,9,0,0,7,2,7,0,9,3,2,0,1,0,0.0,0,0,0.0,2,17,4,1,0,2,1.0,11,19,0,1,0,10,3,2.0,1.0,0.0,4,2.0,0.0,4.0,0.0,15,2,1,0,0,0,126,3
1,6,2021,2021-06-01,5,1,Rio de Janeiro,3304557,Capital,0,1,0,1,0,,1,0,,6,0,0,3,42,6,8,56,0,0,2,0,0,0.0,0,4,1.0,1,64,3,29,5,19,4.0,59,119,0,0,0,173,5,3.0,1.0,1.0,1,10.0,1.0,8.0,0.0,6,0,0,0,0,0,505,3
4,6,2021,2021-06-01,5,1,Rio de Janeiro,3304557,Capital,1,1,0,2,0,,2,0,,17,0,3,10,37,9,25,71,6,1,0,0,0,0.0,0,0,0.0,10,88,2,30,14,21,1.0,53,121,0,1,0,32,5,0.0,5.0,0.0,1,18.0,3.0,5.0,0.0,8,3,0,0,0,0,370,3
5,6,2021,2021-06-01,5,1,Rio de Janeiro,3304557,Capital,1,0,0,1,0,,1,2,,22,3,0,6,90,16,12,118,3,0,7,1,0,0.0,0,9,2.0,13,153,10,42,6,41,8.0,96,203,0,1,0,107,10,7.0,2.0,2.0,2,45.0,3.0,23.0,0.0,39,1,0,0,0,0,729,3
6,6,2021,2021-06-01,4,1,Rio de Janeiro,3304557,Capital,0,0,0,0,1,,1,4,,19,0,0,9,17,7,23,47,10,1,2,0,0,0.0,0,1,0.0,15,76,2,14,7,10,2.0,35,70,0,3,0,28,7,3.0,3.0,1.0,10,15.0,2.0,6.0,0.0,15,3,0,0,0,0,322,3
7,6,2021,2021-06-01,5,1,Rio de Janeiro,3304557,Capital,0,0,0,0,0,,0,14,,6,0,0,0,9,0,4,13,0,1,0,0,0,0.0,0,0,0.0,8,22,8,3,1,3,1.0,17,33,0,1,0,11,4,0.0,3.0,1.0,4,11.0,0.0,4.0,0.0,8,2,0,0,0,0,116,3
9,6,2021,2021-06-01,2,1,Rio de Janeiro,3304557,Capital,1,0,0,1,0,,1,0,,16,0,0,8,39,21,14,74,5,1,3,1,0,0.0,0,0,2.0,12,98,24,20,8,39,7.0,67,165,0,2,0,135,8,7.0,1.0,0.0,2,22.0,6.0,3.0,0.0,13,0,0,0,0,0,593,3
10,6,2021,2021-06-01,2,1,Rio de Janeiro,3304557,Capital,0,0,0,0,0,,0,3,,9,0,0,22,29,11,11,51,9,0,8,0,0,0.0,0,0,2.0,8,78,15,17,17,40,7.0,178,274,0,4,0,157,3,1.0,2.0,0.0,3,27.0,5.0,3.0,0.0,29,0,0,0,0,0,759,3
11,6,2021,2021-06-01,23,1,Rio de Janeiro,3304557,Capital,0,0,0,0,0,,0,0,,11,2,0,1,0,0,0,0,0,0,1,0,0,0.0,0,0,0.0,1,2,0,0,1,2,0.0,2,5,0,0,0,5,2,0.0,2.0,0.0,0,2.0,0.0,3.0,0.0,3,0,0,0,0,0,47,3
12,6,2021,2021-06-01,19,1,Rio de Janeiro,3304557,Capital,5,0,0,5,0,,5,3,,13,1,0,3,14,11,2,27,0,1,6,1,0,0.0,0,0,0.0,5,40,6,24,8,48,10.0,99,195,0,1,0,83,11,7.0,3.0,1.0,3,28.0,17.0,14.0,2.0,27,2,0,0,0,0,612,3
13,6,2021,2021-06-01,19,1,Rio de Janeiro,3304557,Capital,0,0,0,0,0,,0,0,,12,0,0,5,22,8,2,32,0,0,0,1,0,0.0,0,0,0.0,6,39,2,15,9,29,6.0,59,120,0,2,0,67,5,5.0,0.0,0.0,0,32.0,7.0,4.0,1.0,8,1,0,0,0,0,373,3
14,6,2021,2021-06-01,23,1,Rio de Janeiro,3304557,Capital,0,0,0,0,0,,0,0,,13,1,0,3,33,17,3,53,2,0,1,1,0,0.0,0,0,1.0,8,66,4,21,4,51,14.0,90,184,0,0,0,98,11,9.0,2.0,0.0,2,32.0,14.0,11.0,0.0,14,1,0,0,0,0,524,3
15,6,2021,2021-06-01,23,1,Rio de Janeiro,3304557,Capital,0,0,0,0,0,,0,0,,16,1,1,14,18,7,1,26,6,0,1,0,0,0.0,0,0,0.0,2,35,4,4,11,7,1.0,53,80,0,0,0,70,7,7.0,0.0,0.0,1,19.0,0.0,3.0,0.0,13,1,0,0,0,0,317,3
16,6,2021,2021-06-01,31,2,Rio de Janeiro,3304557,Capital,1,0,0,1,0,,1,2,,48,5,1,28,69,21,22,112,6,1,7,1,0,0.0,0,1,0.0,40,168,15,9,51,93,1.0,310,479,0,7,0,234,19,17.0,3.0,0.0,11,60.0,19.0,13.0,0.0,55,4,1,0,0,0,1444,3
17,6,2021,2021-06-01,4,1,Rio de Janeiro,3304557,Capital,1,0,0,1,0,,1,5,,17,3,3,24,29,21,21,71,16,0,0,0,0,0.0,0,0,1.0,10,98,9,12,7,12,0.0,99,139,0,0,0,46,8,1.0,7.0,0.0,10,33.0,0.0,7.0,0.0,29,4,1,0,0,0,484,3
18,6,2021,2021-06-01,6,1,Rio de Janeiro,3304557,Capital,0,0,0,0,0,,0,2,,6,0,0,5,34,16,14,64,19,1,5,1,1,1.0,0,0,0.0,12,104,4,9,14,16,0.0,46,89,0,0,0,45,3,1.0,1.0,1.0,1,10.0,2.0,4.0,0.0,3,2,1,0,0,0,327,3
19,6,2021,2021-06-01,6,1,Rio de Janeiro,3304557,Capital,0,0,0,0,1,,1,10,,25,2,1,6,29,12,1,42,27,0,3,1,0,0.0,0,0,0.0,10,83,14,18,10,16,6.0,84,148,0,1,0,113,2,1.0,1.0,0.0,6,24.0,0.0,11.0,0.0,32,2,0,0,0,0,589,3
20,6,2021,2021-06-01,6,1,Rio de Janeiro,3304557,Capital,0,0,0,0,0,,0,6,,27,3,0,3,43,16,3,62,29,0,1,1,0,0.0,0,0,0.0,12,105,5,11,6,9,1.0,56,88,0,1,1,75,8,5.0,2.0,1.0,5,16.0,2.0,5.0,0.0,21,0,0,0,0,0,415,3
21,6,2021,2021-06-01,22,1,Rio de Janeiro,3304557,Capital,2,0,0,2,2,,4,1,,32,2,2,53,79,24,44,147,33,4,8,2,0,0.0,1,4,0.0,40,239,10,19,25,17,0.0,122,193,0,3,0,84,10,2.0,7.0,1.0,45,30.0,1.0,77.0,1.0,38,7,0,0,0,0,926,3
22,6,2021,2021-06-01,16,1,Rio de Janeiro,3304557,Capital,1,1,0,2,3,,5,8,,54,4,5,15,73,16,8,97,40,10,2,1,0,0.0,0,0,0.0,13,163,20,17,18,26,1.0,107,189,0,2,0,101,13,2.0,9.0,3.0,31,16.0,2.0,16.0,2.0,57,5,0,0,0,0,937,3
23,6,2021,2021-06-01,3,1,Rio de Janeiro,3304557,Capital,0,0,0,0,0,,0,0,,11,0,0,3,48,13,5,66,8,0,1,0,0,0.0,0,2,0.0,10,87,6,6,4,7,0.0,66,89,0,1,0,68,1,1.0,0.0,0.0,3,13.0,4.0,2.0,0.0,23,3,0,0,0,0,400,3
24,6,2021,2021-06-01,3,1,Rio de Janeiro,3304557,Capital,0,0,0,0,1,,1,1,,28,1,1,14,54,18,5,77,32,3,0,0,0,0.0,0,2,0.0,13,127,8,1,4,6,2.0,34,55,0,1,0,35,3,0.0,2.0,1.0,7,11.0,0.0,4.0,0.0,23,3,0,0,0,0,357,3
25,6,2021,2021-06-01,3,1,Rio de Janeiro,3304557,Capital,0,0,0,0,0,,0,0,,20,0,0,5,32,14,17,63,10,5,0,0,0,0.0,0,1,0.0,26,105,6,4,9,11,2.0,68,100,0,0,0,30,10,2.0,8.0,1.0,10,12.0,4.0,7.0,0.0,15,4,0,0,0,0,391,3
26,6,2021,2021-06-01,3,1,Rio de Janeiro,3304557,Capital,1,1,0,2,1,,3,2,,17,2,0,10,35,10,3,48,17,4,2,0,0,0.0,0,0,0.0,15,86,7,9,6,12,0.0,76,110,0,1,1,75,6,3.0,2.0,1.0,6,28.0,1.0,7.0,0.0,22,3,0,0,0,0,470,3
27,6,2021,2021-06-01,41,2,Rio de Janeiro,3304557,Capital,0,0,0,0,0,,0,0,,35,2,0,18,55,22,15,92,33,2,2,1,0,0.0,0,0,0.0,22,152,34,16,5,17,0.0,81,153,0,0,0,67,1,1.0,0.0,0.0,65,18.0,3.0,3.0,0.0,28,5,0,0,0,0,613,3
28,6,2021,2021-06-01,18,2,Rio de Janeiro,3304557,Capital,1,0,0,1,1,,2,1,,18,2,0,7,25,7,1,33,9,1,1,0,0,0.0,0,1,0.0,7,52,4,1,9,9,0.0,25,48,0,0,0,45,3,2.0,1.0,0.0,3,17.0,1.0,4.0,0.0,30,1,0,0,0,0,275,3
29,6,2021,2021-06-01,9,2,Rio de Janeiro,3304557,Capital,4,0,0,4,2,,6,1,,36,1,1,18,101,56,28,185,56,1,7,0,0,0.0,0,2,0.0,36,287,18,41,30,26,0.0,140,255,0,4,0,87,2,1.0,1.0,0.0,35,14.0,0.0,9.0,0.0,34,1,1,0,0,0,900,3
30,6,2021,2021-06-01,9,2,Rio de Janeiro,3304557,Capital,0,0,0,0,0,,0,0,,42,6,0,9,39,30,3,72,27,1,3,0,0,0.0,0,2,0.0,11,116,8,3,1,9,0.0,33,54,0,0,0,50,10,0.0,8.0,2.0,9,20.0,5.0,1.0,0.0,46,2,0,0,0,0,385,3
31,6,2021,2021-06-01,41,2,Rio de Janeiro,3304557,Capital,1,0,0,1,1,,2,1,,27,0,2,11,36,8,5,49,33,8,13,0,0,0.0,0,0,0.0,15,118,10,2,5,3,0.0,19,39,0,3,0,34,1,0.0,1.0,0.0,12,4.0,2.0,10.0,0.0,33,3,0,0,0,0,379,3
32,6,2021,2021-06-01,18,2,Rio de Janeiro,3304557,Capital,3,0,0,3,0,,3,3,,91,7,1,45,133,70,50,253,26,4,8,2,0,0.0,0,1,0.0,37,331,17,22,34,41,7.0,237,358,0,3,0,175,4,3.0,1.0,0.0,19,61.0,1.0,12.0,0.0,110,10,1,0,0,0,1483,3
33,6,2021,2021-06-01,14,2,Rio de Janeiro,3304557,Capital,9,0,0,9,1,,10,0,,52,10,4,21,47,28,6,81,47,9,7,1,0,0.0,0,0,0.0,27,172,23,6,14,11,3.0,63,120,0,3,0,129,4,1.0,2.0,1.0,19,40.0,4.0,13.0,0.0,80,2,0,0,0,0,796,3
34,6,2021,2021-06-01,14,2,Rio de Janeiro,3304557,Capital,6,0,0,6,2,,8,8,,111,2,6,34,74,34,38,146,95,16,7,2,0,0.0,1,2,0.0,19,288,38,10,5,21,4.0,88,166,0,7,0,96,36,1.0,11.0,24.0,37,32.0,1.0,9.0,0.0,99,8,0,0,0,0,1163,3
35,6,2021,2021-06-01,40,2,Rio de Janeiro,3304557,Capital,6,0,0,6,0,,6,5,,142,10,4,54,58,26,15,99,53,7,1,1,0,1.0,0,2,1.0,11,176,56,19,1,16,0.0,91,183,0,3,0,199,3,1.0,2.0,0.0,32,84.0,3.0,24.0,1.0,85,13,0,0,0,0,1085,3
36,6,2021,2021-06-01,27,2,Rio de Janeiro,3304557,Capital,1,1,0,2,1,,3,2,,64,7,1,19,42,5,9,56,12,1,6,0,0,0.0,0,1,0.0,10,86,10,2,8,6,0.0,58,84,0,2,0,66,0,0.0,0.0,0.0,10,18.0,0.0,6.0,0.0,56,5,0,0,0,0,549,3
37,6,2021,2021-06-01,17,1,Rio de Janeiro,3304557,Capital,0,0,0,0,0,,0,1,,46,6,2,16,23,4,3,30,16,0,2,0,0,0.0,0,1,0.0,5,54,12,11,11,7,1.0,61,103,0,2,0,102,5,0.0,4.0,1.0,38,31.0,2.0,6.0,0.0,58,5,0,0,0,0,710,3
38,6,2021,2021-06-01,16,1,Rio de Janeiro,3304557,Capital,3,0,0,3,0,,3,1,,31,6,1,22,46,17,12,75,33,12,1,0,0,2.0,0,4,0.0,23,150,17,2,2,8,0.0,29,58,0,1,0,53,5,1.0,3.0,1.0,39,13.0,2.0,3.0,2.0,40,2,0,0,0,0,481,3
39,6,2021,2021-06-01,41,2,Rio de Janeiro,3304557,Capital,4,0,0,4,4,,8,5,,25,3,0,11,81,16,65,162,90,10,4,1,0,0.0,0,1,0.0,79,347,15,2,0,3,0.0,41,61,0,1,2,32,5,1.0,4.0,0.0,50,22.0,1.0,3.0,1.0,16,2,0,0,0,0,623,3
40,6,2021,2021-06-01,9,2,Rio de Janeiro,3304557,Capital,1,0,0,1,1,,2,0,,29,3,0,9,73,26,39,138,57,4,1,2,0,0.0,0,3,0.0,31,236,9,9,4,5,0.0,30,57,0,0,0,36,0,0.0,0.0,0.0,61,11.0,0.0,2.0,0.0,19,1,0,0,0,0,499,3
41,6,2021,2021-06-01,18,2,Rio de Janeiro,3304557,Capital,0,0,0,0,1,,1,0,,25,1,0,15,44,9,2,55,14,0,3,2,0,0.0,1,1,0.0,10,86,2,3,13,8,1.0,42,69,0,2,0,48,0,0.0,0.0,0.0,2,10.0,0.0,7.0,0.0,33,3,1,0,0,0,397,3
42,6,2021,2021-06-01,31,2,Rio de Janeiro,3304557,Capital,5,0,0,5,0,,5,3,,59,2,2,26,14,9,2,25,12,0,7,3,0,0.0,0,0,0.0,11,58,21,7,15,26,7.0,132,208,0,8,1,137,92,88.0,2.0,2.0,8,23.0,1.0,10.0,1.0,64,4,1,0,0,0,946,3
43,6,2021,2021-06-01,27,2,Rio de Janeiro,3304557,Capital,1,0,0,1,0,,1,2,,70,10,4,22,24,8,0,32,9,3,1,0,0,0.0,0,0,0.0,2,47,12,2,3,5,0.0,34,56,0,0,0,37,0,0.0,0.0,0.0,7,11.0,1.0,7.0,0.0,73,5,1,0,0,0,390,3
44,6,2021,2021-06-01,3,1,Rio de Janeiro,3304557,Capital,0,0,0,0,0,,0,0,,32,2,1,29,50,33,10,93,25,2,0,0,0,0.0,0,0,0.0,19,139,10,9,1,7,0.0,55,82,0,1,0,34,5,1.0,3.0,1.0,5,8.0,0.0,5.0,0.0,18,4,0,0,0,0,401,3
48,6,2021,2021-06-01,24,3,Seropédica,3305554,Baixada Fluminense,2,0,0,2,0,,2,0,,20,4,4,6,4,3,0,7,3,1,5,1,0,0.0,0,0,0.0,3,20,6,0,0,1,0.0,9,16,0,3,0,10,3,0.0,3.0,0.0,5,13.0,1.0,5.0,0.0,18,3,0,0,0,0,168,3
50,6,2021,2021-06-01,24,3,Itaguaí,3302007,Baixada Fluminense,2,0,0,2,0,,2,0,,32,4,1,9,9,5,0,14,8,3,7,4,0,0.0,0,0,0.0,2,38,12,11,1,3,0.0,59,86,0,2,0,29,4,3.0,1.0,1.0,3,6.0,1.0,10.0,0.0,44,7,0,0,0,0,366,3
51,6,2021,2021-06-01,24,3,Paracambi,3303609,Baixada Fluminense,2,0,0,2,0,,2,0,,21,0,0,6,2,1,1,4,0,0,0,0,0,0.0,0,0,0.0,0,4,1,1,0,2,0.0,6,10,0,0,0,12,23,19.0,4.0,1.0,1,9.0,1.0,2.0,0.0,13,1,0,0,0,0,108,3
52,6,2021,2021-06-01,20,3,Nova Iguaçu,3303500,Baixada Fluminense,2,0,0,2,0,,2,0,,45,0,1,25,91,31,17,139,46,2,5,1,0,1.0,0,1,0.0,13,208,32,6,1,17,0.0,75,131,0,0,0,76,7,4.0,3.0,0.0,6,29.0,0.0,8.0,0.0,33,5,0,0,0,0,662,3
53,6,2021,2021-06-01,20,3,Mesquita,3302858,Baixada Fluminense,1,0,0,1,3,,4,5,,34,5,0,10,51,23,29,103,10,5,0,0,0,0.0,0,2,1.0,8,129,14,9,0,6,1.0,37,67,0,2,0,30,6,0.0,5.0,1.0,11,20.0,1.0,3.0,0.0,35,4,0,0,0,0,384,3
54,6,2021,2021-06-01,39,3,Belford Roxo,3300456,Baixada Fluminense,8,0,0,8,4,,12,10,,101,9,4,14,98,33,35,166,127,13,8,1,0,0.0,0,2,0.0,31,348,34,4,2,11,3.0,38,92,0,5,0,71,7,0.0,7.0,0.0,28,46.0,2.0,17.0,0.0,90,10,0,0,0,0,955,3
55,6,2021,2021-06-01,24,3,Queimados,3304144,Baixada Fluminense,3,0,0,3,0,,3,2,,48,9,2,13,44,35,5,84,12,6,3,3,0,1.0,0,0,0.0,7,116,13,5,0,6,1.0,41,66,0,0,0,30,7,2.0,5.0,0.0,4,14.0,0.0,9.0,0.0,43,5,0,0,0,0,428,3
56,6,2021,2021-06-01,20,3,Nova Iguaçu,3303500,Baixada Fluminense,4,0,0,4,4,,8,12,,80,4,3,19,63,44,9,116,31,1,6,5,0,0.0,0,0,0.0,25,184,18,0,1,9,0.0,48,76,0,1,0,28,7,4.0,3.0,0.0,15,31.0,3.0,6.0,0.0,87,9,1,0,0,0,612,3
57,6,2021,2021-06-01,20,3,Nilópolis,3303203,Baixada Fluminense,0,0,0,0,3,,3,0,,56,3,1,9,58,35,3,96,22,3,1,1,0,0.0,0,1,0.0,15,139,15,9,1,4,0.0,34,63,0,2,0,41,1,1.0,0.0,0.0,5,20.0,0.0,6.0,0.0,42,1,0,0,0,0,442,3
58,6,2021,2021-06-01,20,3,Nova Iguaçu,3303500,Baixada Fluminense,10,0,0,10,3,,13,15,,127,7,3,19,64,44,19,127,37,7,5,3,0,0.0,0,0,0.0,26,205,18,4,2,10,0.0,37,71,0,1,0,32,16,10.0,5.0,1.0,25,36.0,5.0,4.0,0.0,104,17,0,0,0,0,741,3
59,6,2021,2021-06-01,15,3,Duque de Caxias,3301702,Baixada Fluminense,2,0,0,2,3,,5,2,,80,10,1,39,186,17,44,247,71,18,6,0,0,0.0,0,9,0.0,25,376,56,35,6,9,2.0,127,235,0,2,2,88,13,5.0,7.0,1.0,32,65.0,3.0,24.0,1.0,77,4,0,0,0,0,1247,3
60,6,2021,2021-06-01,15,3,Duque de Caxias,3301702,Baixada Fluminense,7,0,0,7,3,,10,2,,59,6,2,28,59,16,27,102,62,24,5,0,0,1.0,0,0,0.0,11,205,22,6,1,3,2.0,31,65,0,2,0,39,11,2.0,9.0,0.0,19,40.0,1.0,7.0,0.0,42,10,0,0,0,0,575,3
61,6,2021,2021-06-01,15,3,Duque de Caxias,3301702,Baixada Fluminense,1,0,0,1,0,,1,0,,10,1,0,4,4,0,0,4,1,2,1,0,0,0.0,0,1,0.0,2,11,2,1,0,5,1.0,11,20,0,1,0,10,1,0.0,1.0,0.0,0,4.0,0.0,3.0,0.0,16,1,0,0,0,0,108,3
62,6,2021,2021-06-01,15,3,Duque de Caxias,3301702,Baixada Fluminense,1,0,0,1,0,,1,3,,30,9,1,11,42,12,3,57,28,10,3,4,0,0.0,0,2,0.0,7,111,6,4,0,2,1.0,19,32,0,1,0,20,5,0.0,5.0,0.0,14,17.0,0.0,13.0,1.0,34,5,0,0,0,0,329,3
63,6,2021,2021-06-01,24,3,Japeri,3302270,Baixada Fluminense,3,0,0,3,7,,10,5,,11,4,1,3,7,2,1,10,7,4,0,0,0,0.0,0,0,0.0,8,29,4,0,1,0,0.0,18,23,0,1,0,8,17,10.0,7.0,0.0,5,10.0,0.0,6.0,0.0,14,1,0,0,0,0,186,3
64,6,2021,2021-06-01,21,3,São João de Meriti,3305109,Baixada Fluminense,1,0,0,1,5,,6,11,,81,13,0,36,138,42,65,245,82,26,5,2,0,0.0,0,6,0.0,47,413,72,8,6,7,0.0,76,169,0,4,0,195,10,1.0,9.0,0.0,44,41.0,7.0,6.0,0.0,87,10,0,0,0,0,1206,3
65,6,2021,2021-06-01,34,3,Magé,3302502,Baixada Fluminense,7,0,0,7,0,,7,0,,26,6,2,5,7,6,1,14,6,0,1,0,0,0.0,0,0,0.0,1,22,7,3,0,3,0.0,20,33,0,0,0,29,9,2.0,8.0,0.0,3,16.0,0.0,6.0,1.0,22,3,0,0,0,0,224,3
66,6,2021,2021-06-01,34,3,Magé,3302502,Baixada Fluminense,1,0,0,1,0,,1,0,,80,10,1,12,10,5,1,16,4,0,2,1,0,0.0,0,0,2.0,5,30,9,4,1,9,4.0,24,51,0,2,0,26,6,3.0,3.0,0.0,4,21.0,1.0,7.0,0.0,52,2,0,0,0,0,338,3
67,6,2021,2021-06-01,34,3,Guapimirim,3301850,Baixada Fluminense,0,0,0,0,0,,0,5,,18,1,0,3,1,1,0,2,4,0,0,0,0,0.0,0,0,0.0,5,11,1,0,0,3,1.0,11,16,0,0,0,8,6,1.0,4.0,1.0,4,9.0,0.0,2.0,0.0,21,1,0,0,0,0,127,3
1,7,2021,2021-07-01,5,1,Rio de Janeiro,3304557,Capital,0,0,1,1,0,,1,2,,16,0,0,4,47,10,8,65,3,1,2,0,0,0.0,0,1,0.0,5,77,1,30,13,20,0.0,38,102,0,0,1,134,1,1.0,0.0,0.0,0,10.0,5.0,6.0,0.0,13,1,0,0,0,0,487,3
4,7,2021,2021-07-01,5,1,Rio de Janeiro,3304557,Capital,1,0,0,1,0,,1,0,,13,3,0,9,31,9,14,54,4,0,0,0,0,0.0,0,0,0.0,7,65,4,21,24,17,0.0,43,109,0,1,0,21,10,6.0,4.0,0.0,1,11.0,1.0,4.0,0.0,12,2,0,0,0,0,319,3
5,7,2021,2021-07-01,5,1,Rio de Janeiro,3304557,Capital,0,0,0,0,0,,0,0,,26,5,0,11,119,25,8,152,4,0,5,0,0,0.0,0,4,2.0,10,177,9,58,11,56,3.0,114,251,0,3,0,109,11,5.0,7.0,1.0,3,40.0,1.0,12.0,0.0,36,1,0,0,0,0,849,3
6,7,2021,2021-07-01,4,1,Rio de Janeiro,3304557,Capital,0,0,0,0,2,,2,7,,23,1,1,14,33,6,23,62,16,0,3,1,0,0.0,0,1,0.0,7,90,8,8,8,7,1.0,37,69,0,0,0,37,4,0.0,1.0,3.0,16,7.0,0.0,6.0,0.0,12,0,0,0,0,0,365,3
7,7,2021,2021-07-01,5,1,Rio de Janeiro,3304557,Capital,1,0,0,1,0,,1,2,,3,0,0,0,14,1,0,15,4,0,0,1,0,0.0,0,0,0.0,4,24,11,0,1,0,0.0,14,26,0,0,0,17,3,0.0,1.0,2.0,1,2.0,0.0,4.0,0.0,3,0,0,0,0,0,107,3
9,7,2021,2021-07-01,2,1,Rio de Janeiro,3304557,Capital,0,0,0,0,0,,0,0,,15,2,2,8,38,17,15,70,8,0,4,2,0,0.0,0,0,7.0,5,96,24,18,8,45,5.0,70,170,0,2,0,129,9,8.0,0.0,1.0,2,12.0,2.0,3.0,0.0,24,0,0,0,0,0,649,3
10,7,2021,2021-07-01,2,1,Rio de Janeiro,3304557,Capital,0,0,0,0,0,,0,0,,12,1,3,10,28,18,6,52,7,0,10,0,0,0.0,0,1,1.0,12,83,9,17,21,64,8.0,151,270,0,3,0,168,3,3.0,0.0,0.0,2,38.0,13.0,0.0,0.0,28,1,0,0,0,0,757,3
11,7,2021,2021-07-01,23,1,Rio de Janeiro,3304557,Capital,1,0,0,1,0,,1,1,,10,2,0,2,1,1,1,3,0,0,0,0,0,0.0,0,0,0.0,0,3,0,3,1,2,0.0,6,12,0,0,0,17,3,1.0,2.0,0.0,0,6.0,0.0,6.0,0.0,6,2,0,0,0,0,83,3
12,7,2021,2021-07-01,19,1,Rio de Janeiro,3304557,Capital,0,0,0,0,0,,0,1,,32,1,0,6,20,9,1,30,1,0,1,0,0,0.0,0,0,0.0,7,39,4,34,7,60,6.0,116,227,0,1,0,107,11,6.0,5.0,0.0,1,38.0,19.0,15.0,3.0,22,2,0,0,0,0,634,3
13,7,2021,2021-07-01,19,1,Rio de Janeiro,3304557,Capital,0,0,0,0,0,,0,0,,11,2,1,6,25,10,1,36,0,0,2,0,0,0.0,1,1,0.0,5,45,4,18,4,26,5.0,56,113,0,3,0,67,5,2.0,3.0,0.0,0,15.0,9.0,4.0,0.0,13,1,0,0,0,0,357,3
14,7,2021,2021-07-01,23,1,Rio de Janeiro,3304557,Capital,1,0,0,1,1,,2,0,,14,0,0,2,40,20,3,63,2,0,4,2,0,0.0,0,1,1.0,8,81,3,21,4,63,5.0,96,192,0,1,0,96,7,6.0,1.0,0.0,1,26.0,6.0,11.0,0.0,15,0,0,0,0,0,551,3
15,7,2021,2021-07-01,23,1,Rio de Janeiro,3304557,Capital,0,0,0,0,0,,0,0,,16,1,0,9,40,12,6,58,7,0,4,2,0,0.0,0,0,0.0,2,73,5,10,9,14,2.0,34,74,0,4,0,61,3,2.0,0.0,1.0,0,6.0,0.0,4.0,0.0,14,2,0,0,0,0,339,3
16,7,2021,2021-07-01,31,2,Rio de Janeiro,3304557,Capital,0,0,0,0,0,,0,2,,43,3,2,19,56,18,19,93,10,0,5,2,0,0.0,0,0,0.0,29,139,17,19,42,94,5.0,245,422,0,7,0,177,9,8.0,1.0,0.0,4,47.0,6.0,12.0,1.0,51,2,0,0,0,0,1172,3
17,7,2021,2021-07-01,4,1,Rio de Janeiro,3304557,Capital,0,0,0,0,0,,0,0,,50,0,1,17,41,29,19,89,17,1,2,0,0,0.0,0,0,1.0,14,124,12,5,10,13,0.0,68,108,0,1,0,44,12,4.0,7.0,2.0,2,38.0,2.0,5.0,0.0,22,4,1,0,0,0,461,3
18,7,2021,2021-07-01,6,1,Rio de Janeiro,3304557,Capital,0,0,0,0,0,,0,0,,7,1,0,15,37,14,9,60,26,0,2,0,0,0.0,0,1,0.0,7,96,6,17,5,15,2.0,56,101,0,0,0,39,5,4.0,2.0,0.0,3,7.0,1.0,3.0,0.0,12,1,0,0,0,0,355,3
19,7,2021,2021-07-01,6,1,Rio de Janeiro,3304557,Capital,0,0,0,0,0,,0,11,,25,3,0,18,34,4,4,42,30,1,2,0,0,0.0,0,0,0.0,4,79,2,27,10,25,2.0,103,169,0,2,0,122,3,0.0,3.0,0.0,10,20.0,1.0,11.0,1.0,36,4,0,0,0,0,623,3
20,7,2021,2021-07-01,6,1,Rio de Janeiro,3304557,Capital,0,0,0,0,1,,1,14,,23,0,1,9,28,12,1,41,17,0,4,0,0,0.0,0,0,0.0,12,74,3,14,1,11,3.0,72,104,0,2,0,83,18,11.0,5.0,2.0,4,15.0,0.0,3.0,0.0,26,1,0,0,0,0,458,3
21,7,2021,2021-07-01,22,1,Rio de Janeiro,3304557,Capital,3,0,0,3,2,,5,2,,32,8,6,48,109,30,33,172,27,9,4,1,0,0.0,0,4,0.0,34,251,18,30,27,23,0.0,105,203,0,3,0,101,10,1.0,4.0,5.0,34,28.0,3.0,83.0,1.0,32,6,0,0,0,0,979,3
22,7,2021,2021-07-01,16,1,Rio de Janeiro,3304557,Capital,0,0,1,1,1,,2,12,,44,0,2,18,57,22,16,95,21,11,0,0,0,0.0,0,0,0.0,8,135,17,13,29,22,0.0,113,194,0,5,0,104,11,3.0,7.0,2.0,20,32.0,3.0,18.0,2.0,57,3,0,0,0,0,800,3
23,7,2021,2021-07-01,3,1,Rio de Janeiro,3304557,Capital,1,0,0,1,0,,1,0,,18,0,0,8,38,16,4,58,17,0,1,0,0,0.0,0,0,0.0,9,85,8,8,4,10,0.0,59,89,0,2,0,55,1,1.0,0.0,0.0,8,11.0,0.0,3.0,2.0,10,0,0,0,0,0,382,3
24,7,2021,2021-07-01,3,1,Rio de Janeiro,3304557,Capital,0,0,0,0,0,,0,0,,32,4,0,10,47,18,2,67,34,2,0,1,0,0.0,0,2,0.0,16,122,12,4,4,4,3.0,48,75,0,0,0,39,1,0.0,1.0,0.0,3,11.0,0.0,3.0,0.0,15,4,0,0,0,0,362,3
25,7,2021,2021-07-01,3,1,Rio de Janeiro,3304557,Capital,0,0,0,0,1,,1,0,,22,1,0,12,43,15,23,81,19,0,3,0,0,0.0,0,1,0.0,22,126,7,4,3,6,0.0,53,73,0,1,0,19,10,1.0,8.0,1.0,7,20.0,0.0,10.0,2.0,23,2,0,0,0,0,368,3
26,7,2021,2021-07-01,3,1,Rio de Janeiro,3304557,Capital,0,0,0,0,2,,2,2,,18,0,1,16,31,14,9,54,32,1,2,0,0,0.0,0,1,0.0,21,111,9,9,5,16,0.0,66,105,0,2,0,75,2,0.0,2.0,0.0,21,13.0,0.0,4.0,0.0,20,1,0,0,0,0,503,3
27,7,2021,2021-07-01,41,2,Rio de Janeiro,3304557,Capital,3,0,0,3,0,,3,2,,36,4,3,17,85,31,14,130,34,7,4,1,0,1.0,0,0,0.0,19,196,10,18,6,16,1.0,86,137,0,0,0,51,7,0.0,7.0,0.0,60,31.0,4.0,6.0,0.0,57,4,0,0,0,0,664,3
28,7,2021,2021-07-01,18,2,Rio de Janeiro,3304557,Capital,2,0,0,2,1,,3,0,,25,2,0,9,29,13,0,42,18,0,1,0,0,0.0,0,0,0.0,10,71,9,7,7,10,1.0,20,54,0,0,0,46,2,0.0,1.0,1.0,7,17.0,0.0,6.0,0.0,33,5,0,0,0,0,303,3
29,7,2021,2021-07-01,9,2,Rio de Janeiro,3304557,Capital,0,0,0,0,0,,0,0,,40,2,1,20,95,37,22,154,61,1,6,0,0,1.0,0,0,0.0,41,264,20,45,34,30,0.0,140,269,0,1,0,93,1,1.0,0.0,0.0,21,16.0,2.0,17.0,1.0,24,3,0,0,0,0,932,3
30,7,2021,2021-07-01,9,2,Rio de Janeiro,3304557,Capital,2,0,0,2,0,,2,0,,25,0,0,14,40,26,3,69,35,1,6,0,0,0.0,0,0,0.0,11,122,20,5,4,5,1.0,42,77,0,1,0,43,2,1.0,1.0,0.0,7,10.0,0.0,5.0,0.0,37,2,0,0,0,0,387,3
31,7,2021,2021-07-01,41,2,Rio de Janeiro,3304557,Capital,3,0,0,3,0,,3,7,,22,2,0,11,81,25,4,110,46,3,4,2,0,0.0,0,1,0.0,30,196,14,8,6,3,1.0,34,66,0,0,0,33,4,1.0,2.0,1.0,13,10.0,0.0,3.0,0.0,29,5,0,0,0,0,503,3
32,7,2021,2021-07-01,18,2,Rio de Janeiro,3304557,Capital,3,0,0,3,2,,5,3,,98,10,3,35,144,47,45,236,36,5,10,0,0,0.0,0,0,0.0,43,330,17,27,32,35,1.0,228,340,0,7,0,202,5,2.0,1.0,2.0,21,51.0,5.0,9.0,0.0,106,9,0,0,0,0,1494,3
33,7,2021,2021-07-01,14,2,Rio de Janeiro,3304557,Capital,6,0,0,6,1,,7,1,,61,3,3,42,66,41,9,116,39,12,8,1,0,1.0,0,0,0.0,17,194,31,6,6,17,0.0,69,129,0,4,0,123,7,3.0,3.0,1.0,21,29.0,3.0,5.0,0.0,63,1,0,0,0,0,869,3
34,7,2021,2021-07-01,14,2,Rio de Janeiro,3304557,Capital,8,0,0,8,3,,11,9,,94,11,6,42,87,42,28,157,100,21,3,1,0,0.0,1,3,0.0,27,313,38,16,9,7,2.0,82,154,0,7,0,92,14,4.0,5.0,5.0,28,47.0,3.0,17.0,2.0,73,10,0,0,0,0,1114,3
35,7,2021,2021-07-01,40,2,Rio de Janeiro,3304557,Capital,4,0,0,4,1,,5,3,,129,20,2,53,64,34,18,116,67,10,2,1,0,0.0,1,0,0.0,26,223,81,25,4,12,1.0,83,206,0,3,0,187,1,0.0,1.0,0.0,27,69.0,6.0,32.0,0.0,128,10,0,0,0,0,1168,3
36,7,2021,2021-07-01,27,2,Rio de Janeiro,3304557,Capital,3,0,0,3,4,,7,5,,73,11,1,22,39,7,8,54,14,3,4,0,0,0.0,0,1,0.0,8,84,22,7,3,5,1.0,60,98,0,1,0,77,1,1.0,0.0,0.0,5,19.0,1.0,5.0,0.0,68,9,0,0,0,0,610,3
37,7,2021,2021-07-01,17,1,Rio de Janeiro,3304557,Capital,4,0,0,4,0,,4,0,,41,4,0,19,35,8,2,45,9,0,3,0,0,0.0,0,0,0.0,8,65,11,14,2,4,0.0,93,124,0,2,1,107,0,0.0,0.0,0.0,20,14.0,5.0,6.0,0.0,41,4,0,0,0,0,750,3
38,7,2021,2021-07-01,16,1,Rio de Janeiro,3304557,Capital,5,0,0,5,2,,7,8,,43,2,2,19,45,25,18,88,37,21,1,2,0,0.0,0,3,0.0,21,173,16,2,7,10,0.0,32,67,0,0,0,52,4,0.0,3.0,1.0,36,17.0,1.0,5.0,0.0,44,6,1,0,0,0,528,3
39,7,2021,2021-07-01,41,2,Rio de Janeiro,3304557,Capital,4,0,1,5,1,,6,11,,32,4,0,17,79,20,59,158,123,8,1,1,0,0.0,0,4,0.0,60,355,12,8,2,10,0.0,39,71,0,0,0,47,4,0.0,4.0,0.0,66,16.0,1.0,7.0,1.0,22,2,0,0,0,0,707,3
40,7,2021,2021-07-01,9,2,Rio de Janeiro,3304557,Capital,1,0,0,1,0,,1,3,,21,0,0,13,69,18,26,113,57,5,1,1,0,0.0,0,0,0.0,38,215,4,11,2,6,0.0,31,54,0,0,0,30,0,0.0,0.0,0.0,96,7.0,0.0,2.0,0.0,23,0,0,0,0,0,490,3
41,7,2021,2021-07-01,18,2,Rio de Janeiro,3304557,Capital,3,0,0,3,0,,3,2,,41,2,1,15,54,15,4,73,17,0,2,0,0,1.0,0,0,0.0,7,100,2,6,17,10,1.0,52,88,0,2,1,61,1,1.0,0.0,0.0,3,11.0,1.0,3.0,0.0,61,1,0,0,0,0,447,3
42,7,2021,2021-07-01,31,2,Rio de Janeiro,3304557,Capital,2,0,0,2,0,,2,1,,41,7,3,22,28,14,4,46,15,0,4,3,0,0.0,0,0,1.0,11,80,21,5,8,27,3.0,106,170,0,4,0,119,91,89.0,2.0,0.0,6,30.0,3.0,8.0,1.0,51,8,0,0,0,0,897,3
43,7,2021,2021-07-01,27,2,Rio de Janeiro,3304557,Capital,0,1,0,1,0,,1,2,,77,4,0,35,11,8,2,21,5,1,1,0,0,0.0,0,0,0.0,7,35,19,3,7,12,0.0,36,77,0,0,0,42,0,0.0,0.0,0.0,2,12.0,0.0,4.0,0.0,72,4,1,0,0,0,432,3
44,7,2021,2021-07-01,3,1,Rio de Janeiro,3304557,Capital,0,0,0,0,0,,0,2,,24,0,2,20,76,27,7,110,20,2,4,1,0,0.0,0,0,0.0,7,144,12,7,3,12,0.0,60,94,0,0,0,51,3,1.0,2.0,0.0,4,11.0,1.0,6.0,0.0,29,0,0,0,0,0,418,3
48,7,2021,2021-07-01,24,3,Seropédica,3305554,Baixada Fluminense,1,0,0,1,0,,1,2,,10,4,2,7,3,11,0,14,5,2,2,0,0,0.0,0,0,0.0,5,28,6,2,0,4,2.0,13,27,0,0,0,9,9,1.0,7.0,1.0,2,13.0,1.0,7.0,0.0,24,2,0,0,0,0,177,3
50,7,2021,2021-07-01,24,3,Itaguaí,3302007,Baixada Fluminense,3,0,0,3,0,,3,0,,52,10,2,12,15,2,2,19,10,0,5,3,0,0.0,0,0,1.0,4,42,12,5,0,3,0.0,48,68,0,0,0,42,7,6.0,1.0,0.0,8,12.0,0.0,9.0,0.0,31,3,0,0,0,0,380,3
51,7,2021,2021-07-01,24,3,Paracambi,3303609,Baixada Fluminense,0,0,0,0,0,,0,2,,12,2,0,5,2,0,0,2,0,0,0,0,0,0.0,0,0,0.0,1,3,3,2,0,1,3.0,10,19,0,0,0,11,8,5.0,3.0,1.0,1,8.0,0.0,6.0,1.0,15,1,0,0,0,0,119,3
52,7,2021,2021-07-01,20,3,Nova Iguaçu,3303500,Baixada Fluminense,5,0,0,5,0,,5,3,,52,0,3,24,65,29,28,122,36,3,8,0,0,0.0,0,1,0.0,14,184,30,23,3,11,4.0,62,133,0,3,0,86,2,1.0,1.0,0.0,7,35.0,5.0,15.0,0.0,39,5,0,0,0,0,682,3
53,7,2021,2021-07-01,20,3,Mesquita,3302858,Baixada Fluminense,3,0,0,3,1,,4,4,,49,3,0,14,47,32,21,100,20,5,1,1,0,0.0,0,1,1.0,6,135,19,6,1,7,3.0,30,66,0,0,0,45,12,1.0,11.0,0.0,9,30.0,2.0,9.0,0.0,40,3,0,0,0,0,444,3
54,7,2021,2021-07-01,39,3,Belford Roxo,3300456,Baixada Fluminense,10,0,0,10,4,,14,12,,98,20,2,28,110,22,43,175,100,12,2,1,0,0.0,0,1,0.0,28,319,45,2,1,6,1.0,40,95,0,3,1,63,6,0.0,6.0,0.0,30,29.0,2.0,17.0,1.0,103,13,1,0,0,0,929,3
55,7,2021,2021-07-01,24,3,Queimados,3304144,Baixada Fluminense,4,0,0,4,3,,7,9,,49,9,0,21,59,27,4,90,11,2,3,1,0,1.0,0,0,0.0,8,116,13,3,0,19,0.0,46,81,0,1,0,29,8,4.0,3.0,1.0,7,23.0,2.0,10.0,0.0,49,3,0,0,0,0,442,3
56,7,2021,2021-07-01,20,3,Nova Iguaçu,3303500,Baixada Fluminense,4,0,0,4,1,,5,4,,99,12,1,20,81,39,9,129,34,3,10,5,0,0.0,0,1,1.0,28,211,18,5,0,10,1.0,42,76,0,1,0,40,4,4.0,0.0,0.0,15,27.0,1.0,12.0,0.0,83,12,0,0,0,0,672,3
57,7,2021,2021-07-01,20,3,Nilópolis,3303203,Baixada Fluminense,3,0,0,3,0,,3,4,,46,1,0,12,52,32,6,90,26,1,5,0,0,0.0,0,0,0.0,19,141,32,7,0,8,1.0,45,93,0,0,0,25,0,0.0,0.0,0.0,8,8.0,1.0,8.0,0.0,38,4,0,0,0,0,450,3
58,7,2021,2021-07-01,20,3,Nova Iguaçu,3303500,Baixada Fluminense,6,0,1,7,1,,8,3,,138,11,4,25,61,31,12,104,52,5,3,4,0,0.0,0,3,0.0,17,188,18,2,0,10,2.0,36,68,0,3,1,46,13,11.0,2.0,1.0,13,35.0,2.0,7.0,0.0,118,9,1,0,0,0,782,3
59,7,2021,2021-07-01,15,3,Duque de Caxias,3301702,Baixada Fluminense,3,0,0,3,3,,6,2,,79,9,1,37,171,16,20,207,74,19,8,1,0,0.0,0,2,0.0,28,339,52,37,0,5,0.0,88,182,0,2,0,94,5,1.0,4.0,0.0,30,43.0,0.0,11.0,0.0,94,11,0,0,0,0,1122,3
60,7,2021,2021-07-01,15,3,Duque de Caxias,3301702,Baixada Fluminense,5,1,0,6,3,,9,7,,56,3,6,25,59,19,15,93,87,14,4,3,0,0.0,0,1,0.0,23,225,23,5,1,4,0.0,28,61,0,4,0,44,7,0.0,7.0,0.0,30,34.0,5.0,8.0,1.0,59,4,0,0,0,0,625,3
61,7,2021,2021-07-01,15,3,Duque de Caxias,3301702,Baixada Fluminense,0,0,0,0,2,,2,3,,13,2,0,6,16,1,0,17,7,1,0,0,0,0.0,0,0,0.0,1,26,8,1,0,3,0.0,7,19,0,1,0,16,0,0.0,0.0,0.0,6,1.0,0.0,3.0,0.0,17,1,0,0,0,0,132,3
62,7,2021,2021-07-01,15,3,Duque de Caxias,3301702,Baixada Fluminense,3,0,0,3,0,,3,8,,35,5,1,7,59,27,0,86,44,7,4,1,0,0.0,0,0,0.0,19,161,11,5,0,3,2.0,18,39,0,0,0,14,5,0.0,5.0,0.0,21,9.0,2.0,6.0,0.0,43,4,0,0,0,0,395,3
63,7,2021,2021-07-01,24,3,Japeri,3302270,Baixada Fluminense,2,0,0,2,2,,4,3,,27,0,1,6,13,4,4,21,6,1,2,1,0,0.0,0,0,0.0,4,35,4,1,0,3,0.0,21,29,0,2,0,10,21,14.0,7.0,0.0,10,13.0,2.0,5.0,0.0,14,1,0,0,0,0,225,3
64,7,2021,2021-07-01,21,3,São João de Meriti,3305109,Baixada Fluminense,12,0,0,12,6,,18,13,,86,21,2,48,145,67,109,321,112,30,10,1,1,0.0,0,4,0.0,46,525,73,16,10,13,0.0,78,190,0,1,0,233,7,2.0,5.0,0.0,44,37.0,1.0,19.0,1.0,73,16,0,0,0,0,1461,3
65,7,2021,2021-07-01,34,3,Magé,3302502,Baixada Fluminense,1,0,1,2,6,,8,5,,38,3,0,5,8,3,1,12,7,0,0,0,0,0.0,0,0,0.0,5,24,2,0,0,5,1.0,21,29,0,2,0,21,8,2.0,6.0,0.0,3,14.0,0.0,6.0,0.0,19,4,0,0,0,0,217,3
66,7,2021,2021-07-01,34,3,Magé,3302502,Baixada Fluminense,2,0,0,2,0,,2,2,,65,4,0,22,11,3,2,16,5,0,1,0,0,0.0,0,0,0.0,1,23,8,0,0,7,6.0,24,45,0,0,0,28,3,2.0,1.0,0.0,3,19.0,0.0,8.0,0.0,54,10,0,0,0,0,347,3
67,7,2021,2021-07-01,34,3,Guapimirim,3301850,Baixada Fluminense,1,0,0,1,0,,1,0,,7,3,2,8,3,3,0,6,2,0,0,0,0,0.0,0,0,0.0,1,9,3,1,0,2,0.0,5,11,0,0,0,5,5,0.0,5.0,0.0,3,12.0,2.0,3.0,1.0,12,1,0,0,0,0,132,3
1,8,2021,2021-08-01,5,1,Rio de Janeiro,3304557,Capital,0,0,0,0,0,,0,0,,6,1,1,0,35,14,1,50,0,0,0,0,0,0.0,1,5,0.0,6,62,1,22,13,21,0.0,47,104,0,0,0,108,1,1.0,0.0,0.0,0,15.0,0.0,4.0,0.0,5,0,0,0,0,0,410,3
4,8,2021,2021-08-01,5,1,Rio de Janeiro,3304557,Capital,0,0,0,0,0,,0,0,,24,0,2,11,38,7,12,57,1,0,1,0,0,0.0,0,1,0.0,10,70,1,18,26,19,0.0,66,130,0,1,0,33,9,2.0,5.0,2.0,1,26.0,1.0,12.0,0.0,10,2,0,0,0,0,392,3
5,8,2021,2021-08-01,5,1,Rio de Janeiro,3304557,Capital,1,0,0,1,1,,2,1,,34,1,0,10,113,14,9,136,4,0,2,0,0,0.0,0,1,1.0,19,163,9,57,7,63,6.0,125,267,0,2,0,174,9,6.0,2.0,1.0,7,56.0,6.0,10.0,1.0,26,1,0,1,0,0,897,3
6,8,2021,2021-08-01,4,1,Rio de Janeiro,3304557,Capital,1,0,0,1,1,,2,3,,18,2,2,12,26,7,15,48,18,0,5,0,0,0.0,0,0,0.0,9,80,4,6,8,14,0.0,30,62,0,0,0,30,2,2.0,0.0,0.0,15,12.0,2.0,4.0,0.0,24,2,0,0,0,0,317,3
7,8,2021,2021-08-01,5,1,Rio de Janeiro,3304557,Capital,1,0,0,1,2,,3,1,,13,1,0,1,17,3,2,22,5,0,0,0,0,0.0,0,0,0.0,5,32,8,0,1,1,0.0,14,24,0,0,0,9,1,0.0,1.0,0.0,1,7.0,0.0,1.0,0.0,17,0,0,0,0,0,131,3
9,8,2021,2021-08-01,2,1,Rio de Janeiro,3304557,Capital,0,0,0,0,0,,0,3,,22,3,1,9,53,28,19,100,14,0,4,1,0,1.0,0,0,1.0,15,136,18,24,9,47,5.0,83,186,0,2,0,151,7,5.0,2.0,0.0,2,13.0,1.0,3.0,0.0,35,0,0,0,0,0,744,3
10,8,2021,2021-08-01,2,1,Rio de Janeiro,3304557,Capital,2,0,0,2,0,,2,0,,20,0,0,7,26,14,2,42,9,0,6,2,0,0.0,0,1,2.0,15,77,15,26,10,60,8.0,156,275,0,2,0,127,5,4.0,1.0,0.0,1,37.0,12.0,2.0,1.0,39,1,0,0,0,0,751,3
11,8,2021,2021-08-01,23,1,Rio de Janeiro,3304557,Capital,1,0,0,1,0,,1,0,,13,0,0,4,1,1,0,2,0,0,1,1,0,0.0,0,0,0.0,0,4,1,2,3,2,0.0,2,10,0,0,0,12,3,1.0,2.0,0.0,0,1.0,0.0,3.0,0.0,7,0,0,0,0,0,66,3
12,8,2021,2021-08-01,19,1,Rio de Janeiro,3304557,Capital,0,0,0,0,0,,0,3,,23,1,0,8,22,16,2,40,0,0,7,0,0,0.0,0,0,0.0,11,58,3,54,19,72,11.0,155,314,0,3,0,101,15,13.0,2.0,0.0,1,44.0,15.0,12.0,6.0,17,2,0,0,0,0,731,3
13,8,2021,2021-08-01,19,1,Rio de Janeiro,3304557,Capital,0,0,0,0,0,,0,0,,18,2,0,2,17,6,1,24,0,0,0,0,0,0.0,0,0,1.0,2,27,1,21,5,34,7.0,58,126,0,2,0,78,7,6.0,1.0,0.0,0,30.0,9.0,4.0,0.0,13,4,0,0,0,0,388,3
14,8,2021,2021-08-01,23,1,Rio de Janeiro,3304557,Capital,1,0,0,1,0,,1,2,,9,0,0,10,33,28,3,64,2,0,9,0,0,0.0,0,0,2.0,8,85,8,43,6,93,15.0,101,266,0,1,0,124,22,16.0,6.0,0.0,1,60.0,17.0,13.0,3.0,16,2,0,0,0,0,662,3
15,8,2021,2021-08-01,23,1,Rio de Janeiro,3304557,Capital,1,0,0,1,0,,1,1,,10,0,2,6,42,8,3,53,9,0,7,2,0,0.0,0,0,0.0,4,75,7,10,15,17,0.0,32,81,0,2,0,80,4,4.0,0.0,0.0,1,19.0,3.0,4.0,0.0,16,2,0,0,0,0,360,3
16,8,2021,2021-08-01,31,2,Rio de Janeiro,3304557,Capital,0,0,0,0,0,,0,5,,40,1,1,28,58,26,15,99,3,0,7,0,0,0.0,0,2,1.0,21,133,25,27,58,124,4.0,226,464,0,2,0,181,14,11.0,3.0,1.0,19,34.0,9.0,10.0,0.0,58,7,0,0,0,0,1173,3
17,8,2021,2021-08-01,4,1,Rio de Janeiro,3304557,Capital,0,0,0,0,0,,0,1,,17,4,1,17,38,18,19,75,20,3,5,0,0,0.0,0,0,0.0,31,134,9,3,7,14,0.0,95,128,0,2,1,31,11,4.0,4.0,3.0,5,26.0,3.0,11.0,2.0,23,1,0,0,0,0,482,3
18,8,2021,2021-08-01,6,1,Rio de Janeiro,3304557,Capital,0,0,0,0,0,,0,1,,14,0,0,11,32,23,12,67,23,0,3,0,0,0.0,0,1,0.0,8,102,5,11,7,14,2.0,67,106,0,1,0,36,7,4.0,3.0,0.0,5,14.0,4.0,2.0,0.0,9,0,0,0,0,0,383,3
19,8,2021,2021-08-01,6,1,Rio de Janeiro,3304557,Capital,0,0,0,0,1,,1,11,,37,2,0,8,26,15,1,42,29,0,4,1,0,0.0,0,2,0.0,4,82,3,14,13,21,4.0,71,126,0,5,0,112,4,1.0,3.0,0.0,3,20.0,3.0,10.0,1.0,37,1,0,0,0,0,555,3
20,8,2021,2021-08-01,6,1,Rio de Janeiro,3304557,Capital,0,0,0,0,2,,2,4,,20,3,0,5,41,7,1,49,23,3,2,1,0,0.0,0,0,0.0,7,85,5,8,7,12,1.0,49,82,0,4,0,72,17,12.0,5.0,0.0,2,16.0,1.0,0.0,0.0,36,1,0,1,0,0,413,3
21,8,2021,2021-08-01,22,1,Rio de Janeiro,3304557,Capital,4,0,0,4,2,,6,0,,42,5,4,55,110,40,47,197,35,6,5,2,0,0.0,0,0,0.0,31,276,19,23,29,22,1.0,112,206,0,3,0,107,8,2.0,6.0,0.0,43,32.0,0.0,62.0,2.0,43,10,0,0,0,0,1053,3
22,8,2021,2021-08-01,16,1,Rio de Janeiro,3304557,Capital,5,0,0,5,3,,8,0,,39,4,0,26,68,19,10,97,33,7,1,1,0,0.0,0,1,0.0,17,157,21,24,19,19,0.0,123,206,0,2,0,129,4,0.0,3.0,1.0,23,34.0,1.0,18.0,0.0,38,4,0,0,1,0,837,3
23,8,2021,2021-08-01,3,1,Rio de Janeiro,3304557,Capital,1,0,0,1,0,,1,0,,32,2,0,4,34,11,6,51,16,0,2,0,0,1.0,0,1,0.0,12,83,13,9,4,13,0.0,58,97,0,1,0,63,1,1.0,0.0,0.0,3,9.0,1.0,1.0,1.0,29,1,0,0,0,0,405,3
24,8,2021,2021-08-01,3,1,Rio de Janeiro,3304557,Capital,2,0,0,2,0,,2,0,,22,3,0,16,48,12,3,63,35,6,4,0,0,0.0,0,0,0.0,10,118,12,2,1,9,0.0,49,73,0,1,0,37,1,0.0,0.0,1.0,6,9.0,2.0,2.0,0.0,35,3,0,0,0,0,360,3
25,8,2021,2021-08-01,3,1,Rio de Janeiro,3304557,Capital,0,0,0,0,1,,1,5,,22,2,1,18,33,16,16,65,22,2,4,1,0,0.0,0,0,0.0,17,111,7,8,5,3,0.0,53,76,0,1,0,39,11,1.0,10.0,0.0,14,24.0,3.0,9.0,0.0,34,1,0,0,0,0,404,3
26,8,2021,2021-08-01,3,1,Rio de Janeiro,3304557,Capital,0,0,0,0,0,,0,0,,17,2,0,17,57,14,12,83,35,3,3,1,0,0.0,0,1,0.0,16,142,5,10,8,11,0.0,61,95,0,0,0,60,2,2.0,0.0,0.0,7,6.0,2.0,3.0,0.0,26,1,0,0,0,0,456,3
27,8,2021,2021-08-01,41,2,Rio de Janeiro,3304557,Capital,2,0,0,2,6,,8,2,,46,3,1,7,47,28,9,84,47,3,5,1,0,1.0,0,4,0.0,25,170,16,15,3,20,0.0,59,113,0,2,0,100,5,0.0,5.0,0.0,70,19.0,0.0,13.0,0.0,43,6,0,0,0,0,675,3
28,8,2021,2021-08-01,18,2,Rio de Janeiro,3304557,Capital,1,0,0,1,0,,1,2,,14,1,0,10,29,9,2,40,15,1,2,0,0,0.0,0,0,0.0,5,63,8,4,7,10,0.0,27,56,0,3,0,36,2,2.0,0.0,0.0,3,5.0,0.0,2.0,1.0,18,4,0,0,0,0,267,3
29,8,2021,2021-08-01,9,2,Rio de Janeiro,3304557,Capital,2,0,0,2,3,,5,15,,50,1,0,28,90,38,37,165,64,3,1,0,0,0.0,0,1,0.0,27,261,24,29,28,27,2.0,104,214,0,2,0,104,4,2.0,3.0,0.0,12,27.0,5.0,8.0,0.0,44,2,0,0,0,0,927,3
30,8,2021,2021-08-01,9,2,Rio de Janeiro,3304557,Capital,0,0,0,0,0,,0,1,,27,0,0,8,43,20,6,69,28,2,1,1,0,0.0,0,0,0.0,9,110,15,2,3,5,1.0,31,57,0,2,0,42,7,0.0,6.0,1.0,13,18.0,3.0,2.0,0.0,29,5,0,0,0,0,359,3
31,8,2021,2021-08-01,41,2,Rio de Janeiro,3304557,Capital,1,0,0,1,1,,2,4,,35,6,1,15,56,10,10,76,60,8,4,1,0,0.0,1,0,0.0,17,167,15,9,6,7,0.0,39,76,0,1,0,36,5,0.0,4.0,1.0,8,9.0,0.0,5.0,0.0,29,4,1,0,0,0,488,3
32,8,2021,2021-08-01,18,2,Rio de Janeiro,3304557,Capital,9,1,0,10,0,,10,9,,114,8,1,36,152,35,20,207,28,2,13,2,0,1.0,0,0,0.0,35,288,20,30,34,34,1.0,219,338,0,5,0,222,3,2.0,1.0,0.0,24,54.0,4.0,9.0,0.0,136,10,0,0,0,0,1531,3
33,8,2021,2021-08-01,14,2,Rio de Janeiro,3304557,Capital,4,0,0,4,1,,5,5,,57,5,0,34,51,25,6,82,41,13,4,0,0,0.0,0,1,0.0,15,156,28,5,22,15,0.0,76,146,0,1,0,133,6,2.0,4.0,0.0,6,18.0,0.0,2.0,1.0,69,1,0,1,0,0,819,3
34,8,2021,2021-08-01,14,2,Rio de Janeiro,3304557,Capital,3,0,0,3,5,,8,3,,111,4,1,47,71,32,18,121,107,16,7,1,0,1.0,0,1,1.0,27,282,29,20,8,21,5.0,94,177,0,3,0,109,31,1.0,20.0,10.0,21,58.0,4.0,13.0,3.0,81,10,0,0,0,0,1064,3
35,8,2021,2021-08-01,40,2,Rio de Janeiro,3304557,Capital,5,0,2,7,0,,7,2,,141,14,2,60,59,28,17,104,88,14,5,1,0,0.0,1,1,0.0,19,233,71,27,7,28,0.0,105,238,0,7,0,202,2,1.0,1.0,0.0,26,53.0,0.0,16.0,0.0,138,9,0,0,0,0,1298,3
36,8,2021,2021-08-01,27,2,Rio de Janeiro,3304557,Capital,2,0,0,2,0,,2,2,,87,12,3,22,32,7,9,48,15,2,2,0,0,0.0,0,1,0.0,9,77,20,5,3,8,1.0,50,87,0,3,0,104,1,0.0,0.0,1.0,6,14.0,0.0,7.0,0.0,95,12,0,0,0,0,642,3
37,8,2021,2021-08-01,17,1,Rio de Janeiro,3304557,Capital,1,0,0,1,0,,1,0,,30,2,2,20,20,7,2,29,14,0,7,1,0,0.0,0,0,0.0,6,57,16,13,5,10,1.0,90,135,0,3,0,105,1,1.0,0.0,0.0,22,13.0,1.0,7.0,0.0,44,2,1,0,0,0,733,3
38,8,2021,2021-08-01,16,1,Rio de Janeiro,3304557,Capital,3,0,0,3,2,,5,6,,44,5,0,21,38,16,16,70,28,11,4,1,1,0.0,0,2,0.0,18,135,16,5,5,5,0.0,41,72,0,1,0,65,3,1.0,2.0,0.0,37,17.0,1.0,10.0,1.0,40,6,1,0,0,0,530,3
39,8,2021,2021-08-01,41,2,Rio de Janeiro,3304557,Capital,3,0,0,3,7,,10,13,,29,2,0,13,76,16,42,134,108,9,2,0,0,0.0,0,1,0.0,55,309,12,6,4,3,0.0,35,60,0,0,0,36,10,0.0,10.0,0.0,61,37.0,3.0,17.0,0.0,18,1,0,0,0,0,625,3
40,8,2021,2021-08-01,9,2,Rio de Janeiro,3304557,Capital,2,0,0,2,0,,2,1,,24,2,1,10,68,13,18,99,55,1,4,1,0,0.0,0,1,1.0,23,185,12,2,3,4,0.0,30,51,0,0,0,34,4,0.0,4.0,0.0,90,18.0,3.0,5.0,0.0,36,2,0,0,0,0,477,3
41,8,2021,2021-08-01,18,2,Rio de Janeiro,3304557,Capital,2,0,1,3,0,,3,2,,37,3,1,24,33,10,3,46,6,0,4,1,0,2.0,0,1,0.0,14,74,10,5,17,8,3.0,38,81,0,2,0,66,0,0.0,0.0,0.0,1,31.0,2.0,7.0,0.0,27,0,0,0,0,0,390,3
42,8,2021,2021-08-01,31,2,Rio de Janeiro,3304557,Capital,1,0,0,1,0,,1,1,,56,4,1,27,27,7,4,38,7,0,5,3,0,0.0,0,0,0.0,10,63,22,17,10,30,3.0,93,175,0,4,1,135,125,120.0,3.0,2.0,9,40.0,6.0,8.0,0.0,64,0,0,0,0,0,876,3
43,8,2021,2021-08-01,27,2,Rio de Janeiro,3304557,Capital,1,0,1,2,0,,2,1,,82,7,1,24,18,12,2,32,14,1,0,0,0,0.0,0,0,0.0,2,49,10,0,3,10,0.0,23,46,0,0,0,53,1,1.0,0.0,0.0,5,9.0,0.0,5.0,0.0,79,7,2,0,0,0,423,3
44,8,2021,2021-08-01,3,1,Rio de Janeiro,3304557,Capital,0,0,0,0,0,,0,1,,32,2,3,22,72,29,13,114,15,5,1,2,0,0.0,0,0,0.0,15,152,10,6,3,5,0.0,51,75,0,1,0,49,4,1.0,3.0,0.0,4,9.0,1.0,1.0,0.0,28,1,0,0,0,0,431,3
48,8,2021,2021-08-01,24,3,Seropédica,3305554,Baixada Fluminense,1,0,0,1,0,,1,0,,27,6,4,5,10,3,0,13,8,5,5,0,0,0.0,0,0,0.0,4,35,4,0,1,4,0.0,17,26,0,0,0,14,6,3.0,4.0,0.0,5,15.0,1.0,4.0,0.0,29,2,0,0,0,0,203,3
50,8,2021,2021-08-01,24,3,Itaguaí,3302007,Baixada Fluminense,3,0,0,3,4,,7,1,,53,6,1,8,12,8,4,24,13,2,1,0,0,0.0,0,0,0.0,4,44,15,3,1,8,1.0,48,76,0,1,0,47,9,5.0,4.0,0.0,19,40.0,1.0,12.0,0.0,37,6,0,1,0,0,451,3
51,8,2021,2021-08-01,24,3,Paracambi,3303609,Baixada Fluminense,0,0,0,0,0,,0,1,,16,0,0,2,0,1,0,1,0,0,1,0,0,0.0,0,0,0.0,1,3,2,1,1,1,0.0,11,16,0,0,0,12,17,10.0,7.0,0.0,1,7.0,3.0,7.0,0.0,17,1,1,0,0,0,115,3
52,8,2021,2021-08-01,20,3,Nova Iguaçu,3303500,Baixada Fluminense,3,0,0,3,0,,3,0,,45,8,0,25,67,53,23,143,23,2,4,2,0,0.0,0,0,0.0,9,183,53,17,2,23,2.0,70,167,0,3,0,99,5,4.0,1.0,0.0,2,40.0,1.0,13.0,0.0,39,7,0,0,0,0,725,3
53,8,2021,2021-08-01,20,3,Mesquita,3302858,Baixada Fluminense,2,0,0,2,3,,5,6,,50,2,0,20,61,22,34,117,13,5,3,0,0,0.0,0,2,0.0,14,154,9,4,1,4,1.0,40,59,0,0,0,38,2,0.0,1.0,1.0,5,11.0,0.0,6.0,0.0,37,5,0,0,0,0,427,3
54,8,2021,2021-08-01,39,3,Belford Roxo,3300456,Baixada Fluminense,16,0,0,16,4,,20,5,,104,10,2,25,97,41,48,186,125,8,5,0,0,1.0,0,1,0.0,37,363,63,6,2,7,0.0,51,129,0,1,0,61,13,0.0,10.0,3.0,40,56.0,7.0,19.0,1.0,88,21,0,0,0,0,1038,3
55,8,2021,2021-08-01,24,3,Queimados,3304144,Baixada Fluminense,4,0,0,4,2,,6,2,,56,5,0,11,49,21,6,76,11,1,5,4,0,0.0,0,1,0.0,9,107,12,4,1,10,3.0,35,65,0,1,0,30,4,2.0,2.0,0.0,5,12.0,0.0,16.0,1.0,56,6,0,0,0,0,457,3
56,8,2021,2021-08-01,20,3,Nova Iguaçu,3303500,Baixada Fluminense,1,0,0,1,0,,1,3,,77,11,2,14,83,36,11,130,24,13,7,11,0,1.0,0,1,0.0,18,205,20,6,1,6,1.0,43,77,0,4,0,56,10,8.0,2.0,0.0,11,20.0,1.0,9.0,0.0,75,6,0,0,0,0,644,3
57,8,2021,2021-08-01,20,3,Nilópolis,3303203,Baixada Fluminense,2,0,0,2,0,,2,5,,42,2,0,5,70,28,4,102,23,5,3,1,0,0.0,0,0,0.0,21,155,15,5,1,5,1.0,53,80,0,0,0,42,0,0.0,0.0,0.0,9,18.0,0.0,5.0,1.0,31,3,0,0,0,0,483,3
58,8,2021,2021-08-01,20,3,Nova Iguaçu,3303500,Baixada Fluminense,8,0,0,8,0,,8,2,,150,10,2,29,67,20,8,95,60,9,1,3,0,0.0,0,1,0.0,17,186,32,2,0,15,0.0,24,73,0,2,0,56,6,5.0,1.0,0.0,20,19.0,1.0,13.0,1.0,136,14,1,0,0,0,788,3
59,8,2021,2021-08-01,15,3,Duque de Caxias,3301702,Baixada Fluminense,3,0,1,4,2,,6,5,,106,14,2,51,160,16,19,195,89,30,8,0,0,0.0,0,11,0.0,38,371,61,38,2,12,0.0,116,229,0,2,2,102,2,0.0,2.0,0.0,47,34.0,3.0,20.0,0.0,101,13,0,0,0,0,1237,3
60,8,2021,2021-08-01,15,3,Duque de Caxias,3301702,Baixada Fluminense,6,0,1,7,11,,18,9,,56,7,3,23,56,13,16,85,65,17,6,0,0,0.0,1,3,2.0,17,196,23,3,0,6,1.0,26,59,0,3,0,63,3,0.0,3.0,0.0,22,34.0,2.0,15.0,0.0,60,5,0,0,0,0,616,3
61,8,2021,2021-08-01,15,3,Duque de Caxias,3301702,Baixada Fluminense,2,0,0,2,0,,2,1,,15,0,0,6,8,1,0,9,4,1,0,0,0,0.0,0,0,0.0,1,15,2,2,0,0,2.0,18,24,0,0,0,11,0,0.0,0.0,0.0,1,10.0,1.0,0.0,0.0,17,1,0,0,0,0,120,3
62,8,2021,2021-08-01,15,3,Duque de Caxias,3301702,Baixada Fluminense,1,0,0,1,2,,3,6,,43,6,1,11,59,13,4,76,19,7,9,1,0,0.0,1,2,1.0,7,123,15,3,2,5,0.0,27,52,0,0,0,20,6,1.0,4.0,1.0,16,8.0,2.0,15.0,0.0,42,3,0,0,0,0,381,3
63,8,2021,2021-08-01,24,3,Japeri,3302270,Baixada Fluminense,3,0,0,3,5,,8,2,,20,6,0,3,9,1,5,15,7,3,1,2,0,0.0,0,0,0.0,1,29,6,1,0,3,0.0,28,38,0,0,0,8,19,13.0,6.0,0.0,4,20.0,0.0,4.0,0.0,25,6,1,0,0,0,232,3
64,8,2021,2021-08-01,21,3,São João de Meriti,3305109,Baixada Fluminense,11,0,0,11,10,,21,15,,98,14,5,37,156,37,89,282,109,21,7,1,0,0.0,0,0,0.0,44,464,72,21,9,9,0.0,103,214,0,1,0,250,12,3.0,9.0,0.0,48,44.0,3.0,13.0,0.0,78,9,0,0,0,0,1443,3
65,8,2021,2021-08-01,34,3,Magé,3302502,Baixada Fluminense,4,0,0,4,0,,4,1,,37,5,0,7,6,1,1,8,4,1,0,0,0,0.0,0,0,0.0,1,14,6,5,2,3,1.0,12,29,0,3,0,32,12,1.0,10.0,1.0,1,21.0,1.0,13.0,0.0,25,2,0,0,0,0,260,3
66,8,2021,2021-08-01,34,3,Magé,3302502,Baixada Fluminense,3,0,0,3,0,,3,4,,54,6,3,23,9,2,0,11,9,0,3,3,0,1.0,0,0,0.0,1,28,11,2,1,9,5.0,30,58,0,1,0,34,2,2.0,0.0,0.0,1,13.0,1.0,22.0,1.0,55,3,0,0,0,0,376,3
67,8,2021,2021-08-01,34,3,Guapimirim,3301850,Baixada Fluminense,1,0,0,1,0,,1,0,,17,2,1,4,3,2,1,6,4,1,0,0,0,0.0,0,0,0.0,2,13,2,0,0,0,0.0,15,17,0,2,0,12,5,1.0,4.0,0.0,2,6.0,0.0,4.0,0.0,18,0,0,0,0,0,159,3
1,9,2021,2021-09-01,5,1,Rio de Janeiro,3304557,Capital,0,0,0,0,0,,0,0,,6,0,1,1,40,9,4,53,0,1,0,0,0,0.0,0,1,0.0,3,58,0,23,6,23,1.0,30,83,0,1,0,121,1,1.0,0.0,0.0,2,10.0,3.0,4.0,0.0,5,0,0,0,0,0,424,3
4,9,2021,2021-09-01,5,1,Rio de Janeiro,3304557,Capital,0,0,0,0,0,,0,0,,21,1,3,3,27,10,9,46,1,0,0,0,0,0.0,0,0,0.0,7,54,3,19,17,19,1.0,74,133,0,0,0,35,8,1.0,7.0,0.0,3,24.0,1.0,5.0,0.0,9,2,0,0,0,0,352,3
5,9,2021,2021-09-01,5,1,Rio de Janeiro,3304557,Capital,1,0,0,1,0,,1,1,,32,0,0,8,139,22,23,184,3,0,2,0,0,1.0,0,0,0.0,25,215,14,70,5,55,5.0,93,242,0,4,0,123,12,7.0,1.0,4.0,2,45.0,1.0,13.0,0.0,24,2,0,0,0,0,884,3
6,9,2021,2021-09-01,4,1,Rio de Janeiro,3304557,Capital,0,0,0,0,2,,2,1,,16,1,0,14,31,8,7,46,10,0,2,0,0,0.0,0,0,0.0,4,62,6,6,5,9,0.0,33,59,0,0,0,29,0,0.0,0.0,0.0,13,5.0,0.0,4.0,0.0,9,1,0,0,0,0,272,3
7,9,2021,2021-09-01,5,1,Rio de Janeiro,3304557,Capital,0,0,0,0,0,,0,0,,11,2,0,0,15,2,1,18,8,0,0,0,0,0.0,0,0,1.0,10,37,6,3,1,1,0.0,20,31,0,1,0,18,3,0.0,3.0,0.0,5,5.0,0.0,5.0,0.0,13,0,0,0,0,0,146,3
9,9,2021,2021-09-01,2,1,Rio de Janeiro,3304557,Capital,0,0,0,0,0,,0,1,,16,4,2,15,84,33,6,123,19,0,3,1,0,0.0,0,0,6.0,14,166,20,23,7,54,6.0,86,196,0,4,1,156,15,10.0,5.0,0.0,2,30.0,8.0,5.0,0.0,29,5,0,0,0,0,801,3
10,9,2021,2021-09-01,2,1,Rio de Janeiro,3304557,Capital,0,0,0,0,0,,0,1,,13,3,0,12,36,11,7,54,6,1,6,0,0,2.0,0,0,1.0,9,79,10,16,21,68,6.0,151,272,0,5,0,97,7,4.0,3.0,0.0,2,32.0,7.0,8.0,0.0,23,2,0,0,0,0,710,3
11,9,2021,2021-09-01,23,1,Rio de Janeiro,3304557,Capital,0,0,0,0,0,,0,0,,17,0,0,0,0,1,0,1,0,0,0,0,0,0.0,0,0,0.0,0,1,2,2,1,0,0.0,5,10,0,0,0,6,0,0.0,0.0,0.0,0,14.0,0.0,1.0,0.0,9,1,0,0,0,0,56,3
12,9,2021,2021-09-01,19,1,Rio de Janeiro,3304557,Capital,0,0,0,0,0,,0,0,,20,2,0,6,28,13,1,42,0,0,7,1,0,0.0,0,0,2.0,7,59,6,51,13,72,18.0,165,325,0,1,0,112,12,5.0,6.0,1.0,0,36.0,17.0,12.0,4.0,27,1,1,0,0,0,799,3
13,9,2021,2021-09-01,19,1,Rio de Janeiro,3304557,Capital,0,0,0,0,0,,0,0,,16,2,0,1,15,8,1,24,0,0,4,0,0,1.0,0,0,2.0,2,33,1,16,4,29,3.0,45,98,0,1,0,61,10,6.0,4.0,0.0,0,24.0,2.0,2.0,1.0,16,1,0,0,0,0,339,3
14,9,2021,2021-09-01,23,1,Rio de Janeiro,3304557,Capital,1,0,0,1,0,,1,0,,15,0,1,8,34,22,1,57,1,0,2,0,0,0.0,0,0,0.0,3,63,7,47,3,63,6.0,96,222,0,1,0,83,14,12.0,2.0,0.0,2,32.0,10.0,8.0,0.0,15,3,0,0,0,0,565,3
15,9,2021,2021-09-01,23,1,Rio de Janeiro,3304557,Capital,0,0,0,0,0,,0,1,,15,3,1,12,34,7,0,41,3,0,4,1,0,0.0,0,0,0.0,4,53,5,8,13,16,2.0,33,77,0,2,0,61,6,5.0,1.0,0.0,3,13.0,3.0,1.0,0.0,14,3,0,0,0,0,322,3
16,9,2021,2021-09-01,31,2,Rio de Janeiro,3304557,Capital,2,0,0,2,0,,2,1,,47,1,1,26,53,30,10,93,3,0,5,0,0,0.0,0,0,1.0,26,128,17,30,45,135,6.0,270,503,0,6,0,172,14,10.0,3.0,1.0,4,43.0,22.0,19.0,3.0,53,4,0,0,0,0,1235,3
17,9,2021,2021-09-01,4,1,Rio de Janeiro,3304557,Capital,0,0,0,0,0,,0,0,,29,2,0,20,33,22,23,78,23,1,1,0,0,0.0,0,0,1.0,13,117,7,4,6,16,1.0,70,104,0,2,0,36,12,2.0,6.0,4.0,7,14.0,2.0,8.0,0.0,21,3,0,0,0,0,444,3
18,9,2021,2021-09-01,6,1,Rio de Janeiro,3304557,Capital,0,0,0,0,0,,0,0,,12,1,0,20,45,21,8,74,24,1,4,2,0,0.0,0,1,0.0,12,118,5,14,8,23,2.0,76,128,0,0,0,37,11,11.0,0.0,0.0,2,15.0,2.0,19.0,0.0,13,3,1,0,0,0,470,3
19,9,2021,2021-09-01,6,1,Rio de Janeiro,3304557,Capital,0,0,0,0,0,,0,3,,27,1,0,6,26,18,2,46,27,0,4,0,0,0.0,0,0,0.0,3,80,5,18,11,33,4.0,83,154,0,1,1,145,3,2.0,1.0,0.0,8,25.0,1.0,7.0,2.0,29,1,0,0,0,0,587,3
20,9,2021,2021-09-01,6,1,Rio de Janeiro,3304557,Capital,0,0,0,0,0,,0,1,,18,0,0,24,38,7,4,49,28,2,2,1,0,0.0,0,0,0.0,10,92,4,8,3,6,1.0,77,99,0,1,0,70,15,14.0,1.0,0.0,5,15.0,0.0,1.0,1.0,24,0,0,0,0,0,449,3
21,9,2021,2021-09-01,22,1,Rio de Janeiro,3304557,Capital,7,0,1,8,0,,8,1,,47,7,2,34,122,32,27,181,50,7,7,2,0,0.0,0,5,0.0,35,287,17,27,30,22,2.0,101,199,0,5,0,97,13,5.0,7.0,1.0,56,27.0,0.0,80.0,1.0,37,8,0,0,0,0,1058,3
22,9,2021,2021-09-01,16,1,Rio de Janeiro,3304557,Capital,3,0,1,4,2,,6,2,,36,2,5,8,45,22,18,85,19,14,2,0,0,0.0,0,1,0.0,18,139,29,10,16,19,0.0,108,182,0,6,0,112,3,1.0,2.0,0.0,19,27.0,1.0,21.0,0.0,61,7,0,0,0,0,739,3
23,9,2021,2021-09-01,3,1,Rio de Janeiro,3304557,Capital,1,0,0,1,0,,1,0,,17,3,1,6,47,11,6,64,21,2,4,0,0,0.0,0,0,0.0,9,100,24,5,3,7,0.0,72,111,0,0,0,57,1,1.0,0.0,0.0,4,8.0,1.0,3.0,1.0,29,1,0,0,0,0,447,3
24,9,2021,2021-09-01,3,1,Rio de Janeiro,3304557,Capital,2,0,0,2,2,,4,0,,17,9,0,15,48,11,7,66,45,5,1,0,0,0.0,0,0,0.0,17,134,10,5,4,6,0.0,33,58,0,2,0,36,3,1.0,0.0,2.0,6,6.0,0.0,3.0,0.0,27,3,0,0,0,0,360,3
25,9,2021,2021-09-01,3,1,Rio de Janeiro,3304557,Capital,1,0,0,1,0,,1,3,,18,2,3,10,33,13,7,53,32,3,1,0,0,1.0,0,0,0.0,33,123,6,7,2,3,1.0,53,72,0,2,0,28,15,8.0,6.0,1.0,9,9.0,2.0,9.0,1.0,29,3,0,0,0,0,364,3
26,9,2021,2021-09-01,3,1,Rio de Janeiro,3304557,Capital,1,0,0,1,1,,2,2,,18,1,2,10,27,12,4,43,27,5,2,0,0,0.0,0,0,0.0,22,99,6,6,4,15,0.0,48,79,0,1,0,69,7,1.0,2.0,4.0,14,16.0,0.0,3.0,0.0,26,0,0,0,0,0,435,3
27,9,2021,2021-09-01,41,2,Rio de Janeiro,3304557,Capital,5,0,0,5,0,,5,0,,42,1,1,13,46,23,8,77,54,4,5,1,0,0.0,0,2,0.0,24,167,19,2,5,7,0.0,60,93,0,1,1,80,3,0.0,3.0,0.0,45,18.0,2.0,4.0,1.0,38,1,0,0,0,0,579,3
28,9,2021,2021-09-01,18,2,Rio de Janeiro,3304557,Capital,1,0,0,1,0,,1,0,,25,3,0,7,13,10,0,23,14,4,2,0,0,0.0,0,0,0.0,12,55,5,4,5,10,0.0,22,46,0,3,0,52,3,0.0,3.0,0.0,5,9.0,0.0,4.0,0.0,24,5,1,0,0,0,295,3
29,9,2021,2021-09-01,9,2,Rio de Janeiro,3304557,Capital,3,0,0,3,1,,4,0,,53,0,3,21,101,21,38,160,52,4,4,0,0,0.0,0,1,0.0,19,240,24,45,23,30,0.0,141,263,0,1,0,105,3,1.0,2.0,0.0,16,27.0,3.0,6.0,0.0,31,7,0,0,0,0,939,3
30,9,2021,2021-09-01,9,2,Rio de Janeiro,3304557,Capital,1,0,0,1,0,,1,2,,50,3,0,15,30,16,5,51,18,1,2,2,0,1.0,0,1,0.0,12,88,10,5,3,7,2.0,32,59,0,0,0,43,3,1.0,0.0,2.0,5,12.0,1.0,4.0,0.0,32,5,0,0,0,0,358,3
31,9,2021,2021-09-01,41,2,Rio de Janeiro,3304557,Capital,1,0,0,1,5,,6,3,,44,5,0,10,67,17,30,114,61,11,3,0,0,0.0,0,0,0.0,16,205,8,11,4,6,0.0,37,66,0,0,0,29,6,0.0,6.0,0.0,38,24.0,2.0,1.0,2.0,23,1,1,0,0,0,510,3
32,9,2021,2021-09-01,18,2,Rio de Janeiro,3304557,Capital,2,0,0,2,0,,2,1,,117,11,2,35,142,40,32,214,33,5,20,1,0,0.0,0,1,1.0,41,316,20,17,35,36,2.0,232,342,0,6,0,219,3,1.0,1.0,1.0,22,42.0,6.0,11.0,1.0,107,4,0,0,0,0,1461,3
33,9,2021,2021-09-01,14,2,Rio de Janeiro,3304557,Capital,3,0,0,3,3,,6,2,,63,10,3,19,54,24,9,87,44,9,0,0,0,0.0,0,2,0.0,20,162,12,4,14,9,3.0,59,101,0,0,0,119,5,1.0,4.0,0.0,10,21.0,1.0,6.0,1.0,51,5,1,0,0,0,755,3
34,9,2021,2021-09-01,14,2,Rio de Janeiro,3304557,Capital,2,0,0,2,2,,4,6,,86,13,1,29,77,39,25,141,134,16,2,1,0,0.0,0,2,0.0,36,332,36,9,4,15,3.0,69,136,0,4,0,106,41,7.0,24.0,10.0,90,46.0,2.0,13.0,0.0,74,13,0,0,0,0,1147,3
35,9,2021,2021-09-01,40,2,Rio de Janeiro,3304557,Capital,2,0,1,3,2,,5,9,,129,15,4,33,64,21,19,104,88,12,2,0,0,0.0,0,0,0.0,20,226,43,27,8,13,1.0,102,194,0,2,0,190,3,2.0,1.0,0.0,24,61.0,2.0,28.0,2.0,141,9,0,0,0,0,1159,3
36,9,2021,2021-09-01,27,2,Rio de Janeiro,3304557,Capital,7,1,0,8,0,,8,1,,106,11,4,20,33,10,5,48,18,9,3,1,0,0.0,0,0,0.0,11,90,13,11,1,6,1.0,30,62,0,1,1,76,1,0.0,1.0,0.0,9,12.0,0.0,11.0,0.0,85,7,1,0,0,0,581,3
37,9,2021,2021-09-01,17,1,Rio de Janeiro,3304557,Capital,4,0,0,4,0,,4,1,,57,2,0,22,24,6,4,34,8,0,5,0,0,1.0,0,0,0.0,7,55,15,7,4,12,0.0,83,121,0,2,0,105,6,0.0,6.0,0.0,22,15.0,0.0,1.0,0.0,48,4,0,0,0,0,744,3
38,9,2021,2021-09-01,16,1,Rio de Janeiro,3304557,Capital,5,0,0,5,0,,5,3,,58,3,1,11,52,27,11,90,31,17,2,1,0,0.0,0,1,0.0,13,155,12,3,5,3,0.0,38,61,0,1,0,60,4,0.0,4.0,0.0,28,17.0,0.0,7.0,2.0,38,2,0,0,0,0,540,3
39,9,2021,2021-09-01,41,2,Rio de Janeiro,3304557,Capital,2,0,1,3,3,,6,2,,31,5,3,9,91,25,25,141,61,14,3,1,0,0.0,0,0,0.0,56,276,13,7,2,7,0.0,27,56,0,0,0,39,2,0.0,2.0,0.0,50,23.0,1.0,11.0,0.0,27,5,0,0,0,0,589,3
40,9,2021,2021-09-01,9,2,Rio de Janeiro,3304557,Capital,3,0,0,3,2,,5,0,,20,1,1,7,61,14,10,85,48,0,3,1,0,0.0,1,0,0.0,19,157,10,2,3,3,0.0,49,67,0,5,0,24,1,0.0,1.0,0.0,69,18.0,1.0,5.0,0.0,29,5,0,0,0,0,440,3
41,9,2021,2021-09-01,18,2,Rio de Janeiro,3304557,Capital,0,0,0,0,0,,0,0,,34,2,1,29,44,7,2,53,8,0,8,0,0,0.0,0,0,0.0,2,71,3,2,11,5,2.0,59,82,0,1,0,74,2,2.0,0.0,0.0,4,20.0,0.0,4.0,1.0,22,2,0,0,0,0,385,3
42,9,2021,2021-09-01,31,2,Rio de Janeiro,3304557,Capital,4,0,0,4,0,,4,1,,53,1,4,20,26,8,6,40,9,1,4,1,0,0.0,0,1,0.0,6,62,21,5,13,28,6.0,100,173,0,6,0,151,88,87.0,1.0,0.0,13,14.0,0.0,7.0,0.0,57,12,0,0,0,0,895,3
43,9,2021,2021-09-01,27,2,Rio de Janeiro,3304557,Capital,2,0,0,2,0,,2,0,,68,11,0,17,15,7,2,24,9,9,0,2,0,0.0,0,1,0.0,5,50,14,3,8,10,0.0,25,60,0,3,0,50,2,0.0,1.0,1.0,3,19.0,0.0,8.0,0.0,81,6,0,0,0,0,437,3
44,9,2021,2021-09-01,3,1,Rio de Janeiro,3304557,Capital,0,0,0,0,0,,0,3,,19,3,2,16,62,28,2,92,26,3,3,1,0,0.0,0,2,0.0,22,149,11,9,7,12,0.0,51,90,0,1,0,40,6,3.0,1.0,2.0,10,14.0,0.0,4.0,0.0,13,3,0,0,0,0,417,3
48,9,2021,2021-09-01,24,3,Seropédica,3305554,Baixada Fluminense,4,0,0,4,0,,4,0,,18,0,3,8,13,2,1,16,3,4,4,0,0,0.0,0,0,0.0,5,32,3,1,1,3,2.0,16,26,0,3,0,17,7,4.0,4.0,0.0,0,10.0,0.0,3.0,0.0,20,2,0,0,0,0,189,3
50,9,2021,2021-09-01,24,3,Itaguaí,3302007,Baixada Fluminense,2,0,0,2,1,,3,0,,45,8,1,2,19,6,4,29,9,2,1,2,0,0.0,0,1,0.0,6,50,11,2,1,6,0.0,37,57,0,2,0,31,15,7.0,7.0,1.0,12,38.0,2.0,4.0,0.0,36,6,0,0,0,0,353,3
51,9,2021,2021-09-01,24,3,Paracambi,3303609,Baixada Fluminense,0,0,0,0,0,,0,1,,13,0,0,4,0,0,0,0,2,0,0,0,0,0.0,0,0,0.0,1,3,1,0,0,0,3.0,12,16,0,1,0,7,15,9.0,4.0,2.0,0,14.0,1.0,6.0,0.0,22,0,0,0,0,0,114,3
52,9,2021,2021-09-01,20,3,Nova Iguaçu,3303500,Baixada Fluminense,2,0,0,2,0,,2,0,,39,1,3,8,54,41,29,124,26,4,6,2,0,0.0,0,2,0.0,11,175,54,12,3,16,3.0,75,163,0,3,0,96,9,4.0,5.0,0.0,7,33.0,2.0,15.0,0.0,39,6,0,0,0,0,709,3
53,9,2021,2021-09-01,20,3,Mesquita,3302858,Baixada Fluminense,3,0,0,3,3,,6,2,,58,8,1,11,68,24,23,115,18,2,2,1,0,0.0,0,0,0.0,8,146,20,5,1,4,1.0,28,59,0,0,0,39,7,0.0,7.0,0.0,12,34.0,1.0,4.0,0.0,41,7,0,0,0,0,465,3
54,9,2021,2021-09-01,39,3,Belford Roxo,3300456,Baixada Fluminense,11,1,0,12,3,,15,9,,111,14,0,40,107,33,29,169,137,8,5,1,0,0.0,0,2,0.0,50,372,56,5,1,3,0.0,53,118,0,1,1,69,12,2.0,10.0,0.0,39,53.0,8.0,18.0,1.0,90,19,1,0,0,0,1066,3
55,9,2021,2021-09-01,24,3,Queimados,3304144,Baixada Fluminense,1,0,0,1,0,,1,3,,49,8,2,16,31,13,5,49,11,1,0,0,0,0.0,0,1,0.0,12,74,8,5,0,5,2.0,48,68,0,0,0,30,6,4.0,2.0,0.0,6,15.0,2.0,9.0,0.0,52,8,0,0,0,0,408,3
56,9,2021,2021-09-01,20,3,Nova Iguaçu,3303500,Baixada Fluminense,7,0,2,9,1,,10,3,,77,9,3,28,57,32,15,104,30,8,5,4,0,0.0,1,1,1.0,31,185,17,1,2,4,1.0,48,73,0,2,0,41,12,0.0,11.0,1.0,12,42.0,5.0,5.0,0.0,82,9,0,0,0,0,631,3
57,9,2021,2021-09-01,20,3,Nilópolis,3303203,Baixada Fluminense,4,0,0,4,0,,4,6,,42,3,0,14,63,25,6,94,19,2,0,2,0,0.0,1,0,0.0,18,136,16,6,1,4,1.0,44,72,0,1,0,31,3,1.0,2.0,0.0,11,20.0,0.0,7.0,0.0,32,1,0,0,0,0,505,3
58,9,2021,2021-09-01,20,3,Nova Iguaçu,3303500,Baixada Fluminense,4,0,0,4,0,,4,5,,129,17,3,35,88,24,14,126,44,6,5,1,0,0.0,0,0,1.0,18,201,21,5,0,7,1.0,29,63,0,2,0,45,5,0.0,4.0,1.0,18,34.0,1.0,15.0,0.0,127,15,1,0,0,0,785,3
59,9,2021,2021-09-01,15,3,Duque de Caxias,3301702,Baixada Fluminense,5,0,2,7,1,,8,5,,87,8,2,36,181,19,21,221,99,37,3,0,0,0.0,0,3,0.0,35,398,72,38,3,11,0.0,111,235,0,1,0,102,3,1.0,1.0,1.0,74,55.0,1.0,19.0,1.0,70,10,0,0,0,0,1244,3
60,9,2021,2021-09-01,15,3,Duque de Caxias,3301702,Baixada Fluminense,8,0,0,8,2,,10,12,,65,11,2,29,55,28,14,97,94,32,3,0,0,0.0,0,0,0.0,15,241,38,1,2,5,0.0,28,74,0,1,0,43,5,1.0,4.0,0.0,21,26.0,2.0,6.0,1.0,51,8,1,0,0,0,664,3
61,9,2021,2021-09-01,15,3,Duque de Caxias,3301702,Baixada Fluminense,3,0,0,3,0,,3,0,,24,1,0,1,7,1,0,8,4,3,1,0,0,0.0,0,1,0.0,0,17,4,1,1,1,0.0,7,14,0,0,0,7,0,0.0,0.0,0.0,2,6.0,0.0,5.0,0.0,11,2,0,0,0,0,111,3
62,9,2021,2021-09-01,15,3,Duque de Caxias,3301702,Baixada Fluminense,5,0,1,6,0,,6,12,,25,5,0,15,70,16,4,90,31,9,4,1,0,0.0,0,1,0.0,13,149,10,3,1,3,1.0,15,33,0,0,0,18,4,1.0,3.0,0.0,13,10.0,1.0,2.0,0.0,19,4,1,0,0,0,356,3
63,9,2021,2021-09-01,24,3,Japeri,3302270,Baixada Fluminense,3,0,0,3,5,,8,3,,31,3,0,5,7,2,9,18,3,2,1,1,0,0.0,0,0,0.0,7,32,2,1,1,3,0.0,24,31,0,3,0,12,21,12.0,7.0,2.0,4,28.0,4.0,2.0,0.0,22,1,0,0,0,0,233,3
64,9,2021,2021-09-01,21,3,São João de Meriti,3305109,Baixada Fluminense,7,0,0,7,5,,12,6,,96,10,2,31,153,55,52,260,94,21,9,2,0,1.0,0,1,0.0,36,424,69,17,8,8,2.0,86,190,0,3,0,258,11,4.0,7.0,0.0,53,42.0,7.0,13.0,0.0,116,11,0,0,0,0,1417,3
65,9,2021,2021-09-01,34,3,Magé,3302502,Baixada Fluminense,1,0,0,1,0,,1,3,,38,2,3,15,7,0,0,7,0,1,2,0,0,0.0,0,0,0.0,2,12,5,2,1,1,1.0,35,45,0,0,0,17,6,0.0,6.0,0.0,1,14.0,4.0,8.0,0.0,29,0,1,0,0,0,218,3
66,9,2021,2021-09-01,34,3,Magé,3302502,Baixada Fluminense,1,0,0,1,0,,1,2,,58,9,2,17,7,6,0,13,4,0,2,0,0,0.0,0,0,0.0,4,23,14,6,0,3,0.0,25,48,0,1,0,26,2,1.0,1.0,0.0,7,15.0,1.0,8.0,0.0,52,3,0,0,0,0,330,3
67,9,2021,2021-09-01,34,3,Guapimirim,3301850,Baixada Fluminense,1,0,0,1,2,,3,4,,15,7,0,4,4,2,0,6,2,2,0,0,0,0.0,0,1,0.0,1,12,3,2,0,5,0.0,17,27,0,1,0,20,2,0.0,2.0,0.0,3,12.0,0.0,3.0,0.0,19,1,0,0,0,0,159,3
1,10,2021,2021-10-01,5,1,Rio de Janeiro,3304557,Capital,0,0,0,0,0,,0,0,,9,0,0,2,26,13,4,43,2,0,0,0,0,0.0,0,0,0.0,5,50,2,16,8,15,0.0,33,74,0,2,0,69,3,3.0,0.0,0.0,0,7.0,2.0,4.0,0.0,12,2,0,0,0,0,332,3
4,10,2021,2021-10-01,5,1,Rio de Janeiro,3304557,Capital,0,0,0,0,2,,2,1,,12,0,0,3,34,9,14,57,2,0,0,0,0,0.0,0,0,0.0,2,61,3,30,15,20,0.0,63,131,0,0,0,27,11,3.0,7.0,1.0,5,21.0,0.0,11.0,0.0,14,3,0,0,0,0,371,3
5,10,2021,2021-10-01,5,1,Rio de Janeiro,3304557,Capital,0,0,0,0,0,,0,1,,29,2,1,5,161,19,11,191,4,0,5,1,0,0.0,0,1,0.0,17,219,17,58,15,64,5.0,110,269,0,0,0,117,10,3.0,6.0,1.0,2,45.0,2.0,13.0,2.0,28,4,0,0,0,0,977,3
6,10,2021,2021-10-01,4,1,Rio de Janeiro,3304557,Capital,2,0,0,2,1,,3,2,,18,1,0,7,20,13,9,42,12,1,1,0,0,0.0,0,0,0.0,4,60,8,7,6,7,3.0,34,65,0,1,0,50,1,0.0,0.0,1.0,24,10.0,2.0,4.0,0.0,14,4,0,0,0,0,321,3
7,10,2021,2021-10-01,5,1,Rio de Janeiro,3304557,Capital,0,0,0,0,0,,0,3,,11,2,0,2,13,1,6,20,3,0,0,0,0,0.0,0,0,1.0,15,39,5,2,1,5,0.0,23,36,0,0,0,14,1,0.0,1.0,0.0,5,1.0,0.0,3.0,0.0,13,0,0,0,0,0,146,3
9,10,2021,2021-10-01,2,1,Rio de Janeiro,3304557,Capital,0,0,0,0,1,,1,4,,14,1,1,10,61,24,18,103,15,2,6,0,0,1.0,0,0,2.0,12,141,18,24,4,49,8.0,83,186,0,4,0,133,20,17.0,3.0,0.0,1,26.0,3.0,2.0,0.0,16,0,0,0,0,0,768,3
10,10,2021,2021-10-01,2,1,Rio de Janeiro,3304557,Capital,0,0,0,0,0,,0,0,,27,2,0,17,25,20,3,48,14,0,5,4,0,0.0,1,0,0.0,8,80,14,14,5,75,6.0,167,281,0,6,0,130,8,6.0,2.0,0.0,2,29.0,13.0,7.0,0.0,21,0,0,0,0,0,758,3
11,10,2021,2021-10-01,23,1,Rio de Janeiro,3304557,Capital,0,0,0,0,0,,0,2,,12,2,0,1,1,0,0,1,0,0,0,0,0,0.0,0,0,0.0,0,1,0,3,0,3,0.0,2,8,0,0,0,12,2,0.0,2.0,0.0,1,10.0,0.0,3.0,0.0,9,3,0,0,0,0,78,3
12,10,2021,2021-10-01,19,1,Rio de Janeiro,3304557,Capital,1,0,0,1,0,,1,2,,26,4,1,5,27,21,0,48,0,0,3,0,0,0.0,0,0,1.0,5,57,8,47,10,62,10.0,169,306,0,3,0,111,12,6.0,6.0,0.0,2,30.0,18.0,18.0,5.0,19,2,0,0,0,0,795,3
13,10,2021,2021-10-01,19,1,Rio de Janeiro,3304557,Capital,0,0,0,0,0,,0,0,,15,8,0,7,14,6,0,20,0,0,2,1,0,0.0,0,0,2.0,0,25,5,15,1,19,2.0,55,97,0,2,0,57,7,4.0,3.0,0.0,1,15.0,8.0,5.0,0.0,10,0,0,0,0,0,323,3
14,10,2021,2021-10-01,23,1,Rio de Janeiro,3304557,Capital,0,0,0,0,0,,0,1,,9,2,2,10,21,9,0,30,0,0,0,1,0,0.0,0,0,0.0,3,34,9,31,1,39,15.0,78,173,0,1,0,77,16,15.0,0.0,1.0,0,19.0,5.0,14.0,0.0,15,1,0,0,0,0,493,3
15,10,2021,2021-10-01,23,1,Rio de Janeiro,3304557,Capital,0,0,0,0,0,,0,0,,7,0,1,11,20,14,2,36,3,0,1,2,0,0.0,0,0,0.0,5,47,6,3,9,18,0.0,35,71,0,2,0,54,5,3.0,2.0,0.0,0,13.0,0.0,6.0,3.0,6,1,0,0,0,0,281,3
16,10,2021,2021-10-01,31,2,Rio de Janeiro,3304557,Capital,0,0,1,1,0,,1,0,,39,2,2,25,40,33,8,81,6,0,5,0,0,0.0,0,2,0.0,16,110,15,26,26,116,7.0,235,425,0,5,0,192,6,5.0,1.0,0.0,11,40.0,20.0,12.0,3.0,51,2,1,0,0,0,1096,3
17,10,2021,2021-10-01,4,1,Rio de Janeiro,3304557,Capital,1,0,0,1,0,,1,1,,17,2,2,14,33,17,18,68,16,3,1,0,0,0.0,0,0,0.0,15,103,11,9,6,26,0.0,67,119,0,1,0,36,9,1.0,6.0,2.0,5,27.0,2.0,11.0,1.0,22,5,0,0,0,0,470,3
18,10,2021,2021-10-01,6,1,Rio de Janeiro,3304557,Capital,1,0,0,1,0,,1,1,,20,1,1,13,33,20,14,67,20,0,0,0,0,0.0,0,0,0.0,15,102,7,17,11,43,1.0,87,166,0,0,0,53,8,8.0,0.0,0.0,1,19.0,0.0,1.0,1.0,22,3,0,0,0,0,509,3
19,10,2021,2021-10-01,6,1,Rio de Janeiro,3304557,Capital,0,0,0,0,0,,0,2,,24,2,0,7,29,19,2,50,15,0,2,1,0,0.0,0,1,0.0,14,83,6,15,9,25,5.0,81,141,0,1,0,146,4,1.0,3.0,0.0,3,26.0,0.0,7.0,2.0,42,3,0,0,0,0,601,3
20,10,2021,2021-10-01,6,1,Rio de Janeiro,3304557,Capital,1,0,0,1,1,,2,9,,31,0,1,10,35,8,6,49,11,0,0,3,0,0.0,0,0,1.0,5,69,6,7,3,17,3.0,68,104,0,0,0,47,18,15.0,3.0,0.0,2,24.0,2.0,6.0,0.0,13,1,0,0,0,0,399,3
21,10,2021,2021-10-01,22,1,Rio de Janeiro,3304557,Capital,4,0,0,4,0,,4,0,,50,7,1,47,104,25,35,164,49,6,1,0,0,0.0,0,1,0.0,34,255,27,17,23,21,0.0,129,217,0,1,0,110,13,4.0,9.0,1.0,57,47.0,2.0,34.0,0.0,37,8,0,0,1,0,975,3
22,10,2021,2021-10-01,16,1,Rio de Janeiro,3304557,Capital,1,0,0,1,1,,2,8,,28,5,3,21,46,20,6,72,32,10,1,1,0,0.0,0,0,0.0,9,125,21,9,10,10,1.0,75,126,0,2,0,115,11,1.0,9.0,2.0,22,20.0,0.0,8.0,1.0,36,4,0,0,0,0,649,3
23,10,2021,2021-10-01,3,1,Rio de Janeiro,3304557,Capital,0,0,0,0,0,,0,0,,11,0,1,4,32,16,9,57,14,1,2,0,0,0.0,0,0,0.0,20,94,9,13,7,6,0.0,49,84,0,0,0,52,1,1.0,0.0,0.0,2,16.0,6.0,4.0,0.0,15,0,0,0,0,0,355,3
24,10,2021,2021-10-01,3,1,Rio de Janeiro,3304557,Capital,0,0,2,2,1,,3,1,,28,0,1,20,49,25,2,76,37,4,2,0,0,0.0,0,1,0.0,29,149,5,4,1,8,2.0,26,46,0,1,0,30,4,0.0,2.0,2.0,20,8.0,1.0,3.0,0.0,19,3,0,0,0,0,360,3
25,10,2021,2021-10-01,3,1,Rio de Janeiro,3304557,Capital,1,0,0,1,0,,1,0,,32,0,1,7,36,19,15,70,25,0,1,1,0,0.0,0,0,0.0,18,115,7,3,2,2,0.0,34,48,0,3,0,26,9,2.0,6.0,1.0,10,21.0,0.0,5.0,2.0,18,3,0,0,0,0,322,3
26,10,2021,2021-10-01,3,1,Rio de Janeiro,3304557,Capital,1,0,0,1,1,,2,6,,22,5,3,11,49,18,7,74,35,2,4,2,0,0.0,0,2,0.0,15,134,4,10,3,14,0.0,63,94,0,2,0,64,5,3.0,1.0,1.0,11,13.0,0.0,4.0,0.0,29,3,0,0,0,0,488,3
27,10,2021,2021-10-01,41,2,Rio de Janeiro,3304557,Capital,1,0,0,1,1,,2,0,,34,2,3,16,67,36,6,109,43,6,1,1,0,0.0,0,1,0.0,14,175,9,5,3,11,1.0,54,83,0,1,0,54,1,0.0,1.0,0.0,16,14.0,0.0,6.0,0.0,32,2,1,0,0,0,528,3
28,10,2021,2021-10-01,18,2,Rio de Janeiro,3304557,Capital,1,0,0,1,0,,1,0,,33,5,1,7,17,12,1,30,15,3,1,1,0,0.0,0,0,0.0,2,52,10,4,5,15,0.0,33,67,0,0,0,38,1,0.0,1.0,0.0,4,25.0,1.0,0.0,0.0,39,3,2,0,0,0,305,3
29,10,2021,2021-10-01,9,2,Rio de Janeiro,3304557,Capital,3,0,0,3,3,,6,2,,46,7,2,29,91,31,24,146,54,1,2,0,0,1.0,0,1,0.0,28,233,16,41,25,31,0.0,142,255,0,1,0,95,4,2.0,1.0,1.0,16,11.0,1.0,7.0,0.0,35,10,0,0,0,0,946,3
30,10,2021,2021-10-01,9,2,Rio de Janeiro,3304557,Capital,0,0,0,0,2,,2,2,,37,3,0,9,27,16,4,47,14,0,1,1,0,0.0,0,1,0.0,10,74,8,7,3,8,0.0,24,50,0,0,0,44,5,2.0,3.0,0.0,4,18.0,4.0,3.0,0.0,33,3,0,0,0,0,312,3
31,10,2021,2021-10-01,41,2,Rio de Janeiro,3304557,Capital,1,0,0,1,2,,3,6,,32,4,1,11,45,9,20,74,31,7,0,1,0,0.0,0,1,0.0,17,131,7,8,4,4,0.0,25,48,0,0,0,22,3,0.0,2.0,1.0,41,12.0,1.0,8.0,0.0,34,4,1,0,0,0,428,3
32,10,2021,2021-10-01,18,2,Rio de Janeiro,3304557,Capital,5,0,0,5,0,,5,2,,135,15,3,39,155,35,15,205,32,5,20,4,0,1.0,0,1,0.0,56,324,23,11,36,25,2.0,263,360,0,5,0,230,3,0.0,2.0,1.0,19,58.0,0.0,8.0,0.0,124,15,0,0,0,0,1649,3
33,10,2021,2021-10-01,14,2,Rio de Janeiro,3304557,Capital,6,0,0,6,0,,6,0,,64,2,2,23,32,24,5,61,71,12,1,2,0,0.0,0,2,0.0,14,163,8,4,2,12,0.0,50,76,0,1,1,98,8,1.0,6.0,1.0,21,33.0,1.0,7.0,1.0,48,5,0,0,0,0,708,3
34,10,2021,2021-10-01,14,2,Rio de Janeiro,3304557,Capital,7,0,0,7,11,,18,12,,78,11,2,46,68,34,23,125,138,21,4,0,0,0.0,0,3,0.0,20,311,30,12,7,14,4.0,76,143,0,3,0,87,21,2.0,12.0,7.0,50,56.0,3.0,9.0,1.0,63,5,0,0,0,0,1049,3
35,10,2021,2021-10-01,40,2,Rio de Janeiro,3304557,Capital,9,0,0,9,0,,9,2,,138,19,4,51,48,19,21,88,73,9,1,0,0,0.0,0,2,0.0,15,188,46,10,3,21,1.0,92,173,0,7,1,157,6,2.0,3.0,1.0,23,46.0,5.0,14.0,1.0,101,18,1,0,0,0,1078,3
36,10,2021,2021-10-01,27,2,Rio de Janeiro,3304557,Capital,3,0,0,3,1,,4,1,,114,6,0,25,36,10,7,53,13,5,3,0,0,0.0,0,0,0.0,6,80,15,6,3,3,2.0,57,86,0,4,0,91,1,1.0,0.0,0.0,11,30.0,0.0,4.0,0.0,74,15,1,0,0,0,655,3
37,10,2021,2021-10-01,17,1,Rio de Janeiro,3304557,Capital,3,0,0,3,0,,3,0,,52,11,1,19,11,5,2,18,4,2,8,1,0,0.0,0,0,0.0,8,41,8,12,13,11,0.0,79,123,0,2,0,103,2,0.0,2.0,0.0,22,20.0,0.0,5.0,0.0,40,5,0,0,0,0,726,3
38,10,2021,2021-10-01,16,1,Rio de Janeiro,3304557,Capital,2,0,0,2,2,,4,7,,38,5,2,18,46,15,7,68,36,11,1,2,0,0.0,0,1,0.0,8,127,15,0,1,4,0.0,28,48,0,1,0,48,12,1.0,4.0,7.0,25,13.0,4.0,5.0,3.0,35,4,0,0,0,0,473,3
39,10,2021,2021-10-01,41,2,Rio de Janeiro,3304557,Capital,2,0,0,2,1,,3,3,,31,7,0,6,60,14,21,95,69,10,2,1,0,0.0,0,1,0.0,28,206,16,13,3,6,0.0,23,61,0,1,0,27,3,0.0,2.0,1.0,49,12.0,0.0,9.0,0.0,11,3,0,0,0,0,501,3
40,10,2021,2021-10-01,9,2,Rio de Janeiro,3304557,Capital,0,0,0,0,1,,1,0,,29,3,2,5,75,13,7,95,39,6,2,0,0,0.0,0,2,0.0,15,159,15,4,3,3,0.0,42,67,0,0,0,29,2,0.0,2.0,0.0,36,12.0,2.0,3.0,1.0,22,3,0,0,0,0,414,3
41,10,2021,2021-10-01,18,2,Rio de Janeiro,3304557,Capital,1,0,0,1,1,,2,0,,35,5,1,10,40,7,3,50,11,0,1,0,0,0.0,0,0,0.0,12,74,5,9,17,9,0.0,50,90,0,2,0,61,1,0.0,1.0,0.0,2,12.0,1.0,2.0,0.0,38,5,0,0,0,0,402,3
42,10,2021,2021-10-01,31,2,Rio de Janeiro,3304557,Capital,2,0,0,2,0,,2,1,,61,3,1,23,22,9,3,34,13,2,3,2,0,0.0,0,0,0.0,10,64,27,3,12,11,9.0,89,151,0,5,2,133,91,87.0,4.0,0.0,5,25.0,4.0,8.0,2.0,71,2,0,0,0,0,768,3
43,10,2021,2021-10-01,27,2,Rio de Janeiro,3304557,Capital,3,0,0,3,2,,5,7,,74,12,1,30,15,10,3,28,6,8,1,1,0,0.0,0,0,0.0,3,47,12,4,3,8,0.0,27,54,0,1,0,47,0,0.0,0.0,0.0,2,13.0,1.0,8.0,0.0,82,8,0,0,0,0,423,3
44,10,2021,2021-10-01,3,1,Rio de Janeiro,3304557,Capital,4,0,0,4,2,,6,0,,22,5,1,6,60,29,8,97,18,4,2,1,0,0.0,0,0,0.0,29,151,13,4,2,11,0.0,51,81,0,2,0,56,5,1.0,3.0,1.0,7,10.0,0.0,3.0,0.0,22,3,0,0,0,0,410,3
48,10,2021,2021-10-01,24,3,Seropédica,3305554,Baixada Fluminense,0,0,0,0,0,,0,3,,32,4,0,6,8,6,0,14,0,1,6,0,0,0.0,0,0,0.0,1,22,2,0,0,6,0.0,9,17,0,1,0,9,4,1.0,3.0,0.0,2,10.0,1.0,1.0,0.0,33,1,0,0,0,0,148,3
50,10,2021,2021-10-01,24,3,Itaguaí,3302007,Baixada Fluminense,1,0,0,1,0,,1,1,,28,3,1,11,11,7,0,18,7,0,3,1,0,0.0,0,0,0.0,4,33,9,0,0,3,0.0,47,59,0,2,0,42,6,3.0,2.0,1.0,9,17.0,1.0,12.0,0.0,38,3,2,0,0,0,319,3
51,10,2021,2021-10-01,24,3,Paracambi,3303609,Baixada Fluminense,0,0,0,0,0,,0,1,,34,0,0,6,0,2,0,2,0,1,0,1,0,0.0,0,0,0.0,1,5,2,0,0,2,0.0,10,14,0,0,0,11,16,12.0,4.0,1.0,2,10.0,3.0,3.0,2.0,13,0,0,0,0,0,119,3
52,10,2021,2021-10-01,20,3,Nova Iguaçu,3303500,Baixada Fluminense,4,0,1,5,1,,6,6,,42,1,2,37,67,44,23,134,31,4,4,1,0,0.0,0,0,0.0,10,184,50,15,1,23,2.0,66,157,0,0,0,96,5,2.0,3.0,0.0,9,31.0,5.0,12.0,0.0,32,2,0,0,0,0,690,3
53,10,2021,2021-10-01,20,3,Mesquita,3302858,Baixada Fluminense,4,0,0,4,1,,5,11,,60,9,0,23,49,13,17,79,13,1,2,2,0,0.0,1,0,0.0,10,108,15,2,0,6,0.0,33,56,0,0,0,37,18,0.0,14.0,4.0,8,35.0,4.0,4.0,2.0,43,8,0,0,0,0,438,3
54,10,2021,2021-10-01,39,3,Belford Roxo,3300456,Baixada Fluminense,20,1,1,22,2,,24,19,,96,17,1,34,112,49,27,188,144,14,2,1,0,0.0,0,0,0.0,48,397,54,6,1,4,1.0,37,103,0,6,0,57,12,2.0,9.0,1.0,33,57.0,5.0,24.0,0.0,84,18,0,0,0,0,1009,3
55,10,2021,2021-10-01,24,3,Queimados,3304144,Baixada Fluminense,1,0,0,1,3,,4,7,,55,6,0,12,22,11,5,38,7,0,1,0,0,0.0,0,2,0.0,7,55,5,3,0,7,1.0,34,50,0,1,0,35,2,1.0,1.0,0.0,3,11.0,0.0,5.0,0.0,45,6,0,0,0,0,349,3
56,10,2021,2021-10-01,20,3,Nova Iguaçu,3303500,Baixada Fluminense,14,0,0,14,4,,18,11,,81,12,0,15,65,26,12,103,25,8,5,3,0,0.0,0,1,1.0,20,166,32,2,1,5,1.0,59,100,0,1,0,45,8,1.0,6.0,1.0,15,37.0,6.0,6.0,0.0,67,6,0,0,0,0,623,3
57,10,2021,2021-10-01,20,3,Nilópolis,3303203,Baixada Fluminense,1,0,0,1,2,,3,2,,39,3,0,5,35,32,8,75,21,3,3,0,0,0.0,0,0,0.0,12,114,11,4,0,9,0.0,35,59,0,0,0,34,8,2.0,6.0,0.0,1,20.0,0.0,3.0,0.0,38,3,0,0,0,0,407,3
58,10,2021,2021-10-01,20,3,Nova Iguaçu,3303500,Baixada Fluminense,9,0,0,9,1,,10,3,,107,20,8,19,66,20,7,93,53,9,6,3,0,0.0,0,1,0.0,18,183,30,1,0,9,1.0,36,77,0,0,0,52,4,0.0,2.0,2.0,21,31.0,1.0,4.0,0.0,90,12,0,0,0,0,724,3
59,10,2021,2021-10-01,15,3,Duque de Caxias,3301702,Baixada Fluminense,5,0,0,5,3,,8,8,,100,8,3,43,181,27,28,236,108,16,7,0,0,0.0,1,9,0.0,24,401,62,29,2,13,0.0,90,196,0,0,2,82,7,0.0,6.0,1.0,70,36.0,1.0,17.0,2.0,92,5,1,0,0,0,1234,3
60,10,2021,2021-10-01,15,3,Duque de Caxias,3301702,Baixada Fluminense,5,0,0,5,6,,11,10,,63,7,4,15,36,19,17,72,100,26,1,1,0,0.0,0,1,0.0,22,223,27,4,0,3,1.0,26,61,0,0,0,45,9,1.0,8.0,0.0,23,26.0,2.0,11.0,1.0,56,5,0,0,0,0,604,3
61,10,2021,2021-10-01,15,3,Duque de Caxias,3301702,Baixada Fluminense,3,0,1,4,0,,4,7,,13,1,1,5,4,7,0,11,3,5,1,1,0,0.0,0,0,0.0,3,24,4,1,0,11,0.0,5,21,0,1,0,9,1,0.0,1.0,0.0,2,7.0,1.0,1.0,0.0,13,3,0,0,0,0,119,3
62,10,2021,2021-10-01,15,3,Duque de Caxias,3301702,Baixada Fluminense,6,0,0,6,4,,10,9,,29,5,0,8,52,17,6,75,38,11,4,0,0,0.0,0,1,0.0,24,153,11,3,0,4,1.0,20,39,0,1,1,23,6,0.0,3.0,3.0,26,12.0,2.0,8.0,0.0,22,2,0,0,0,0,370,3
63,10,2021,2021-10-01,24,3,Japeri,3302270,Baixada Fluminense,3,0,0,3,0,,3,0,,35,3,1,9,15,4,4,23,8,1,0,2,0,0.0,0,0,0.0,2,36,1,0,0,1,0.0,16,18,0,0,0,13,10,7.0,3.0,0.0,4,10.0,0.0,1.0,0.0,18,11,1,0,0,0,213,3
64,10,2021,2021-10-01,21,3,São João de Meriti,3305109,Baixada Fluminense,11,0,1,12,6,,18,5,,92,6,1,24,134,58,63,255,89,20,10,3,0,0.0,0,3,0.0,39,419,65,3,3,5,0.0,70,146,0,2,1,120,11,3.0,7.0,1.0,46,47.0,3.0,15.0,1.0,78,6,0,0,0,0,1258,3
65,10,2021,2021-10-01,34,3,Magé,3302502,Baixada Fluminense,0,0,0,0,3,,3,4,,28,5,1,11,7,4,1,12,4,1,1,0,0,0.0,0,0,0.0,2,20,1,3,0,3,1.0,26,34,0,1,0,17,11,2.0,9.0,0.0,0,18.0,0.0,10.0,1.0,29,6,0,0,0,0,205,3
66,10,2021,2021-10-01,34,3,Magé,3302502,Baixada Fluminense,2,0,0,2,0,,2,0,,57,6,0,21,6,3,1,10,8,0,4,0,0,0.0,0,0,0.0,4,26,11,3,0,3,3.0,21,41,0,0,0,30,3,2.0,1.0,0.0,7,19.0,0.0,14.0,0.0,45,9,0,0,0,0,316,3
67,10,2021,2021-10-01,34,3,Guapimirim,3301850,Baixada Fluminense,0,0,0,0,1,,1,0,,15,1,0,8,5,1,1,7,3,0,0,0,0,0.0,0,0,0.0,1,11,4,3,0,1,1.0,18,27,0,1,0,12,5,2.0,3.0,1.0,7,8.0,0.0,7.0,0.0,19,2,0,0,0,0,174,3
1,11,2021,2021-11-01,5,1,Rio de Janeiro,3304557,Capital,0,0,0,0,0,,0,2,,7,1,1,0,57,13,2,72,1,1,0,0,0,0.0,1,1,0.0,4,80,2,49,9,22,2.0,63,147,0,1,0,122,3,1.0,2.0,0.0,2,26.0,0.0,4.0,0.0,8,0,0,0,0,0,483,3
4,11,2021,2021-11-01,5,1,Rio de Janeiro,3304557,Capital,2,0,0,2,0,,2,1,,20,1,1,4,47,15,2,64,2,2,1,1,0,0.0,0,0,0.0,7,77,6,33,20,37,1.0,70,167,0,2,0,37,9,6.0,3.0,0.0,1,12.0,4.0,8.0,0.0,12,4,0,0,0,0,433,3
5,11,2021,2021-11-01,5,1,Rio de Janeiro,3304557,Capital,0,0,0,0,0,,0,1,,40,4,0,7,110,25,6,141,4,1,3,2,0,0.0,0,1,0.0,15,167,17,51,4,95,3.0,145,315,0,2,0,89,24,7.0,11.0,6.0,1,66.0,2.0,21.0,2.0,20,3,0,0,0,0,896,3
6,11,2021,2021-11-01,4,1,Rio de Janeiro,3304557,Capital,1,0,0,1,2,,3,0,,26,0,0,13,34,7,11,52,7,1,0,1,0,1.0,0,0,0.0,5,67,8,15,22,16,2.0,54,117,0,0,0,42,1,0.0,1.0,0.0,13,8.0,0.0,2.0,0.0,18,2,0,0,0,0,389,3
7,11,2021,2021-11-01,5,1,Rio de Janeiro,3304557,Capital,0,0,0,0,1,,1,0,,6,2,0,2,10,3,2,15,5,1,1,0,0,0.0,0,0,0.0,15,37,4,1,3,3,0.0,20,31,0,1,0,18,0,0.0,0.0,0.0,2,2.0,0.0,2.0,0.0,6,0,0,0,0,0,147,3
9,11,2021,2021-11-01,2,1,Rio de Janeiro,3304557,Capital,0,0,0,0,0,,0,0,,31,3,0,14,57,35,9,101,18,0,1,2,0,0.0,0,0,2.0,11,135,26,20,4,82,12.0,78,222,0,3,0,128,18,14.0,4.0,0.0,5,22.0,3.0,4.0,0.0,36,1,0,0,0,0,764,3
10,11,2021,2021-11-01,2,1,Rio de Janeiro,3304557,Capital,0,0,0,0,0,,0,6,,16,0,2,22,21,18,2,41,7,0,11,1,0,0.0,0,1,4.0,9,74,27,24,16,65,15.0,167,314,0,1,0,141,9,5.0,4.0,0.0,2,23.0,10.0,4.0,0.0,16,1,1,0,0,0,761,3
11,11,2021,2021-11-01,23,1,Rio de Janeiro,3304557,Capital,1,0,0,1,0,,1,0,,15,1,0,0,0,0,0,0,0,0,0,0,0,0.0,0,0,0.0,0,0,0,3,0,4,0.0,8,15,0,0,0,15,4,3.0,1.0,0.0,0,5.0,0.0,7.0,0.0,5,5,0,0,0,0,103,3
12,11,2021,2021-11-01,19,1,Rio de Janeiro,3304557,Capital,0,0,0,0,0,,0,1,,16,1,0,9,30,19,1,50,0,1,2,2,0,0.0,0,0,2.0,10,67,13,77,7,103,14.0,142,356,0,1,0,158,6,1.0,5.0,0.0,1,44.0,23.0,8.0,6.0,33,2,0,0,0,0,852,3
13,11,2021,2021-11-01,19,1,Rio de Janeiro,3304557,Capital,0,0,0,0,0,,0,0,,9,1,0,8,20,8,2,30,1,0,1,1,0,0.0,0,1,0.0,0,34,7,27,5,32,5.0,72,148,0,2,0,63,5,2.0,3.0,0.0,2,21.0,4.0,6.0,0.0,13,1,0,0,0,0,369,3
14,11,2021,2021-11-01,23,1,Rio de Janeiro,3304557,Capital,1,0,0,1,0,,1,0,,16,1,0,2,34,7,1,42,1,0,4,0,0,0.0,0,0,0.0,2,49,18,49,7,65,18.0,95,252,0,3,0,122,7,6.0,1.0,0.0,0,39.0,9.0,7.0,1.0,17,2,0,0,0,0,588,3
15,11,2021,2021-11-01,23,1,Rio de Janeiro,3304557,Capital,0,0,0,0,0,,0,0,,13,0,0,10,20,10,2,32,4,0,2,0,0,0.0,0,0,1.0,0,39,12,12,11,27,1.0,42,105,0,2,0,76,6,5.0,1.0,0.0,5,4.0,1.0,3.0,1.0,4,0,0,0,0,0,378,3
16,11,2021,2021-11-01,31,2,Rio de Janeiro,3304557,Capital,1,0,0,1,1,,2,2,,73,7,1,21,69,31,8,108,7,1,2,2,0,1.0,1,0,0.0,13,135,29,26,57,168,9.0,238,527,0,5,0,296,6,3.0,3.0,0.0,7,72.0,37.0,12.0,9.0,61,6,0,1,0,0,1449,3
17,11,2021,2021-11-01,4,1,Rio de Janeiro,3304557,Capital,0,0,0,0,0,,0,1,,29,0,3,25,29,14,14,57,11,1,2,2,0,0.0,0,0,0.0,16,89,13,13,12,52,0.0,97,187,0,1,1,56,11,4.0,5.0,2.0,9,21.0,2.0,10.0,1.0,33,3,0,0,0,0,567,3
18,11,2021,2021-11-01,6,1,Rio de Janeiro,3304557,Capital,0,0,0,0,0,,0,0,,14,0,0,12,34,13,11,58,16,0,4,1,0,0.0,0,0,0.0,7,86,7,23,7,69,5.0,72,183,0,2,0,79,8,7.0,1.0,0.0,5,9.0,3.0,7.0,0.0,11,0,0,0,0,0,520,3
19,11,2021,2021-11-01,6,1,Rio de Janeiro,3304557,Capital,0,0,0,0,0,,0,11,,21,2,0,7,27,12,3,42,17,0,2,3,0,0.0,0,0,0.0,11,75,10,20,9,27,5.0,92,163,0,4,0,144,7,2.0,5.0,0.0,7,15.0,2.0,11.0,0.0,26,2,0,0,0,0,623,3
20,11,2021,2021-11-01,6,1,Rio de Janeiro,3304557,Capital,0,0,0,0,0,,0,1,,28,0,2,4,40,9,4,53,14,2,2,0,0,0.0,0,0,0.0,9,80,14,13,9,8,1.0,63,108,0,1,0,105,18,13.0,5.0,0.0,4,15.0,2.0,2.0,1.0,27,3,0,0,0,0,477,3
21,11,2021,2021-11-01,22,1,Rio de Janeiro,3304557,Capital,6,0,1,7,0,,7,4,,54,3,2,23,70,24,30,124,33,14,3,1,0,0.0,2,1,0.0,34,212,16,24,22,23,0.0,102,187,0,4,0,111,19,4.0,10.0,5.0,60,56.0,2.0,49.0,4.0,42,7,0,0,0,0,976,3
22,11,2021,2021-11-01,16,1,Rio de Janeiro,3304557,Capital,0,0,0,0,0,,0,5,,27,2,2,29,38,11,8,57,24,8,1,0,0,0.0,0,1,0.0,8,99,15,14,5,17,1.0,90,142,0,0,0,112,8,1.0,6.0,1.0,22,28.0,2.0,10.0,0.0,29,3,0,0,0,0,620,3
23,11,2021,2021-11-01,3,1,Rio de Janeiro,3304557,Capital,0,0,0,0,0,,0,1,,29,1,0,8,37,16,2,55,20,0,0,0,0,0.0,0,0,1.0,16,92,9,3,7,15,1.0,52,87,0,1,0,81,1,0.0,1.0,0.0,2,11.0,1.0,8.0,0.0,21,2,0,0,0,0,420,3
24,11,2021,2021-11-01,3,1,Rio de Janeiro,3304557,Capital,1,0,0,1,1,,2,0,,21,2,2,12,49,13,1,63,21,6,3,0,0,0.0,0,0,0.0,22,115,12,10,2,50,0.0,50,124,0,1,0,45,1,1.0,0.0,0.0,12,14.0,5.0,0.0,0.0,15,2,0,0,0,0,432,3
25,11,2021,2021-11-01,3,1,Rio de Janeiro,3304557,Capital,1,0,0,1,1,,2,3,,23,0,1,9,35,9,18,62,13,5,5,1,0,0.0,0,0,1.0,16,103,6,14,5,7,0.0,57,89,0,0,0,37,4,1.0,2.0,1.0,8,12.0,0.0,3.0,0.0,19,3,0,0,0,0,386,3
26,11,2021,2021-11-01,3,1,Rio de Janeiro,3304557,Capital,0,0,0,0,0,,0,1,,21,2,1,12,36,16,5,57,20,5,3,0,0,0.0,0,0,0.0,13,98,6,10,14,22,0.0,61,113,0,2,0,94,5,2.0,1.0,2.0,18,14.0,3.0,8.0,0.0,28,1,0,0,0,0,508,3
27,11,2021,2021-11-01,41,2,Rio de Janeiro,3304557,Capital,6,0,2,8,0,,8,7,,51,3,0,7,57,21,7,85,46,7,3,0,0,1.0,0,0,0.0,9,151,22,5,3,14,3.0,69,116,0,3,0,124,4,1.0,1.0,2.0,12,22.0,0.0,6.0,3.0,37,2,1,0,0,0,639,3
28,11,2021,2021-11-01,18,2,Rio de Janeiro,3304557,Capital,2,0,0,2,1,,3,0,,45,7,0,9,30,11,0,41,12,3,0,1,0,0.0,0,0,0.0,3,60,3,5,8,15,0.0,44,75,0,0,0,73,1,1.0,0.0,0.0,7,4.0,0.0,9.0,0.0,27,3,0,0,0,0,372,3
29,11,2021,2021-11-01,9,2,Rio de Janeiro,3304557,Capital,4,0,0,4,0,,4,0,,45,2,1,24,107,37,17,161,47,2,6,2,0,0.0,0,0,0.0,26,244,16,32,24,29,1.0,130,232,0,1,0,106,3,0.0,1.0,2.0,12,10.0,1.0,10.0,1.0,34,1,0,0,0,0,842,3
30,11,2021,2021-11-01,9,2,Rio de Janeiro,3304557,Capital,0,0,0,0,0,,0,3,,27,0,0,1,29,15,3,47,25,0,1,0,0,0.0,0,1,0.0,7,81,10,6,1,9,0.0,44,70,0,4,0,48,1,0.0,1.0,0.0,4,15.0,0.0,3.0,0.0,32,5,0,0,0,0,352,3
31,11,2021,2021-11-01,41,2,Rio de Janeiro,3304557,Capital,4,0,1,5,4,,9,0,,28,3,0,13,50,26,5,81,38,8,2,0,0,0.0,0,0,0.0,16,145,16,7,6,6,0.0,32,67,0,1,0,32,4,0.0,3.0,1.0,41,16.0,1.0,10.0,2.0,33,4,0,0,0,0,454,3
32,11,2021,2021-11-01,18,2,Rio de Janeiro,3304557,Capital,1,0,0,1,0,,1,4,,82,11,4,31,99,34,20,153,29,2,15,1,0,0.0,1,0,0.0,34,235,21,21,33,37,2.0,191,305,0,6,0,212,3,2.0,1.0,0.0,18,51.0,5.0,8.0,0.0,92,8,0,0,0,0,1298,3
33,11,2021,2021-11-01,14,2,Rio de Janeiro,3304557,Capital,2,0,0,2,1,,3,3,,71,2,3,26,53,22,11,86,47,8,0,0,0,0.0,0,1,0.0,16,158,12,8,13,16,0.0,59,108,0,2,0,104,4,0.0,3.0,1.0,12,28.0,1.0,10.0,1.0,44,3,0,0,0,0,703,3
34,11,2021,2021-11-01,14,2,Rio de Janeiro,3304557,Capital,4,0,0,4,2,,6,7,,86,10,1,35,89,24,19,132,85,21,3,3,0,0.0,0,3,0.0,27,274,27,21,13,26,2.0,97,186,0,2,0,164,24,4.0,16.0,4.0,48,58.0,1.0,35.0,0.0,71,11,0,0,0,0,1220,3
35,11,2021,2021-11-01,40,2,Rio de Janeiro,3304557,Capital,3,1,0,4,0,,4,2,,174,28,7,46,88,36,16,140,81,12,4,1,0,0.0,0,1,0.0,23,262,46,34,21,50,0.0,149,300,0,8,2,326,3,1.0,2.0,0.0,20,40.0,4.0,15.0,0.0,163,13,0,0,0,0,1657,3
36,11,2021,2021-11-01,27,2,Rio de Janeiro,3304557,Capital,3,0,1,4,0,,4,3,,116,13,2,24,30,2,7,39,13,5,4,0,0,0.0,0,0,0.0,11,72,12,5,4,14,0.0,67,102,0,1,0,97,3,2.0,0.0,1.0,25,27.0,0.0,9.0,1.0,73,8,3,0,0,0,718,3
37,11,2021,2021-11-01,17,1,Rio de Janeiro,3304557,Capital,5,0,0,5,2,,7,2,,28,6,0,8,13,3,1,17,14,1,2,1,0,0.0,0,1,0.0,6,42,36,10,12,17,0.0,65,140,0,0,0,102,4,1.0,3.0,0.0,16,24.0,1.0,4.0,1.0,28,4,2,0,0,0,628,3
38,11,2021,2021-11-01,16,1,Rio de Janeiro,3304557,Capital,1,0,0,1,7,,8,1,,36,2,2,16,34,13,9,56,42,9,2,1,0,0.0,0,2,0.0,13,125,16,5,4,14,1.0,43,83,0,2,0,96,4,1.0,3.0,0.0,26,11.0,4.0,5.0,2.0,58,9,0,0,0,0,570,3
39,11,2021,2021-11-01,41,2,Rio de Janeiro,3304557,Capital,5,0,0,5,1,,6,2,,32,2,0,20,64,23,45,132,64,9,2,1,0,0.0,0,1,0.0,29,238,9,14,6,15,0.0,54,98,0,0,0,62,10,3.0,5.0,2.0,43,28.0,0.0,7.0,0.0,38,2,0,0,0,0,611,3
40,11,2021,2021-11-01,9,2,Rio de Janeiro,3304557,Capital,2,0,0,2,0,,2,1,,30,0,3,12,57,21,10,88,28,5,1,2,0,0.0,0,2,0.0,19,145,7,2,2,4,1.0,34,50,0,0,0,32,4,1.0,2.0,1.0,14,6.0,2.0,5.0,1.0,19,6,0,0,0,0,378,3
41,11,2021,2021-11-01,18,2,Rio de Janeiro,3304557,Capital,0,0,0,0,0,,0,1,,34,3,1,13,37,9,6,52,8,2,5,0,0,0.0,0,0,0.0,7,74,3,1,18,7,1.0,50,80,0,1,0,76,1,1.0,0.0,0.0,10,17.0,0.0,1.0,0.0,35,4,0,0,0,0,444,3
42,11,2021,2021-11-01,31,2,Rio de Janeiro,3304557,Capital,2,0,0,2,0,,2,1,,49,5,0,24,29,11,7,47,16,3,8,3,0,2.0,0,1,1.0,17,98,29,8,7,26,8.0,144,222,0,6,0,175,104,102.0,2.0,0.0,2,29.0,3.0,13.0,1.0,54,5,0,0,0,0,970,3
43,11,2021,2021-11-01,27,2,Rio de Janeiro,3304557,Capital,1,0,0,1,0,,1,0,,66,10,1,27,19,7,3,29,9,3,2,4,0,0.0,0,0,0.0,4,51,7,2,3,15,0.0,48,75,0,1,0,65,1,1.0,0.0,0.0,4,25.0,1.0,17.0,0.0,62,5,0,0,0,0,471,3
44,11,2021,2021-11-01,3,1,Rio de Janeiro,3304557,Capital,2,0,0,2,0,,2,1,,22,0,0,12,37,21,2,60,24,1,1,1,0,0.0,0,0,0.0,24,111,5,6,7,11,0.0,58,87,0,1,0,59,4,1.0,1.0,2.0,7,5.0,0.0,7.0,1.0,19,3,0,0,0,0,395,3
48,11,2021,2021-11-01,24,3,Seropédica,3305554,Baixada Fluminense,5,0,0,5,0,,5,2,,33,3,2,8,10,8,0,18,4,1,2,0,0,0.0,0,1,0.0,6,32,5,2,1,4,0.0,15,27,0,2,0,16,7,2.0,5.0,0.0,5,18.0,0.0,7.0,0.0,19,3,1,0,0,0,207,3
50,11,2021,2021-11-01,24,3,Itaguaí,3302007,Baixada Fluminense,5,0,0,5,1,,6,0,,48,3,3,11,24,4,0,28,7,0,0,0,0,0.0,0,0,0.0,3,38,13,5,2,6,1.0,38,65,0,2,1,62,10,8.0,2.0,0.0,11,15.0,1.0,6.0,0.0,31,4,0,0,0,0,411,3
51,11,2021,2021-11-01,24,3,Paracambi,3303609,Baixada Fluminense,0,0,0,0,0,,0,0,,12,2,0,4,3,2,0,5,0,1,0,0,0,0.0,0,0,0.0,2,8,1,0,1,3,2.0,8,15,0,0,0,13,19,9.0,9.0,1.0,2,15.0,2.0,2.0,0.0,6,0,0,0,0,0,115,3
52,11,2021,2021-11-01,20,3,Nova Iguaçu,3303500,Baixada Fluminense,2,0,0,2,0,,2,0,,47,0,2,28,52,44,16,112,19,4,9,0,0,0.0,0,0,0.0,12,156,41,35,2,31,1.0,93,203,0,2,0,115,9,5.0,4.0,0.0,15,72.0,1.0,11.0,0.0,50,1,0,0,0,0,796,3
53,11,2021,2021-11-01,20,3,Mesquita,3302858,Baixada Fluminense,1,0,0,1,1,,2,5,,51,2,2,12,66,17,18,101,24,4,1,0,0,0.0,0,1,0.0,16,147,21,2,1,5,0.0,46,75,0,0,0,43,12,1.0,9.0,2.0,2,33.0,2.0,6.0,0.0,37,8,0,0,0,0,508,3
54,11,2021,2021-11-01,39,3,Belford Roxo,3300456,Baixada Fluminense,11,0,0,11,4,,15,6,,90,6,0,21,69,35,14,118,97,18,6,1,0,0.0,0,1,0.0,33,274,49,6,3,8,1.0,45,112,0,4,1,92,7,0.0,7.0,0.0,47,50.0,5.0,22.0,1.0,136,21,0,0,0,0,956,3
55,11,2021,2021-11-01,24,3,Queimados,3304144,Baixada Fluminense,2,0,0,2,0,,2,3,,49,5,0,15,27,12,1,40,3,1,9,1,0,0.0,0,1,0.0,5,60,13,4,3,8,1.0,32,61,0,2,0,34,1,0.0,0.0,1.0,2,9.0,0.0,10.0,0.0,48,8,0,0,0,0,363,3
56,11,2021,2021-11-01,20,3,Nova Iguaçu,3303500,Baixada Fluminense,4,0,0,4,0,,4,3,,129,13,2,28,71,34,8,113,11,8,2,5,0,1.0,0,1,0.0,18,159,34,7,1,7,0.0,43,92,0,0,0,43,4,1.0,3.0,0.0,8,17.0,0.0,11.0,0.0,85,6,0,0,0,0,614,3
57,11,2021,2021-11-01,20,3,Nilópolis,3303203,Baixada Fluminense,1,0,0,1,0,,1,0,,39,1,1,7,40,19,3,62,21,2,1,1,0,0.0,0,1,0.0,12,100,15,10,0,6,2.0,64,97,0,4,0,58,1,0.0,1.0,0.0,4,13.0,2.0,8.0,0.0,34,4,0,0,0,0,458,3
58,11,2021,2021-11-01,20,3,Nova Iguaçu,3303500,Baixada Fluminense,7,0,0,7,4,,11,1,,125,25,4,25,78,37,10,125,36,13,5,4,0,0.0,0,3,1.0,18,205,40,1,1,15,0.0,47,104,0,1,1,67,10,3.0,7.0,0.0,16,19.0,3.0,10.0,0.0,111,10,0,0,0,0,844,3
59,11,2021,2021-11-01,15,3,Duque de Caxias,3301702,Baixada Fluminense,6,0,0,6,4,,10,4,,79,11,2,29,164,24,18,206,87,24,4,0,0,0.0,0,4,0.0,21,346,57,59,3,9,1.0,143,272,0,0,0,105,8,2.0,5.0,1.0,55,32.0,5.0,9.0,0.0,76,9,0,0,0,0,1228,3
60,11,2021,2021-11-01,15,3,Duque de Caxias,3301702,Baixada Fluminense,6,0,0,6,7,,13,6,,80,15,2,24,42,21,13,76,84,20,3,4,0,0.0,0,0,0.0,20,207,31,3,0,5,3.0,58,100,0,3,0,53,7,2.0,5.0,0.0,20,23.0,3.0,12.0,1.0,51,12,1,0,0,0,725,3
61,11,2021,2021-11-01,15,3,Duque de Caxias,3301702,Baixada Fluminense,1,0,0,1,0,,1,2,,23,2,0,3,5,3,0,8,5,1,2,0,0,0.0,0,0,0.0,4,20,3,0,0,3,1.0,12,19,0,0,0,15,1,1.0,1.0,0.0,1,5.0,1.0,2.0,0.0,10,3,0,0,0,0,127,3
62,11,2021,2021-11-01,15,3,Duque de Caxias,3301702,Baixada Fluminense,4,0,0,4,2,,6,2,,51,6,1,11,40,16,8,64,12,17,0,1,0,0.0,1,1,0.0,10,106,13,5,3,3,1.0,20,45,0,2,0,38,4,0.0,4.0,0.0,14,15.0,2.0,4.0,0.0,31,4,0,0,0,0,380,3
63,11,2021,2021-11-01,24,3,Japeri,3302270,Baixada Fluminense,0,0,0,0,2,,2,3,,43,1,3,2,9,4,3,16,7,10,1,0,0,0.0,0,0,0.0,9,43,4,1,1,2,0.0,15,23,0,1,0,9,23,14.0,6.0,3.0,7,16.0,2.0,4.0,0.0,13,0,0,0,0,0,212,3
64,11,2021,2021-11-01,21,3,São João de Meriti,3305109,Baixada Fluminense,3,0,1,4,5,,9,5,,113,13,2,34,150,40,63,253,95,14,9,0,0,0.0,0,3,0.0,44,418,64,9,5,7,1.0,79,165,0,2,0,145,12,2.0,10.0,0.0,33,58.0,4.0,11.0,0.0,63,18,1,0,0,0,1282,3
65,11,2021,2021-11-01,34,3,Magé,3302502,Baixada Fluminense,0,0,0,0,0,,0,2,,28,5,0,4,12,2,2,16,3,0,1,0,0,0.0,0,0,0.0,1,21,8,5,0,4,0.0,19,36,0,1,0,31,11,2.0,10.0,1.0,1,16.0,1.0,6.0,0.0,17,1,0,1,0,0,219,3
66,11,2021,2021-11-01,34,3,Magé,3302502,Baixada Fluminense,1,0,0,1,0,,1,3,,58,9,2,23,11,5,0,16,5,0,3,0,0,0.0,0,0,0.0,2,26,12,5,2,9,4.0,37,69,0,0,0,38,2,2.0,0.0,0.0,4,4.0,0.0,6.0,0.0,41,1,0,0,0,0,335,3
67,11,2021,2021-11-01,34,3,Guapimirim,3301850,Baixada Fluminense,1,0,0,1,0,,1,0,,16,0,1,7,4,3,0,7,4,0,0,1,0,0.0,0,0,0.0,1,13,2,1,1,1,0.0,22,27,0,0,0,19,4,1.0,3.0,0.0,2,6.0,1.0,4.0,0.0,21,0,1,0,0,0,160,3
1,12,2021,2021-12-01,5,1,Rio de Janeiro,3304557,Capital,0,0,0,0,0,,0,0,,8,0,0,2,50,11,4,65,0,0,1,0,0,0.0,0,4,0.0,5,75,0,39,9,27,1.0,75,151,0,3,0,101,2,0.0,1.0,1.0,6,10.0,4.0,2.0,0.0,6,1,0,0,0,0,446,3
4,12,2021,2021-12-01,5,1,Rio de Janeiro,3304557,Capital,1,0,0,1,0,,1,2,,16,2,0,6,30,10,5,45,2,2,0,0,0,0.0,1,1,0.0,7,58,1,44,23,31,0.0,100,199,0,0,0,64,5,1.0,3.0,1.0,14,10.0,2.0,13.0,0.0,10,2,0,0,0,0,478,3
5,12,2021,2021-12-01,5,1,Rio de Janeiro,3304557,Capital,0,0,0,0,0,,0,0,,32,1,0,11,98,30,4,132,2,0,3,0,0,0.0,0,0,0.0,13,150,11,40,5,71,4.0,130,261,0,4,0,130,16,8.0,5.0,4.0,2,36.0,3.0,11.0,0.0,20,2,0,0,0,0,864,3
6,12,2021,2021-12-01,4,1,Rio de Janeiro,3304557,Capital,5,0,0,5,1,,6,0,,32,5,1,11,17,1,6,24,11,1,2,0,0,0.0,0,1,0.0,7,46,3,22,18,24,3.0,53,123,0,2,0,91,2,2.0,0.0,0.0,5,5.0,1.0,0.0,0.0,21,1,0,1,0,0,431,3
7,12,2021,2021-12-01,5,1,Rio de Janeiro,3304557,Capital,0,0,0,0,0,,0,0,,8,0,0,2,12,3,0,15,3,1,0,1,0,0.0,0,0,0.0,9,29,5,3,2,3,0.0,14,27,0,0,0,19,1,0.0,1.0,0.0,1,4.0,1.0,2.0,0.0,5,1,0,0,0,0,131,3
9,12,2021,2021-12-01,2,1,Rio de Janeiro,3304557,Capital,0,0,0,0,0,,0,0,,27,2,1,16,84,57,8,149,14,0,1,0,0,0.0,0,0,4.0,13,181,26,26,3,84,14.0,97,250,0,1,0,195,9,8.0,1.0,0.0,3,21.0,2.0,5.0,0.0,12,6,1,0,0,0,902,3
10,12,2021,2021-12-01,2,1,Rio de Janeiro,3304557,Capital,0,0,0,0,0,,0,4,,23,1,0,11,24,17,4,45,4,1,4,0,0,0.0,0,0,0.0,10,64,13,21,21,88,13.0,132,288,0,3,0,175,3,2.0,1.0,0.0,0,21.0,11.0,3.0,1.0,34,2,0,0,0,0,791,3
11,12,2021,2021-12-01,23,1,Rio de Janeiro,3304557,Capital,1,0,0,1,0,,1,0,,12,0,0,9,0,0,0,0,0,0,0,0,0,0.0,0,0,0.0,1,1,1,4,0,0,0.0,7,12,0,0,0,7,0,0.0,0.0,0.0,0,5.0,0.0,7.0,1.0,8,1,0,0,0,0,70,3
12,12,2021,2021-12-01,19,1,Rio de Janeiro,3304557,Capital,0,0,0,0,0,,0,0,,25,2,2,3,31,16,0,47,1,0,1,1,0,0.0,0,0,2.0,6,58,12,82,5,115,20.0,181,415,0,2,0,184,9,7.0,1.0,1.0,1,31.0,13.0,6.0,7.0,26,4,0,0,0,0,954,3
13,12,2021,2021-12-01,19,1,Rio de Janeiro,3304557,Capital,0,0,0,0,0,,0,0,,21,1,0,3,23,18,2,43,0,0,2,0,0,0.0,0,0,1.0,6,52,7,40,10,40,12.0,102,211,0,1,0,89,3,2.0,1.0,0.0,3,34.0,9.0,4.0,0.0,9,2,0,0,0,0,510,3
14,12,2021,2021-12-01,23,1,Rio de Janeiro,3304557,Capital,0,0,0,0,0,,0,0,,14,0,0,7,36,18,3,57,3,0,0,0,0,0.0,0,0,0.0,3,63,13,79,8,99,27.0,131,357,0,5,0,138,14,12.0,2.0,0.0,1,48.0,14.0,11.0,1.0,24,3,0,0,0,0,798,3
15,12,2021,2021-12-01,23,1,Rio de Janeiro,3304557,Capital,0,0,0,0,0,,0,0,,17,2,0,10,19,9,4,32,3,0,1,1,0,0.0,0,0,0.0,4,41,9,13,6,30,4.0,41,103,0,1,0,73,2,1.0,1.0,0.0,4,15.0,2.0,7.0,2.0,11,0,0,0,0,0,377,3
16,12,2021,2021-12-01,31,2,Rio de Janeiro,3304557,Capital,0,0,2,2,1,,3,2,,62,1,4,28,40,20,3,63,4,1,3,0,0,0.0,0,0,0.0,12,83,33,31,47,202,3.0,313,629,0,8,0,401,13,8.0,3.0,2.0,4,54.0,9.0,18.0,0.0,71,5,1,0,0,0,1695,3
17,12,2021,2021-12-01,4,1,Rio de Janeiro,3304557,Capital,1,0,0,1,0,,1,0,,33,1,2,20,27,23,19,69,13,2,2,0,0,0.0,0,1,0.0,16,103,3,12,17,31,1.0,65,129,0,1,0,42,2,2.0,0.0,0.0,2,11.0,1.0,6.0,1.0,19,4,0,0,0,0,498,3
18,12,2021,2021-12-01,6,1,Rio de Janeiro,3304557,Capital,0,0,0,0,0,,0,0,,21,0,0,12,51,18,14,83,19,1,5,0,0,0.0,0,1,1.0,15,125,4,25,17,90,3.0,101,240,0,0,0,93,2,2.0,0.0,0.0,1,12.0,0.0,5.0,1.0,16,2,0,0,0,0,640,3
19,12,2021,2021-12-01,6,1,Rio de Janeiro,3304557,Capital,0,0,0,0,2,,2,4,,30,2,1,9,30,21,1,52,23,0,1,1,0,0.0,0,0,0.0,13,90,4,13,11,30,9.0,106,173,0,4,1,209,5,3.0,2.0,0.0,6,18.0,3.0,8.0,0.0,30,0,0,0,0,0,687,3
20,12,2021,2021-12-01,6,1,Rio de Janeiro,3304557,Capital,0,0,0,0,2,,2,0,,21,4,0,19,34,10,3,47,17,3,12,1,0,1.0,0,0,0.0,14,95,8,23,5,10,5.0,73,124,0,1,0,166,9,5.0,4.0,0.0,2,23.0,5.0,2.0,0.0,29,1,0,0,0,0,634,3
21,12,2021,2021-12-01,22,1,Rio de Janeiro,3304557,Capital,6,0,0,6,0,,6,5,,45,3,6,30,92,19,40,151,52,15,5,1,0,1.0,0,1,0.0,43,269,12,31,21,30,1.0,166,261,0,9,0,167,11,2.0,9.0,1.0,48,41.0,1.0,15.0,1.0,26,8,0,0,0,0,1130,3
22,12,2021,2021-12-01,16,1,Rio de Janeiro,3304557,Capital,1,0,0,1,1,,2,8,,28,1,3,21,29,12,14,55,33,10,0,2,0,0.0,1,2,0.0,4,107,14,15,10,27,1.0,94,161,0,5,2,169,6,1.0,4.0,1.0,28,33.0,0.0,8.0,0.0,28,6,0,0,0,0,740,3
23,12,2021,2021-12-01,3,1,Rio de Janeiro,3304557,Capital,0,0,1,1,0,,1,0,,19,0,1,10,51,12,2,65,14,2,2,1,0,0.0,0,0,0.0,26,110,7,15,8,14,0.0,74,118,0,1,0,109,1,1.0,0.0,0.0,5,6.0,0.0,1.0,1.0,25,1,0,0,0,0,505,3
24,12,2021,2021-12-01,3,1,Rio de Janeiro,3304557,Capital,0,0,0,0,1,,1,0,,24,0,0,6,42,14,2,58,26,7,7,0,0,0.0,0,1,0.0,16,115,5,13,5,26,0.0,52,101,0,0,0,59,3,1.0,2.0,0.0,7,6.0,5.0,0.0,0.0,24,8,0,0,0,0,442,3
25,12,2021,2021-12-01,3,1,Rio de Janeiro,3304557,Capital,2,0,0,2,0,,2,7,,28,2,1,8,29,8,8,45,16,7,2,0,0,0.0,0,0,0.0,11,81,3,6,7,12,0.0,60,88,0,1,0,58,6,2.0,4.0,0.0,2,7.0,1.0,1.0,0.0,17,7,0,0,0,0,400,3
26,12,2021,2021-12-01,3,1,Rio de Janeiro,3304557,Capital,0,0,0,0,0,,0,0,,20,2,0,12,36,10,2,48,21,16,4,0,0,0.0,0,0,0.0,15,104,4,13,8,22,3.0,89,139,0,0,0,64,1,0.0,0.0,1.0,18,12.0,7.0,3.0,0.0,23,6,0,0,0,0,485,3
27,12,2021,2021-12-01,41,2,Rio de Janeiro,3304557,Capital,4,0,0,4,0,,4,2,,28,2,1,19,45,26,4,75,54,4,4,0,0,0.0,0,0,0.0,24,161,15,6,6,21,0.0,73,121,0,0,0,127,1,0.0,1.0,0.0,7,11.0,1.0,8.0,0.0,34,2,1,0,0,0,683,3
28,12,2021,2021-12-01,18,2,Rio de Janeiro,3304557,Capital,1,0,0,1,0,,1,1,,40,6,0,17,17,10,0,27,10,1,5,0,0,0.0,0,0,0.0,5,48,6,3,4,21,1.0,61,96,0,1,0,97,1,1.0,0.0,0.0,5,11.0,0.0,2.0,0.0,31,5,0,0,0,0,488,3
29,12,2021,2021-12-01,9,2,Rio de Janeiro,3304557,Capital,2,0,1,3,1,,4,2,,36,2,0,18,68,17,10,95,47,6,13,0,0,0.0,0,0,0.0,26,187,11,56,35,35,0.0,187,324,0,2,0,145,3,0.0,2.0,1.0,7,20.0,3.0,3.0,0.0,44,4,0,1,0,0,973,3
30,12,2021,2021-12-01,9,2,Rio de Janeiro,3304557,Capital,1,0,0,1,0,,1,0,,35,3,0,12,33,16,4,53,24,1,1,2,1,0.0,0,1,0.0,12,95,16,7,4,15,0.0,65,107,0,3,0,74,2,2.0,0.0,0.0,3,9.0,0.0,2.0,0.0,31,2,0,0,0,0,444,3
31,12,2021,2021-12-01,41,2,Rio de Janeiro,3304557,Capital,4,0,0,4,1,,5,0,,34,5,1,13,46,9,12,67,33,17,4,1,0,0.0,0,0,0.0,22,144,7,9,2,4,0.0,31,53,0,0,0,75,3,0.0,3.0,0.0,31,11.0,2.0,0.0,1.0,29,2,0,0,1,0,493,3
32,12,2021,2021-12-01,18,2,Rio de Janeiro,3304557,Capital,4,0,0,4,1,,5,1,,124,4,1,28,69,29,12,110,30,3,7,0,0,0.0,0,1,1.0,43,195,12,26,67,69,1.0,230,405,0,7,0,356,2,0.0,2.0,0.0,17,41.0,3.0,6.0,0.0,119,9,0,0,0,0,1603,3
33,12,2021,2021-12-01,14,2,Rio de Janeiro,3304557,Capital,2,0,0,2,0,,2,5,,86,5,2,24,68,13,16,97,55,8,2,1,0,0.0,0,2,0.0,20,185,13,4,17,16,2.0,57,109,0,1,0,119,3,1.0,2.0,0.0,9,34.0,3.0,7.0,0.0,31,4,1,0,0,0,789,3
34,12,2021,2021-12-01,14,2,Rio de Janeiro,3304557,Capital,5,0,0,5,2,,7,5,,112,7,6,25,78,36,14,128,66,26,0,2,0,0.0,0,1,0.0,19,242,21,39,6,34,0.0,103,203,0,3,2,239,19,1.0,15.0,3.0,30,38.0,5.0,6.0,1.0,86,6,2,0,0,0,1302,3
35,12,2021,2021-12-01,40,2,Rio de Janeiro,3304557,Capital,4,0,0,4,1,,5,4,,178,12,3,46,116,17,35,168,45,8,3,1,1,0.0,0,3,0.0,25,254,56,35,19,57,2.0,240,409,0,5,0,655,1,0.0,1.0,0.0,9,62.0,4.0,11.0,0.0,171,21,0,0,0,0,2327,3
36,12,2021,2021-12-01,27,2,Rio de Janeiro,3304557,Capital,6,0,0,6,0,,6,1,,124,12,7,32,29,7,13,49,9,9,3,2,0,0.0,0,0,0.0,6,78,21,7,2,16,0.0,74,120,0,1,4,169,0,0.0,0.0,0.0,12,36.0,0.0,4.0,0.0,88,13,1,0,0,0,872,3
37,12,2021,2021-12-01,17,1,Rio de Janeiro,3304557,Capital,2,0,0,2,0,,2,1,,36,9,4,17,9,6,2,17,11,2,2,1,0,0.0,0,1,0.0,5,39,23,17,10,13,1.0,99,163,0,1,0,185,2,2.0,0.0,0.0,16,19.0,0.0,5.0,0.0,47,5,1,0,0,0,832,3
38,12,2021,2021-12-01,16,1,Rio de Janeiro,3304557,Capital,6,0,0,6,0,,6,1,,44,4,0,11,44,16,3,63,61,22,5,0,0,0.0,0,2,0.0,13,166,9,1,5,11,0.0,64,90,0,1,0,122,0,0.0,0.0,0.0,22,15.0,0.0,2.0,0.0,39,5,0,0,0,0,604,3
39,12,2021,2021-12-01,41,2,Rio de Janeiro,3304557,Capital,2,0,0,2,1,,3,8,,21,3,1,12,43,27,25,95,80,9,3,0,0,0.0,0,0,0.0,34,221,11,11,5,6,0.0,52,85,0,0,0,84,5,0.0,4.0,1.0,38,20.0,0.0,7.0,2.0,22,2,0,0,0,0,607,3
40,12,2021,2021-12-01,9,2,Rio de Janeiro,3304557,Capital,1,0,0,1,1,,2,0,,29,0,0,10,86,24,15,125,41,7,2,0,0,0.0,0,0,0.0,31,206,10,6,3,8,0.0,52,79,0,0,0,63,1,0.0,0.0,1.0,20,4.0,0.0,0.0,0.0,18,3,1,0,0,0,508,3
41,12,2021,2021-12-01,18,2,Rio de Janeiro,3304557,Capital,1,0,0,1,0,,1,0,,44,1,1,14,32,6,2,40,15,0,2,0,0,0.0,0,0,0.0,6,63,2,5,19,9,0.0,52,87,0,0,0,67,0,0.0,0.0,0.0,5,17.0,2.0,1.0,0.0,30,1,0,0,0,0,397,3
42,12,2021,2021-12-01,31,2,Rio de Janeiro,3304557,Capital,2,0,0,2,0,,2,1,,75,1,1,29,38,21,19,78,13,3,5,5,0,2.0,0,1,0.0,14,121,45,5,15,65,10.0,202,342,0,10,0,336,65,62.0,1.0,2.0,2,30.0,5.0,2.0,0.0,63,7,0,0,0,0,1491,3
43,12,2021,2021-12-01,27,2,Rio de Janeiro,3304557,Capital,3,0,0,3,0,,3,0,,74,10,1,38,9,6,8,23,10,0,0,1,0,2.0,1,1,0.0,1,39,11,4,2,6,0.0,28,51,0,1,0,45,0,0.0,0.0,0.0,5,13.0,1.0,6.0,0.0,68,5,1,0,0,0,447,3
44,12,2021,2021-12-01,3,1,Rio de Janeiro,3304557,Capital,1,0,0,1,0,,1,4,,45,6,0,28,59,32,3,94,49,6,3,2,0,0.0,0,0,0.0,23,177,6,10,10,15,0.0,53,94,0,1,1,79,3,3.0,0.0,0.0,6,14.0,1.0,4.0,0.0,18,4,0,0,0,0,536,3
48,12,2021,2021-12-01,24,3,Seropédica,3305554,Baixada Fluminense,4,0,0,4,0,,4,0,,21,1,1,8,7,2,0,9,6,1,2,0,0,0.0,0,1,0.0,2,21,2,1,0,2,1.0,23,29,0,2,0,29,8,5.0,4.0,0.0,9,24.0,0.0,0.0,0.0,16,4,0,0,1,0,199,3
50,12,2021,2021-12-01,24,3,Itaguaí,3302007,Baixada Fluminense,3,0,0,3,0,,3,0,,31,11,8,6,19,4,0,23,18,2,3,0,0,0.0,0,0,0.0,4,50,21,6,0,6,0.0,35,68,0,3,0,97,2,1.0,1.0,0.0,13,15.0,0.0,6.0,1.0,30,6,0,0,0,0,415,3
51,12,2021,2021-12-01,24,3,Paracambi,3303609,Baixada Fluminense,2,0,0,2,0,,2,0,,15,0,0,3,2,0,0,2,0,1,0,0,0,0.0,0,0,0.0,2,5,0,0,1,2,0.0,15,18,0,0,0,7,7,1.0,6.0,0.0,0,10.0,0.0,10.0,0.0,9,0,0,0,0,0,103,3
52,12,2021,2021-12-01,20,3,Nova Iguaçu,3303500,Baixada Fluminense,4,0,0,4,0,,4,1,,56,4,0,25,49,31,25,105,25,2,2,1,0,0.0,0,2,0.0,6,143,71,34,4,25,2.0,74,210,0,0,0,202,4,3.0,1.0,0.0,6,18.0,2.0,7.0,1.0,27,2,0,0,0,0,857,3
53,12,2021,2021-12-01,20,3,Mesquita,3302858,Baixada Fluminense,5,0,0,5,0,,5,2,,61,8,1,17,51,21,23,95,15,7,2,0,0,0.0,0,1,0.0,9,129,20,4,2,4,2.0,58,90,0,1,0,87,13,0.0,11.0,2.0,5,27.0,3.0,6.0,0.0,34,6,1,0,0,0,551,3
54,12,2021,2021-12-01,39,3,Belford Roxo,3300456,Baixada Fluminense,10,0,0,10,4,,14,11,,120,8,3,24,56,30,28,114,130,19,5,4,0,0.0,0,1,0.0,42,315,58,1,3,10,1.0,47,120,0,0,0,195,10,0.0,9.0,1.0,47,34.0,1.0,40.0,0.0,129,19,1,0,0,0,1250,3
55,12,2021,2021-12-01,24,3,Queimados,3304144,Baixada Fluminense,4,0,0,4,2,,6,2,,47,11,1,7,25,13,1,39,14,1,1,0,0,0.0,0,3,0.0,2,60,10,4,0,8,0.0,27,49,0,2,0,59,9,0.0,7.0,2.0,4,17.0,1.0,8.0,0.0,40,7,0,0,0,0,391,3
56,12,2021,2021-12-01,20,3,Nova Iguaçu,3303500,Baixada Fluminense,7,0,0,7,1,,8,3,,85,4,1,13,42,19,10,71,22,7,2,6,0,0.0,0,2,0.0,17,127,18,1,3,6,0.0,46,74,0,3,0,74,4,1.0,3.0,0.0,7,28.0,3.0,11.0,0.0,71,10,0,0,0,0,589,3
57,12,2021,2021-12-01,20,3,Nilópolis,3303203,Baixada Fluminense,3,0,0,3,0,,3,1,,42,0,1,10,44,10,7,61,15,2,4,0,0,0.0,0,0,0.0,17,99,26,22,1,10,0.0,70,129,0,0,0,93,5,1.0,3.0,1.0,5,11.0,0.0,4.0,0.0,45,7,0,0,0,0,558,3
58,12,2021,2021-12-01,20,3,Nova Iguaçu,3303500,Baixada Fluminense,8,0,0,8,3,,11,1,,135,12,4,24,55,32,25,112,31,17,7,4,0,0.0,0,0,2.0,25,198,51,5,1,20,0.0,63,140,0,3,0,96,11,6.0,5.0,0.0,20,23.0,3.0,7.0,0.0,112,11,1,0,0,0,965,3
59,12,2021,2021-12-01,15,3,Duque de Caxias,3301702,Baixada Fluminense,4,0,0,4,0,,4,10,,86,6,1,21,153,12,31,196,68,33,1,2,0,0.0,0,8,0.0,18,326,59,40,3,14,1.0,173,290,0,0,0,136,4,1.0,3.0,0.0,61,33.0,2.0,10.0,1.0,72,12,0,0,0,0,1280,3
60,12,2021,2021-12-01,15,3,Duque de Caxias,3301702,Baixada Fluminense,3,0,0,3,5,,8,3,,60,5,6,18,30,17,24,71,96,30,1,2,0,0.0,0,0,0.0,30,230,37,3,0,5,0.0,65,110,0,0,0,41,6,1.0,5.0,0.0,20,29.0,7.0,17.0,0.0,61,8,0,0,0,0,757,3
61,12,2021,2021-12-01,15,3,Duque de Caxias,3301702,Baixada Fluminense,0,0,0,0,2,,2,2,,20,0,1,0,1,0,1,2,1,0,0,0,0,0.0,0,0,0.0,3,6,4,0,0,2,1.0,12,19,0,0,0,15,2,1.0,1.0,0.0,2,5.0,0.0,2.0,0.0,24,4,0,0,0,0,113,3
62,12,2021,2021-12-01,15,3,Duque de Caxias,3301702,Baixada Fluminense,3,0,0,3,0,,3,7,,46,4,3,19,39,11,3,53,15,12,2,0,0,0.0,0,1,0.0,9,92,8,1,1,7,1.0,15,33,0,1,0,46,0,0.0,0.0,0.0,11,6.0,0.0,6.0,1.0,41,4,0,0,0,0,360,3
63,12,2021,2021-12-01,24,3,Japeri,3302270,Baixada Fluminense,4,0,0,4,0,,4,7,,27,1,0,5,4,4,3,11,11,6,1,1,0,0.0,0,0,0.0,3,33,3,0,1,2,1.0,26,33,0,3,0,8,17,11.0,6.0,0.0,3,9.0,0.0,3.0,0.0,23,6,0,0,0,0,206,3
64,12,2021,2021-12-01,21,3,São João de Meriti,3305109,Baixada Fluminense,4,0,0,4,2,,6,9,,134,6,2,22,149,38,57,244,70,23,13,1,0,1.0,0,1,0.0,45,398,62,17,4,6,1.0,86,176,0,0,0,295,6,1.0,5.0,0.0,52,41.0,0.0,11.0,0.0,98,12,0,0,0,0,1464,3
65,12,2021,2021-12-01,34,3,Magé,3302502,Baixada Fluminense,1,0,0,1,1,,2,0,,30,5,0,11,7,0,1,8,3,0,4,1,0,0.0,0,0,0.0,1,17,6,3,0,3,4.0,22,38,0,0,0,36,9,0.0,7.0,2.0,2,9.0,2.0,4.0,0.0,27,0,0,0,0,0,234,3
66,12,2021,2021-12-01,34,3,Magé,3302502,Baixada Fluminense,0,0,0,0,0,,0,1,,48,13,0,21,9,5,0,14,2,0,3,0,0,0.0,0,1,0.0,2,22,20,3,0,8,2.0,22,55,0,2,0,64,3,2.0,1.0,0.0,6,13.0,1.0,9.0,0.0,48,4,0,0,0,0,375,3
67,12,2021,2021-12-01,34,3,Guapimirim,3301850,Baixada Fluminense,0,0,0,0,0,,0,0,,16,1,3,6,2,5,0,7,0,1,1,1,0,0.0,0,0,0.0,4,14,3,0,0,1,0.0,13,17,0,1,0,27,0,0.0,0.0,0.0,0,2.0,0.0,3.0,0.0,13,1,0,0,0,0,143,3
1,1,2022,2022-01-01,5,1,Rio de Janeiro,3304557,Capital,0,0,0,0,0,,0,0,,8,0,0,2,31,4,1,36,1,0,2,0,0,0.0,0,2,0.0,3,44,3,35,10,57,1.0,66,172,0,0,0,83,1,1.0,0.0,0.0,0,9.0,0.0,5.0,0.0,5,0,0,0,0,0,448,3
4,1,2022,2022-01-01,5,1,Rio de Janeiro,3304557,Capital,3,0,0,3,0,,3,0,,14,2,3,7,43,9,11,63,4,0,2,0,0,0.0,0,0,1.0,6,76,2,53,16,49,2.0,102,224,0,1,0,48,10,4.0,6.0,0.0,0,15.0,3.0,12.0,0.0,15,4,0,0,0,0,505,3
5,1,2022,2022-01-01,5,1,Rio de Janeiro,3304557,Capital,0,0,0,0,0,,0,0,,24,1,0,10,92,45,3,140,3,1,5,1,0,0.0,0,4,0.0,13,167,12,53,7,88,4.0,183,347,0,2,0,129,15,6.0,7.0,3.0,3,51.0,6.0,7.0,1.0,26,2,0,0,0,0,997,3
6,1,2022,2022-01-01,4,1,Rio de Janeiro,3304557,Capital,1,0,0,1,1,,2,15,,29,5,0,12,21,10,12,43,17,1,0,0,0,0.0,0,1,0.0,4,66,2,12,21,28,0.0,63,126,0,0,2,58,2,1.0,1.0,0.0,10,11.0,2.0,4.0,0.0,8,1,0,0,0,0,424,3
7,1,2022,2022-01-01,5,1,Rio de Janeiro,3304557,Capital,1,0,0,1,0,,1,7,,6,0,0,1,13,4,2,19,3,0,0,0,0,0.0,0,0,0.0,6,28,6,10,4,1,1.0,20,42,0,0,0,16,0,0.0,0.0,0.0,2,0.0,0.0,1.0,0.0,7,0,0,0,0,0,150,3
9,1,2022,2022-01-01,2,1,Rio de Janeiro,3304557,Capital,0,0,0,0,1,,1,0,,31,0,0,5,67,38,19,124,10,1,6,1,0,0.0,0,0,7.0,15,164,21,33,8,83,13.0,104,262,0,1,0,177,14,14.0,0.0,0.0,5,17.0,5.0,2.0,0.0,15,1,0,0,0,0,872,3
10,1,2022,2022-01-01,2,1,Rio de Janeiro,3304557,Capital,0,0,0,0,0,,0,0,,22,3,1,12,30,20,1,51,9,0,8,0,0,0.0,0,0,4.0,6,78,10,19,21,86,8.0,171,315,0,5,0,147,1,1.0,0.0,0.0,1,17.0,10.0,3.0,0.0,31,5,2,0,0,0,788,3
11,1,2022,2022-01-01,23,1,Rio de Janeiro,3304557,Capital,0,0,0,0,0,,0,1,,8,0,0,0,1,0,0,1,0,0,0,0,0,0.0,0,0,0.0,0,1,3,1,1,1,0.0,8,14,0,1,0,17,10,7.0,2.0,1.0,1,0.0,0.0,4.0,0.0,5,5,0,0,0,0,107,3
12,1,2022,2022-01-01,19,1,Rio de Janeiro,3304557,Capital,0,0,0,0,0,,0,1,,21,1,1,5,57,39,5,101,0,0,3,0,0,0.0,0,0,2.0,9,115,7,94,11,158,29.0,211,510,0,4,0,161,10,6.0,4.0,0.0,1,59.0,24.0,10.0,4.0,33,7,0,0,0,0,1153,3
13,1,2022,2022-01-01,19,1,Rio de Janeiro,3304557,Capital,0,0,0,0,0,,0,0,,27,0,0,5,41,21,2,64,1,0,4,2,0,0.0,0,0,2.0,4,77,8,40,6,50,13.0,106,223,0,3,0,84,2,1.0,1.0,0.0,0,30.0,6.0,2.0,1.0,10,1,0,0,0,0,556,3
14,1,2022,2022-01-01,23,1,Rio de Janeiro,3304557,Capital,1,0,0,1,0,,1,0,,20,1,0,8,83,30,1,114,2,0,1,2,0,0.0,0,0,3.0,11,133,17,152,6,174,30.0,128,507,0,4,0,159,10,6.0,4.0,0.0,0,48.0,20.0,8.0,0.0,17,3,0,0,0,0,1034,3
15,1,2022,2022-01-01,23,1,Rio de Janeiro,3304557,Capital,0,0,0,0,0,,0,0,,21,0,1,2,27,14,3,44,4,0,2,0,0,0.0,0,0,0.0,6,56,3,13,13,32,2.0,66,129,0,0,1,114,5,2.0,3.0,0.0,2,9.0,2.0,2.0,0.0,12,9,0,0,0,0,444,3
16,1,2022,2022-01-01,31,2,Rio de Janeiro,3304557,Capital,4,1,0,5,0,,5,2,,85,8,0,25,64,26,11,101,9,0,1,2,0,0.0,0,0,0.0,18,131,21,42,48,175,6.0,354,646,0,9,0,389,14,10.0,3.0,1.0,8,62.0,9.0,14.0,0.0,76,1,0,0,0,0,1762,3
17,1,2022,2022-01-01,4,1,Rio de Janeiro,3304557,Capital,1,0,0,1,0,,1,0,,23,1,1,19,37,21,21,79,21,1,2,0,0,0.0,0,0,0.0,10,113,7,9,15,65,0.0,78,174,0,4,0,39,10,5.0,3.0,2.0,4,14.0,4.0,6.0,1.0,22,3,0,0,0,0,563,3
18,1,2022,2022-01-01,6,1,Rio de Janeiro,3304557,Capital,2,0,0,2,0,,2,0,,17,1,2,13,60,26,13,99,17,0,5,1,0,0.0,0,0,0.0,23,145,4,16,12,39,1.0,83,155,0,0,0,111,3,3.0,0.0,0.0,0,15.0,4.0,0.0,0.0,13,0,0,0,0,0,591,3
19,1,2022,2022-01-01,6,1,Rio de Janeiro,3304557,Capital,3,0,0,3,0,,3,0,,24,0,2,4,27,17,1,45,14,1,1,1,0,0.0,0,1,0.0,6,69,8,8,12,30,4.0,81,143,0,2,0,174,6,5.0,1.0,0.0,5,27.0,0.0,15.0,1.0,25,3,0,0,0,0,663,3
20,1,2022,2022-01-01,6,1,Rio de Janeiro,3304557,Capital,0,0,0,0,0,,0,0,,31,3,1,13,35,6,5,46,16,3,0,1,0,0.0,0,1,0.0,11,78,6,17,10,16,5.0,82,136,0,4,0,148,6,4.0,1.0,1.0,4,9.0,0.0,2.0,1.0,19,5,0,0,0,0,603,3
21,1,2022,2022-01-01,22,1,Rio de Janeiro,3304557,Capital,5,0,0,5,1,,6,1,,56,4,0,24,100,27,38,165,58,15,2,0,0,1.0,0,0,0.0,30,271,19,28,24,22,0.0,113,206,0,3,0,144,15,2.0,6.0,7.0,35,42.0,1.0,28.0,1.0,49,12,1,0,1,0,1041,3
22,1,2022,2022-01-01,16,1,Rio de Janeiro,3304557,Capital,1,0,0,1,0,,1,3,,49,3,2,12,47,10,6,63,36,5,0,0,0,0.0,0,1,0.0,11,116,12,12,25,14,0.0,105,168,0,2,0,117,6,1.0,5.0,0.0,21,35.0,1.0,9.0,2.0,49,7,0,0,0,0,714,3
23,1,2022,2022-01-01,3,1,Rio de Janeiro,3304557,Capital,0,0,0,0,2,,2,0,,12,1,0,11,33,9,3,45,16,1,2,0,0,0.0,0,0,0.0,14,78,8,9,2,7,0.0,66,92,0,3,0,90,0,0.0,0.0,0.0,5,5.0,0.0,1.0,0.0,14,3,0,0,0,0,410,3
24,1,2022,2022-01-01,3,1,Rio de Janeiro,3304557,Capital,1,0,0,1,0,,1,0,,25,3,1,13,43,13,7,63,43,3,4,0,0,0.0,0,1,0.0,22,136,15,8,3,9,1.0,46,82,0,1,0,69,0,0.0,0.0,0.0,13,6.0,1.0,4.0,0.0,21,2,0,0,0,0,437,3
25,1,2022,2022-01-01,3,1,Rio de Janeiro,3304557,Capital,2,0,0,2,0,,2,4,,41,3,2,12,48,6,10,64,11,2,3,0,0,0.0,0,0,0.0,16,96,4,6,4,6,0.0,45,65,0,1,0,52,12,0.0,4.0,8.0,7,17.0,0.0,6.0,0.0,30,6,0,0,0,0,403,3
26,1,2022,2022-01-01,3,1,Rio de Janeiro,3304557,Capital,0,0,0,0,0,,0,0,,23,1,1,14,45,8,5,58,21,13,1,1,0,0.0,1,0,0.0,20,115,8,8,7,9,1.0,63,96,0,2,0,76,2,0.0,2.0,0.0,7,19.0,1.0,3.0,0.0,31,2,0,0,0,0,455,3
27,1,2022,2022-01-01,41,2,Rio de Janeiro,3304557,Capital,2,0,0,2,4,,6,1,,44,1,3,15,78,24,5,107,59,6,1,0,0,1.0,0,2,0.0,31,207,15,8,5,14,1.0,72,115,0,1,1,126,3,0.0,3.0,0.0,12,26.0,4.0,4.0,2.0,38,3,1,0,0,0,755,3
28,1,2022,2022-01-01,18,2,Rio de Janeiro,3304557,Capital,0,0,0,0,0,,0,0,,49,4,0,5,10,11,1,22,11,3,2,0,0,0.0,0,0,0.0,11,49,9,3,12,18,1.0,51,94,0,1,0,102,2,2.0,0.0,0.0,5,4.0,0.0,2.0,0.0,30,7,0,0,0,0,443,3
29,1,2022,2022-01-01,9,2,Rio de Janeiro,3304557,Capital,10,0,0,10,2,,12,1,,66,4,2,23,88,37,10,135,46,9,7,0,0,1.0,0,2,0.0,31,231,22,25,25,23,0.0,172,267,0,2,0,156,3,0.0,3.0,0.0,20,13.0,2.0,7.0,1.0,45,4,0,0,0,0,979,3
30,1,2022,2022-01-01,9,2,Rio de Janeiro,3304557,Capital,1,0,0,1,0,,1,1,,27,1,0,7,26,19,4,49,20,5,1,0,0,0.0,0,0,0.0,13,88,19,7,3,5,0.0,39,73,0,3,0,61,5,2.0,3.0,0.0,3,15.0,1.0,1.0,0.0,37,5,0,0,0,0,415,3
31,1,2022,2022-01-01,41,2,Rio de Janeiro,3304557,Capital,2,0,0,2,0,,2,0,,36,4,2,17,53,10,8,71,32,5,3,0,0,0.0,0,1,0.0,14,126,9,1,6,7,0.0,33,56,0,1,0,71,1,0.0,1.0,0.0,25,6.0,1.0,5.0,0.0,43,2,0,0,0,0,461,3
32,1,2022,2022-01-01,18,2,Rio de Janeiro,3304557,Capital,4,0,0,4,2,,6,5,,139,8,2,36,78,22,4,104,27,3,10,1,0,1.0,0,0,0.0,25,171,16,15,53,58,4.0,243,389,0,9,0,368,4,2.0,2.0,0.0,16,56.0,2.0,5.0,0.0,116,3,0,0,0,0,1644,3
33,1,2022,2022-01-01,14,2,Rio de Janeiro,3304557,Capital,5,0,0,5,4,,9,3,,99,7,1,17,58,29,6,93,67,12,3,0,0,0.0,0,1,0.0,14,190,23,5,10,8,1.0,63,110,0,2,0,132,0,0.0,0.0,0.0,21,16.0,2.0,3.0,0.0,44,2,0,0,0,0,833,3
34,1,2022,2022-01-01,14,2,Rio de Janeiro,3304557,Capital,7,0,0,7,3,,10,4,,136,15,1,28,68,36,16,120,102,18,2,1,0,0.0,0,2,0.0,30,275,28,21,14,27,1.0,103,194,0,3,0,230,12,1.0,6.0,5.0,40,43.0,0.0,16.0,2.0,68,10,0,0,0,0,1326,3
35,1,2022,2022-01-01,40,2,Rio de Janeiro,3304557,Capital,3,0,1,4,1,,5,8,,202,19,5,40,113,20,23,156,56,11,4,1,1,1.0,0,2,0.0,35,267,57,17,14,43,1.0,217,349,0,12,0,658,8,5.0,4.0,0.0,35,76.0,1.0,17.0,0.0,206,18,0,0,0,0,2293,3
36,1,2022,2022-01-01,27,2,Rio de Janeiro,3304557,Capital,4,0,0,4,0,,4,2,,107,4,5,21,40,3,8,51,11,7,2,0,0,0.0,0,1,0.0,12,84,30,11,4,13,0.0,85,143,0,3,0,140,0,0.0,0.0,0.0,15,28.0,2.0,7.0,0.0,72,6,2,0,0,0,841,3
37,1,2022,2022-01-01,17,1,Rio de Janeiro,3304557,Capital,1,0,0,1,0,,1,1,,43,4,0,18,24,5,1,30,5,1,2,0,0,1.0,0,0,1.0,11,51,16,10,7,3,1.0,101,138,0,2,0,166,2,2.0,0.0,0.0,19,25.0,22.0,4.0,1.0,40,4,0,0,0,0,845,3
38,1,2022,2022-01-01,16,1,Rio de Janeiro,3304557,Capital,0,1,0,1,3,,4,6,,64,6,0,15,44,23,9,76,66,16,2,0,0,0.0,0,0,0.0,15,175,17,1,6,7,0.0,59,90,0,1,0,96,16,3.0,9.0,4.0,27,24.0,5.0,4.0,1.0,46,3,0,0,0,0,651,3
39,1,2022,2022-01-01,41,2,Rio de Janeiro,3304557,Capital,6,0,0,6,5,,11,7,,43,6,0,6,75,18,26,119,81,8,2,1,0,0.0,0,0,0.0,9,220,14,61,0,5,1.0,31,112,0,1,0,93,5,1.0,3.0,1.0,37,17.0,2.0,8.0,1.0,25,6,0,0,0,0,645,3
40,1,2022,2022-01-01,9,2,Rio de Janeiro,3304557,Capital,1,0,0,1,2,,3,3,,37,2,2,11,67,14,15,96,43,11,3,0,0,0.0,0,1,0.0,36,190,9,6,1,1,0.0,58,75,0,1,1,58,0,0.0,0.0,0.0,8,7.0,0.0,0.0,0.0,21,2,0,0,0,0,501,3
41,1,2022,2022-01-01,18,2,Rio de Janeiro,3304557,Capital,0,0,0,0,0,,0,0,,44,3,0,14,33,9,2,44,11,0,4,1,0,0.0,0,0,0.0,5,65,5,5,8,16,1.0,44,79,0,0,0,100,1,0.0,1.0,0.0,3,13.0,1.0,1.0,0.0,24,5,1,0,0,0,459,3
42,1,2022,2022-01-01,31,2,Rio de Janeiro,3304557,Capital,3,0,0,3,0,,3,0,,71,8,4,23,27,17,5,49,17,2,1,1,0,0.0,1,0,1.0,7,79,37,8,17,50,20.0,149,281,0,11,2,237,94,92.0,2.0,0.0,9,32.0,3.0,4.0,0.0,62,5,2,0,0,0,1203,3
43,1,2022,2022-01-01,27,2,Rio de Janeiro,3304557,Capital,0,0,0,0,0,,0,1,,91,10,0,17,15,12,7,34,7,6,0,0,0,0.0,0,0,1.0,4,52,9,1,2,15,0.0,31,58,0,1,0,55,2,1.0,1.0,0.0,4,17.0,0.0,9.0,0.0,79,6,0,0,0,0,458,3
44,1,2022,2022-01-01,3,1,Rio de Janeiro,3304557,Capital,2,0,0,2,0,,2,1,,37,3,1,26,43,42,4,89,34,3,1,0,0,0.0,0,0,0.0,15,142,9,11,5,15,0.0,58,98,0,1,0,65,5,0.0,3.0,2.0,10,12.0,0.0,4.0,1.0,27,3,0,0,0,0,510,3
48,1,2022,2022-01-01,24,3,Seropédica,3305554,Baixada Fluminense,2,0,0,2,0,,2,3,,36,2,0,3,7,1,0,8,2,2,1,0,0,0.0,0,1,0.0,3,17,1,0,0,2,0.0,22,25,0,0,0,25,6,3.0,3.0,0.0,3,11.0,0.0,9.0,0.0,25,4,0,0,0,0,212,3
50,1,2022,2022-01-01,24,3,Itaguaí,3302007,Baixada Fluminense,7,0,0,7,2,,9,3,,61,3,4,6,18,4,1,23,3,0,1,0,0,0.0,0,0,0.0,1,28,8,7,0,6,0.0,31,52,0,1,0,49,3,0.0,3.0,0.0,6,15.0,1.0,10.0,0.0,31,5,0,0,0,0,327,3
51,1,2022,2022-01-01,24,3,Paracambi,3303609,Baixada Fluminense,1,0,0,1,0,,1,0,,10,4,0,3,1,1,0,2,2,0,0,1,0,0.0,0,0,0.0,0,5,1,0,0,3,0.0,11,15,0,0,0,15,6,1.0,5.0,0.0,0,8.0,0.0,3.0,1.0,21,1,0,0,0,0,97,3
52,1,2022,2022-01-01,20,3,Nova Iguaçu,3303500,Baixada Fluminense,2,1,0,3,0,,3,0,,50,6,1,13,50,38,17,105,30,1,5,0,0,0.0,0,2,0.0,8,151,41,17,10,25,3.0,83,179,0,4,0,148,3,2.0,1.0,0.0,11,22.0,0.0,8.0,0.0,43,9,1,0,0,0,753,3
53,1,2022,2022-01-01,20,3,Mesquita,3302858,Baixada Fluminense,0,0,0,0,5,,5,4,,63,6,0,13,47,17,25,89,16,2,1,0,0,0.0,0,1,0.0,15,124,17,2,1,3,0.0,51,74,0,3,0,69,21,1.0,17.0,3.0,12,34.0,1.0,4.0,0.0,54,9,1,0,0,0,515,3
54,1,2022,2022-01-01,39,3,Belford Roxo,3300456,Baixada Fluminense,12,0,0,12,5,,17,4,,133,13,1,32,96,39,34,169,121,10,2,2,0,0.0,0,3,0.0,48,355,54,2,1,10,0.0,64,131,0,12,3,196,10,1.0,9.0,0.0,54,38.0,3.0,20.0,0.0,135,28,0,0,0,0,1362,3
55,1,2022,2022-01-01,24,3,Queimados,3304144,Baixada Fluminense,7,0,0,7,5,,12,10,,60,3,0,6,29,32,3,64,10,1,1,0,0,0.0,0,0,0.0,1,77,13,3,0,8,1.0,37,62,0,0,0,65,7,3.0,3.0,1.0,2,13.0,0.0,2.0,0.0,48,8,0,0,0,0,430,3
56,1,2022,2022-01-01,20,3,Nova Iguaçu,3303500,Baixada Fluminense,10,0,0,10,0,,10,8,,117,7,3,19,30,21,6,57,21,6,2,5,0,0.0,0,1,0.0,13,105,18,1,1,4,1.0,47,72,0,0,0,69,5,1.0,4.0,0.0,13,32.0,2.0,4.0,0.0,89,13,1,2,0,0,642,3
57,1,2022,2022-01-01,20,3,Nilópolis,3303203,Baixada Fluminense,0,0,0,0,0,,0,0,,62,0,1,10,46,22,6,74,9,3,1,0,0,0.0,0,1,0.0,11,99,22,2,1,10,1.0,70,106,0,2,2,98,1,0.0,1.0,0.0,10,9.0,1.0,3.0,0.0,53,4,1,0,0,0,543,3
58,1,2022,2022-01-01,20,3,Nova Iguaçu,3303500,Baixada Fluminense,6,0,0,6,0,,6,9,,123,16,5,18,69,33,16,118,48,12,0,1,0,0.0,0,0,1.0,20,200,35,2,0,14,0.0,59,110,0,2,0,107,12,6.0,5.0,2.0,13,24.0,1.0,10.0,0.0,145,21,0,0,0,0,1008,3
59,1,2022,2022-01-01,15,3,Duque de Caxias,3301702,Baixada Fluminense,4,0,0,4,9,,13,18,,100,6,1,23,175,16,21,212,110,28,7,3,0,0.0,0,4,0.0,27,391,51,47,8,7,1.0,136,250,0,1,1,136,11,1.0,9.0,1.0,94,47.0,2.0,20.0,0.0,69,8,0,0,0,0,1412,3
60,1,2022,2022-01-01,15,3,Duque de Caxias,3301702,Baixada Fluminense,7,0,0,7,3,,10,14,,65,3,4,23,41,16,11,68,112,37,6,0,0,0.0,0,2,0.0,28,253,42,1,0,2,0.0,47,92,0,4,2,50,6,1.0,4.0,1.0,29,27.0,4.0,12.0,0.0,49,9,0,0,0,0,789,3
61,1,2022,2022-01-01,15,3,Duque de Caxias,3301702,Baixada Fluminense,2,0,0,2,0,,2,0,,28,2,1,3,2,3,0,5,4,2,0,1,0,0.0,0,0,0.0,1,13,3,0,0,2,0.0,8,13,0,1,0,21,0,0.0,0.0,0.0,0,8.0,0.0,1.0,0.0,17,1,0,0,0,0,123,3
62,1,2022,2022-01-01,15,3,Duque de Caxias,3301702,Baixada Fluminense,1,0,1,2,3,,5,12,,55,4,2,4,54,27,2,83,25,11,2,0,0,0.0,0,0,0.0,10,131,11,1,1,8,0.0,25,46,0,1,0,40,4,1.0,3.0,0.0,12,9.0,1.0,4.0,0.0,50,5,0,0,0,0,405,3
63,1,2022,2022-01-01,24,3,Japeri,3302270,Baixada Fluminense,3,0,0,3,3,,6,4,,25,2,0,9,14,3,2,19,10,5,0,0,0,0.0,0,0,1.0,3,38,1,0,1,3,0.0,22,27,0,2,0,18,20,9.0,11.0,0.0,9,20.0,1.0,5.0,0.0,26,4,1,0,0,0,237,3
64,1,2022,2022-01-01,21,3,São João de Meriti,3305109,Baixada Fluminense,7,0,1,8,3,,11,3,,132,14,3,18,169,35,55,259,82,13,5,0,0,1.0,0,1,0.0,44,405,58,12,5,7,1.0,85,168,0,3,0,289,12,1.0,11.0,0.0,63,44.0,3.0,15.0,0.0,110,8,0,0,0,0,1467,3
65,1,2022,2022-01-01,34,3,Magé,3302502,Baixada Fluminense,4,0,0,4,6,,10,0,,25,6,0,3,9,1,0,10,0,0,1,0,0,0.0,0,0,0.0,1,12,6,0,1,2,3.0,14,26,0,1,0,30,7,0.0,6.0,1.0,2,8.0,1.0,5.0,0.0,22,3,0,0,0,0,202,3
66,1,2022,2022-01-01,34,3,Magé,3302502,Baixada Fluminense,2,0,0,2,0,,2,1,,88,6,0,20,15,4,0,19,6,2,1,3,0,0.0,0,0,0.0,3,34,9,5,0,6,0.0,36,56,0,0,0,87,5,5.0,0.0,0.0,7,4.0,0.0,14.0,0.0,68,3,0,0,0,0,484,3
67,1,2022,2022-01-01,34,3,Guapimirim,3301850,Baixada Fluminense,2,0,0,2,0,,2,1,,26,2,1,6,3,1,0,4,1,0,1,0,0,0.0,0,1,0.0,1,8,0,1,0,1,0.0,12,14,0,3,0,22,4,1.0,3.0,0.0,4,6.0,1.0,7.0,0.0,29,3,0,0,0,0,184,3
1,2,2022,2022-02-01,5,1,Rio de Janeiro,3304557,Capital,0,0,0,0,0,,0,0,,6,2,0,0,61,5,2,68,1,1,1,0,0,0.0,0,5,0.0,4,80,2,121,15,79,1.0,64,282,0,3,0,103,2,2.0,0.0,0.0,0,12.0,2.0,3.0,0.0,10,1,0,0,0,0,644,3
4,2,2022,2022-02-01,5,1,Rio de Janeiro,3304557,Capital,0,0,0,0,0,,0,0,,13,0,3,2,50,20,13,83,4,1,3,0,0,0.0,1,0,0.0,10,102,4,61,20,110,3.0,155,353,0,0,0,79,9,4.0,3.0,2.0,1,15.0,0.0,11.0,0.0,14,4,0,0,0,0,670,3
5,2,2022,2022-02-01,5,1,Rio de Janeiro,3304557,Capital,0,0,0,0,0,,0,0,,33,1,0,4,111,53,6,170,3,0,7,1,0,0.0,0,3,0.0,19,203,5,96,8,114,11.0,172,406,0,4,0,164,13,6.0,7.0,2.0,4,49.0,10.0,12.0,1.0,23,1,1,0,0,0,1100,3
6,2,2022,2022-02-01,4,1,Rio de Janeiro,3304557,Capital,1,0,0,1,0,,1,0,,31,2,0,13,26,11,10,47,16,3,1,0,0,0.0,0,0,0.0,11,78,8,24,12,29,2.0,60,135,0,2,0,69,1,1.0,0.0,0.0,13,7.0,0.0,3.0,0.0,20,1,0,0,0,0,449,3
7,2,2022,2022-02-01,5,1,Rio de Janeiro,3304557,Capital,0,0,0,0,0,,0,0,,8,1,0,0,8,7,11,26,5,0,2,0,0,0.0,0,0,0.0,10,43,6,1,2,3,1.0,19,32,0,1,0,14,1,0.0,1.0,0.0,6,4.0,0.0,0.0,0.0,6,0,0,0,0,0,134,3
9,2,2022,2022-02-01,2,1,Rio de Janeiro,3304557,Capital,0,0,0,0,0,,0,0,,23,2,1,7,59,29,18,106,19,0,3,0,0,0.0,0,1,2.0,12,143,21,34,6,119,4.0,111,295,0,2,0,211,15,11.0,4.0,1.0,3,29.0,1.0,2.0,0.0,24,2,0,0,0,0,932,3
10,2,2022,2022-02-01,2,1,Rio de Janeiro,3304557,Capital,0,0,0,0,0,,0,0,,25,2,0,16,30,24,5,59,6,0,17,2,0,0.0,0,0,0.0,7,91,18,25,22,74,14.0,155,308,0,6,1,188,6,4.0,2.0,0.0,2,22.0,5.0,2.0,0.0,23,1,0,0,0,0,850,3
11,2,2022,2022-02-01,23,1,Rio de Janeiro,3304557,Capital,0,0,0,0,0,,0,8,,5,1,1,0,0,0,0,0,0,0,0,0,0,0.0,0,0,0.0,0,0,1,1,0,2,0.0,3,7,0,0,0,18,5,3.0,2.0,0.0,0,1.0,0.0,5.0,0.0,4,4,0,0,0,0,70,3
12,2,2022,2022-02-01,19,1,Rio de Janeiro,3304557,Capital,1,0,0,1,0,,1,0,,30,1,0,3,40,19,7,66,0,0,5,1,0,0.0,0,0,0.0,16,88,1,87,3,113,12.0,150,366,0,5,0,154,10,6.0,5.0,0.0,1,53.0,33.0,13.0,4.0,20,7,0,0,0,0,913,3
13,2,2022,2022-02-01,19,1,Rio de Janeiro,3304557,Capital,0,0,0,0,0,,0,0,,14,0,0,5,20,8,3,31,0,0,5,1,0,0.0,1,0,0.0,6,44,6,34,2,36,10.0,98,186,0,2,0,89,11,7.0,4.0,0.0,0,32.0,7.0,2.0,0.0,8,1,0,0,0,0,488,3
14,2,2022,2022-02-01,23,1,Rio de Janeiro,3304557,Capital,0,0,0,0,0,,0,2,,17,2,0,4,44,9,0,53,2,0,2,0,0,0.0,0,0,0.0,5,62,8,51,8,80,28.0,115,290,0,4,0,135,11,10.0,1.0,0.0,2,43.0,7.0,5.0,2.0,18,8,0,0,0,0,724,3
15,2,2022,2022-02-01,23,1,Rio de Janeiro,3304557,Capital,0,0,0,0,0,,0,0,,4,0,2,5,15,4,1,20,8,0,0,0,0,0.0,0,0,0.0,3,31,7,10,11,51,2.0,66,147,0,3,0,100,6,5.0,1.0,0.0,2,8.0,1.0,4.0,0.0,9,1,0,0,0,0,435,3
16,2,2022,2022-02-01,31,2,Rio de Janeiro,3304557,Capital,0,0,0,0,0,,0,4,,77,1,1,28,70,20,10,100,2,0,6,2,0,0.0,0,0,0.0,16,126,30,71,56,235,13.0,253,658,0,3,0,372,13,9.0,4.0,0.0,6,58.0,18.0,16.0,4.0,65,4,0,0,0,0,1732,3
17,2,2022,2022-02-01,4,1,Rio de Janeiro,3304557,Capital,0,0,0,0,1,,1,0,,23,0,1,15,38,23,31,92,20,4,4,0,0,0.0,0,0,0.0,16,136,8,9,35,37,1.0,72,162,0,2,0,46,12,4.0,6.0,2.0,5,24.0,5.0,3.0,1.0,24,4,1,0,0,0,547,3
18,2,2022,2022-02-01,6,1,Rio de Janeiro,3304557,Capital,0,0,0,0,1,,1,0,,28,0,0,18,65,26,17,108,17,1,5,0,0,0.0,1,1,1.0,20,154,3,22,14,54,4.0,76,173,0,0,0,81,1,1.0,0.0,0.0,3,13.0,5.0,3.0,1.0,10,0,0,0,0,0,587,3
19,2,2022,2022-02-01,6,1,Rio de Janeiro,3304557,Capital,0,0,0,0,0,,0,3,,21,5,1,10,39,9,2,50,26,1,3,1,0,0.0,0,1,0.0,6,88,15,15,11,42,5.0,96,184,0,3,0,187,6,4.0,2.0,0.0,3,28.0,0.0,10.0,0.0,32,1,0,0,0,0,728,3
20,2,2022,2022-02-01,6,1,Rio de Janeiro,3304557,Capital,0,0,0,0,1,,1,4,,22,2,7,7,25,17,4,46,31,1,6,0,0,1.0,0,0,0.0,12,97,10,17,17,17,1.0,103,165,0,2,0,121,6,3.0,3.0,0.0,9,15.0,1.0,4.0,0.0,23,2,0,0,0,0,609,3
21,2,2022,2022-02-01,22,1,Rio de Janeiro,3304557,Capital,6,0,0,6,2,,8,1,,64,3,2,36,89,34,65,188,50,15,2,2,0,0.0,0,0,1.0,53,311,19,30,35,30,1.0,169,284,0,3,0,152,28,7.0,12.0,9.0,42,68.0,5.0,26.0,2.0,53,5,0,0,0,0,1183,3
22,2,2022,2022-02-01,16,1,Rio de Janeiro,3304557,Capital,3,0,0,3,10,,13,4,,51,5,1,28,54,11,24,89,24,3,2,0,0,0.0,0,1,0.0,6,125,14,9,11,23,0.0,93,150,0,3,0,128,9,0.0,9.0,0.0,52,34.0,0.0,16.0,1.0,57,2,0,0,0,0,813,3
23,2,2022,2022-02-01,3,1,Rio de Janeiro,3304557,Capital,0,0,0,0,0,,0,0,,14,4,4,14,28,13,2,43,21,1,0,1,0,0.0,0,0,0.0,7,73,4,5,11,16,0.0,84,120,0,0,0,75,1,1.0,0.0,0.0,1,15.0,0.0,2.0,0.0,22,4,0,0,0,0,440,3
24,2,2022,2022-02-01,3,1,Rio de Janeiro,3304557,Capital,0,0,0,0,1,,1,3,,42,1,1,9,55,18,2,75,42,5,3,0,0,0.0,1,0,0.0,19,145,9,9,6,32,1.0,77,134,0,1,1,64,4,3.0,0.0,1.0,12,7.0,2.0,5.0,0.0,22,3,0,0,0,0,512,3
25,2,2022,2022-02-01,3,1,Rio de Janeiro,3304557,Capital,1,0,0,1,1,,2,3,,41,2,1,7,32,19,10,61,19,6,7,0,0,0.0,0,0,0.0,18,111,8,6,6,10,0.0,62,92,0,0,0,25,20,1.0,9.0,10.0,11,27.0,1.0,4.0,2.0,20,0,0,0,0,0,384,3
26,2,2022,2022-02-01,3,1,Rio de Janeiro,3304557,Capital,0,0,0,0,1,,1,0,,23,2,0,13,28,11,2,41,24,3,2,1,0,0.0,0,0,0.0,10,81,4,12,10,30,0.0,71,127,0,3,0,84,1,0.0,0.0,1.0,6,12.0,2.0,6.0,0.0,30,1,0,0,0,0,513,3
27,2,2022,2022-02-01,41,2,Rio de Janeiro,3304557,Capital,3,0,1,4,1,,5,0,,26,1,1,7,49,29,3,81,38,1,8,0,0,2.0,0,2,0.0,20,152,37,8,3,12,2.0,84,146,0,6,0,109,5,2.0,3.0,0.0,17,27.0,1.0,3.0,0.0,32,4,0,0,0,0,673,3
28,2,2022,2022-02-01,18,2,Rio de Janeiro,3304557,Capital,0,0,0,0,0,,0,0,,39,3,0,4,17,10,0,27,11,4,1,0,0,0.0,1,0,0.0,4,48,12,1,7,16,0.0,61,97,0,2,0,80,1,0.0,0.0,1.0,10,7.0,0.0,2.0,0.0,30,4,0,0,0,0,437,3
29,2,2022,2022-02-01,9,2,Rio de Janeiro,3304557,Capital,7,0,0,7,1,,8,0,,40,1,4,17,63,29,9,101,55,2,3,0,0,1.0,0,0,0.0,18,180,15,39,19,58,0.0,157,288,0,1,0,135,6,2.0,4.0,0.0,5,15.0,5.0,13.0,0.0,45,4,0,0,0,0,882,3
30,2,2022,2022-02-01,9,2,Rio de Janeiro,3304557,Capital,3,0,0,3,0,,3,0,,38,3,1,10,37,11,2,50,24,1,3,0,0,0.0,0,0,0.0,9,87,23,6,4,12,0.0,56,101,0,2,0,50,3,0.0,2.0,1.0,4,6.0,0.0,1.0,0.0,27,3,0,0,0,0,403,3
31,2,2022,2022-02-01,41,2,Rio de Janeiro,3304557,Capital,2,0,0,2,1,,3,2,,34,1,0,14,45,11,6,62,29,7,3,0,0,0.0,0,1,0.0,13,115,10,8,2,11,3.0,24,58,0,0,0,68,3,1.0,2.0,0.0,15,5.0,0.0,0.0,0.0,26,0,0,0,0,0,432,3
32,2,2022,2022-02-01,18,2,Rio de Janeiro,3304557,Capital,6,0,0,6,0,,6,6,,126,10,1,49,69,32,9,110,22,2,1,2,0,0.0,0,0,0.0,34,171,12,24,48,84,1.0,273,442,0,5,0,367,6,1.0,5.0,0.0,24,47.0,4.0,5.0,1.0,117,9,0,0,0,0,1705,3
33,2,2022,2022-02-01,14,2,Rio de Janeiro,3304557,Capital,6,0,0,6,0,,6,3,,59,6,1,25,65,38,5,108,78,13,4,1,0,0.0,1,2,2.0,13,222,19,1,11,19,4.0,53,107,0,1,1,102,3,0.0,2.0,1.0,23,21.0,0.0,6.0,1.0,50,5,0,0,0,0,853,3
34,2,2022,2022-02-01,14,2,Rio de Janeiro,3304557,Capital,4,0,1,5,2,,7,8,,81,16,3,45,46,34,10,90,88,21,1,0,0,0.0,0,3,1.0,14,218,25,15,9,23,1.0,86,159,0,1,0,186,33,1.0,18.0,14.0,47,40.0,0.0,14.0,1.0,73,6,0,0,0,0,1096,3
35,2,2022,2022-02-01,40,2,Rio de Janeiro,3304557,Capital,6,0,0,6,1,,7,5,,160,15,3,57,58,27,9,94,61,14,1,0,0,0.0,0,2,0.0,40,212,71,40,22,56,1.0,198,388,0,9,0,509,3,0.0,3.0,0.0,30,74.0,2.0,17.0,2.0,209,16,0,0,0,0,2180,3
36,2,2022,2022-02-01,27,2,Rio de Janeiro,3304557,Capital,7,0,0,7,0,,7,3,,140,14,6,27,27,6,0,33,15,4,4,1,0,0.0,0,0,0.0,12,69,19,11,9,13,0.0,82,134,0,2,0,152,1,1.0,0.0,0.0,18,20.0,0.0,3.0,1.0,80,10,0,0,0,0,817,3
37,2,2022,2022-02-01,17,1,Rio de Janeiro,3304557,Capital,3,0,0,3,2,,5,2,,46,6,1,16,21,8,4,33,12,3,0,0,0,0.0,0,0,0.0,1,49,8,14,8,15,0.0,90,135,0,1,1,174,1,0.0,1.0,0.0,18,36.0,19.0,5.0,0.0,55,6,0,0,0,0,804,3
38,2,2022,2022-02-01,16,1,Rio de Janeiro,3304557,Capital,4,0,0,4,7,,11,2,,57,4,0,20,25,22,3,50,48,8,1,0,0,0.0,0,0,0.0,14,121,17,6,2,6,1.0,45,77,0,3,1,114,13,5.0,5.0,4.0,50,17.0,3.0,12.0,1.0,66,9,0,0,0,0,668,3
39,2,2022,2022-02-01,41,2,Rio de Janeiro,3304557,Capital,2,0,0,2,0,,2,0,,38,4,3,7,98,27,32,157,70,7,0,1,0,0.0,0,0,0.0,29,264,7,21,3,7,0.0,122,160,0,0,0,101,3,0.0,3.0,0.0,28,27.0,4.0,6.0,1.0,20,4,0,0,0,0,763,3
40,2,2022,2022-02-01,9,2,Rio de Janeiro,3304557,Capital,1,0,0,1,3,,4,0,,35,4,1,7,72,19,18,109,60,2,4,0,0,0.0,0,0,0.0,39,214,10,7,5,6,1.0,39,68,0,3,2,51,1,0.0,1.0,0.0,7,12.0,0.0,4.0,0.0,24,2,0,0,0,0,494,3
41,2,2022,2022-02-01,18,2,Rio de Janeiro,3304557,Capital,2,0,0,2,0,,2,0,,30,2,2,10,41,11,1,53,11,0,4,0,0,0.0,0,0,0.0,5,73,1,6,17,9,2.0,44,79,0,0,0,97,1,0.0,1.0,0.0,6,11.0,0.0,0.0,0.0,41,3,0,0,0,0,454,3
42,2,2022,2022-02-01,31,2,Rio de Janeiro,3304557,Capital,2,0,0,2,0,,2,1,,59,2,2,23,13,13,1,27,14,1,4,1,0,0.0,0,0,0.0,15,62,37,13,20,63,5.0,115,253,0,2,0,245,58,56.0,1.0,1.0,11,27.0,0.0,1.0,0.0,48,4,1,0,0,0,1115,3
43,2,2022,2022-02-01,27,2,Rio de Janeiro,3304557,Capital,2,0,0,2,0,,2,2,,90,19,4,37,11,8,2,21,5,2,0,0,0,0.0,0,0,0.0,5,33,8,0,2,10,1.0,31,52,0,0,0,53,0,0.0,0.0,0.0,3,11.0,0.0,4.0,0.0,100,5,0,0,0,0,436,3
44,2,2022,2022-02-01,3,1,Rio de Janeiro,3304557,Capital,1,0,0,1,0,,1,0,,43,0,2,13,32,16,6,54,30,4,1,0,0,0.0,0,1,0.0,19,109,15,8,6,12,1.0,45,87,0,2,0,74,1,1.0,0.0,1.0,11,9.0,0.0,5.0,0.0,31,5,0,0,0,0,456,3
48,2,2022,2022-02-01,24,3,Seropédica,3305554,Baixada Fluminense,1,0,0,1,0,,1,3,,34,1,2,5,3,0,0,3,5,5,0,0,0,0.0,0,1,0.0,1,15,7,1,1,3,0.0,18,30,0,0,2,22,5,4.0,1.0,0.0,5,19.0,0.0,3.0,0.0,26,1,0,0,0,0,197,3
50,2,2022,2022-02-01,24,3,Itaguaí,3302007,Baixada Fluminense,5,0,0,5,5,,10,4,,42,4,0,7,10,5,1,16,5,2,0,1,0,0.0,0,0,0.0,3,27,10,1,0,4,2.0,31,48,0,1,1,52,2,1.0,1.0,0.0,5,14.0,0.0,5.0,0.0,31,3,0,0,0,0,330,3
51,2,2022,2022-02-01,24,3,Paracambi,3303609,Baixada Fluminense,0,0,0,0,0,,0,1,,23,0,1,2,1,0,0,1,0,0,1,0,0,0.0,0,0,0.0,2,4,1,0,1,0,0.0,7,9,0,0,0,15,4,3.0,1.0,0.0,0,10.0,0.0,3.0,0.0,12,0,0,0,0,0,84,3
52,2,2022,2022-02-01,20,3,Nova Iguaçu,3303500,Baixada Fluminense,2,0,0,2,0,,2,1,,49,4,2,22,45,44,15,104,32,1,6,0,0,0.0,0,3,0.0,5,151,39,21,1,26,5.0,67,159,0,5,0,140,0,0.0,0.0,0.0,5,32.0,4.0,10.0,0.0,55,4,0,0,0,0,757,3
53,2,2022,2022-02-01,20,3,Mesquita,3302858,Baixada Fluminense,2,0,0,2,2,,4,3,,31,4,4,9,38,25,22,85,14,3,1,1,0,0.0,0,0,0.0,5,109,18,6,3,5,1.0,46,79,0,3,0,48,13,0.0,13.0,0.0,2,23.0,2.0,3.0,0.0,36,12,0,0,0,0,454,3
54,2,2022,2022-02-01,39,3,Belford Roxo,3300456,Baixada Fluminense,22,0,0,22,9,,31,8,,127,12,2,34,103,37,19,159,105,13,3,0,0,1.0,0,4,0.0,43,328,48,4,2,10,0.0,55,119,0,4,2,211,14,0.0,13.0,1.0,28,57.0,6.0,28.0,0.0,137,16,1,0,0,0,1286,3
55,2,2022,2022-02-01,24,3,Queimados,3304144,Baixada Fluminense,4,0,0,4,1,,5,5,,59,5,0,4,32,17,0,49,7,0,4,0,0,0.0,0,0,0.0,5,65,9,3,0,11,1.0,29,53,0,0,0,45,7,4.0,3.0,0.0,5,8.0,0.0,9.0,0.0,38,2,0,0,0,0,382,3
56,2,2022,2022-02-01,20,3,Nova Iguaçu,3303500,Baixada Fluminense,2,0,1,3,0,,3,7,,105,12,1,11,51,28,1,80,24,1,3,2,0,0.0,0,1,0.0,24,135,25,3,3,5,0.0,36,72,0,2,0,75,7,0.0,7.0,0.0,11,33.0,5.0,7.0,0.0,102,16,0,0,0,0,632,3
57,2,2022,2022-02-01,20,3,Nilópolis,3303203,Baixada Fluminense,2,0,1,3,0,,3,6,,39,5,0,10,59,17,3,79,12,2,2,1,0,0.0,0,2,0.0,19,117,20,8,2,9,1.0,64,104,0,0,0,77,8,0.0,8.0,0.0,3,17.0,3.0,9.0,0.0,47,4,0,0,0,0,522,3
58,2,2022,2022-02-01,20,3,Nova Iguaçu,3303500,Baixada Fluminense,3,0,0,3,1,,4,5,,146,18,2,21,78,25,11,114,43,9,2,1,0,0.0,0,0,0.0,15,184,32,4,0,12,1.0,47,96,0,2,0,96,3,0.0,3.0,0.0,18,26.0,2.0,13.0,0.0,115,11,3,0,0,0,928,3
59,2,2022,2022-02-01,15,3,Duque de Caxias,3301702,Baixada Fluminense,4,0,0,4,0,,4,3,,108,5,5,22,213,15,24,252,83,32,3,0,0,0.0,1,8,0.0,26,405,62,39,5,14,0.0,204,324,0,0,0,143,4,1.0,3.0,0.0,91,31.0,4.0,15.0,1.0,76,9,1,0,0,0,1468,3
60,2,2022,2022-02-01,15,3,Duque de Caxias,3301702,Baixada Fluminense,8,0,0,8,4,,12,16,,80,10,9,12,36,8,27,71,94,32,1,1,0,0.0,0,0,0.0,29,228,29,4,0,3,1.0,41,78,0,2,0,35,10,0.0,10.0,0.0,18,30.0,3.0,8.0,0.0,57,4,0,0,0,0,778,3
61,2,2022,2022-02-01,15,3,Duque de Caxias,3301702,Baixada Fluminense,2,0,0,2,0,,2,1,,21,1,2,2,3,0,1,4,11,0,0,0,0,0.0,0,0,0.0,2,17,1,1,0,2,0.0,8,12,0,3,0,18,0,0.0,0.0,0.0,5,5.0,0.0,0.0,0.0,15,4,0,0,0,0,130,3
62,2,2022,2022-02-01,15,3,Duque de Caxias,3301702,Baixada Fluminense,5,0,0,5,0,,5,7,,43,5,2,6,56,14,5,75,16,14,6,0,0,0.0,0,0,1.0,14,126,14,2,2,1,1.0,21,41,0,1,0,64,3,1.0,1.0,1.0,10,7.0,2.0,2.0,0.0,36,4,0,0,0,0,399,3
63,2,2022,2022-02-01,24,3,Japeri,3302270,Baixada Fluminense,2,0,0,2,7,,9,3,,29,5,0,4,11,2,3,16,4,2,1,0,0,0.0,0,0,0.0,2,25,1,1,0,2,0.0,13,17,0,1,0,16,25,10.0,14.0,1.0,2,18.0,1.0,6.0,0.0,25,3,1,0,0,0,198,3
64,2,2022,2022-02-01,21,3,São João de Meriti,3305109,Baixada Fluminense,5,0,0,5,4,,9,3,,125,16,0,20,152,15,40,207,80,16,11,1,0,2.0,0,1,0.0,24,342,41,11,20,7,2.0,99,180,0,1,0,268,15,0.0,14.0,1.0,80,50.0,5.0,10.0,1.0,76,16,0,0,0,0,1379,3
65,2,2022,2022-02-01,34,3,Magé,3302502,Baixada Fluminense,2,0,0,2,1,,3,2,,22,4,0,8,11,0,1,12,4,1,1,0,0,0.0,0,0,0.0,2,20,10,2,1,8,2.0,13,36,0,1,0,25,9,1.0,9.0,0.0,5,7.0,2.0,13.0,0.0,25,1,1,0,0,0,236,3
66,2,2022,2022-02-01,34,3,Magé,3302502,Baixada Fluminense,2,0,0,2,0,,2,3,,52,4,2,19,12,6,0,18,3,0,1,1,0,0.0,0,0,1.0,4,28,10,5,0,4,5.0,34,58,0,1,0,52,5,2.0,3.0,0.0,5,10.0,0.0,9.0,0.0,34,4,0,0,0,0,357,3
67,2,2022,2022-02-01,34,3,Guapimirim,3301850,Baixada Fluminense,1,0,0,1,0,,1,0,,31,4,0,5,2,2,0,4,4,0,1,0,0,0.0,0,0,0.0,3,12,1,2,0,2,4.0,13,22,0,0,0,22,2,1.0,1.0,0.0,3,7.0,0.0,4.0,1.0,31,0,1,0,0,0,192,3
1,3,2022,2022-03-01,5,1,Rio de Janeiro,3304557,Capital,0,0,0,0,0,,0,0,,13,1,0,0,76,18,3,97,0,1,1,0,0,0.0,0,2,1.0,4,106,2,142,8,130,4.0,86,372,0,1,2,145,0,0.0,0.0,0.0,1,13.0,1.0,1.0,0.0,11,2,0,0,0,0,865,3
4,3,2022,2022-03-01,5,1,Rio de Janeiro,3304557,Capital,1,0,0,1,0,,1,0,,32,0,1,9,56,28,17,101,1,1,2,0,0,0.0,0,0,0.0,10,115,3,91,12,144,1.0,126,377,0,1,0,85,7,6.0,1.0,0.0,1,19.0,0.0,6.0,0.0,18,4,1,0,0,0,738,3
5,3,2022,2022-03-01,5,1,Rio de Janeiro,3304557,Capital,1,0,0,1,0,,1,3,,44,2,0,11,147,55,7,209,2,1,5,1,0,1.0,0,0,2.0,21,242,14,109,8,131,12.0,255,529,0,2,1,165,14,4.0,5.0,5.0,1,59.0,5.0,18.0,2.0,31,5,0,0,0,0,1283,3
6,3,2022,2022-03-01,4,1,Rio de Janeiro,3304557,Capital,1,0,0,1,2,,3,1,,32,2,2,18,33,6,22,61,14,0,2,0,0,0.0,0,1,0.0,12,90,12,36,17,28,1.0,86,180,0,0,0,69,2,0.0,1.0,1.0,15,13.0,1.0,4.0,1.0,25,4,0,0,0,0,551,3
7,3,2022,2022-03-01,5,1,Rio de Janeiro,3304557,Capital,0,0,0,0,1,,1,10,,5,2,0,6,18,2,3,23,8,0,0,0,0,0.0,0,0,0.0,15,46,9,5,2,6,1.0,26,49,0,0,0,12,5,0.0,3.0,3.0,8,0.0,0.0,1.0,0.0,4,1,0,0,0,0,174,3
9,3,2022,2022-03-01,2,1,Rio de Janeiro,3304557,Capital,0,0,0,0,0,,0,0,,33,0,0,16,85,33,14,132,12,1,7,1,0,0.0,0,0,2.0,22,177,25,42,5,99,14.0,147,332,0,1,0,217,11,9.0,1.0,1.0,2,20.0,0.0,0.0,0.0,31,1,0,0,0,0,1035,3
10,3,2022,2022-03-01,2,1,Rio de Janeiro,3304557,Capital,0,0,0,0,0,,0,0,,31,2,2,28,43,15,4,62,3,0,15,1,0,1.0,0,0,1.0,7,90,19,22,20,95,14.0,169,339,0,0,1,204,3,3.0,0.0,0.0,1,27.0,13.0,2.0,2.0,23,4,0,0,0,0,936,3
11,3,2022,2022-03-01,23,1,Rio de Janeiro,3304557,Capital,0,0,0,0,0,,0,0,,7,1,0,1,0,0,0,0,0,0,0,0,0,0.0,0,0,0.0,0,0,1,0,1,2,0.0,8,12,0,0,0,12,8,5.0,3.0,0.0,1,8.0,1.0,3.0,0.0,6,5,0,0,0,0,86,3
12,3,2022,2022-03-01,19,1,Rio de Janeiro,3304557,Capital,4,0,0,4,1,,5,6,,38,1,0,5,27,27,2,56,0,0,5,0,0,0.0,0,0,1.0,8,70,19,75,13,130,21.0,268,526,0,2,0,206,14,8.0,5.0,1.0,1,53.0,28.0,11.0,6.0,21,2,0,0,0,0,1180,3
13,3,2022,2022-03-01,19,1,Rio de Janeiro,3304557,Capital,0,0,0,0,0,,0,0,,11,0,0,7,21,11,3,35,0,0,0,0,0,0.0,0,0,0.0,4,39,8,41,2,42,10.0,112,215,0,1,0,117,11,6.0,5.0,0.0,1,41.0,9.0,3.0,0.0,9,0,0,0,0,0,565,3
14,3,2022,2022-03-01,23,1,Rio de Janeiro,3304557,Capital,0,0,0,0,0,,0,0,,22,0,0,9,31,18,2,51,5,0,3,0,0,0.0,0,0,0.0,3,62,18,72,3,133,22.0,150,398,0,3,0,175,23,18.0,4.0,1.0,3,45.0,28.0,10.0,3.0,12,2,0,0,0,0,896,3
15,3,2022,2022-03-01,23,1,Rio de Janeiro,3304557,Capital,0,0,0,0,0,,0,4,,25,0,0,13,17,11,6,34,8,1,0,0,0,0.0,0,0,0.0,2,45,6,10,11,82,4.0,83,196,0,1,0,120,6,5.0,1.0,0.0,0,7.0,4.0,1.0,0.0,19,2,0,0,0,0,559,3
16,3,2022,2022-03-01,31,2,Rio de Janeiro,3304557,Capital,0,0,0,0,2,,2,3,,68,4,3,48,61,35,10,106,0,0,4,0,0,0.0,0,2,1.0,29,142,46,56,71,263,11.0,326,773,0,4,0,424,12,10.0,2.0,0.0,7,63.0,25.0,16.0,3.0,80,4,0,0,0,0,1961,3
17,3,2022,2022-03-01,4,1,Rio de Janeiro,3304557,Capital,2,0,0,2,0,,2,0,,36,0,2,20,37,28,24,89,29,4,2,0,0,0.0,0,0,0.0,15,139,18,20,25,46,2.0,98,209,0,1,0,58,4,1.0,2.0,1.0,7,20.0,0.0,6.0,0.0,33,3,1,0,0,0,636,3
18,3,2022,2022-03-01,6,1,Rio de Janeiro,3304557,Capital,1,0,1,2,1,,3,4,,21,0,0,12,84,47,12,143,18,0,2,1,0,0.0,0,0,1.0,29,194,15,55,15,160,6.0,130,381,0,0,1,68,4,1.0,3.0,0.0,3,27.0,3.0,1.0,0.0,14,0,0,0,0,0,894,3
19,3,2022,2022-03-01,6,1,Rio de Janeiro,3304557,Capital,3,0,0,3,2,,5,13,,31,8,1,9,35,15,2,52,34,0,2,2,0,0.0,0,1,0.0,17,108,8,28,15,59,6.0,118,234,0,2,0,221,7,1.0,6.0,0.0,2,35.0,0.0,13.0,1.0,38,3,1,0,0,0,854,3
20,3,2022,2022-03-01,6,1,Rio de Janeiro,3304557,Capital,1,0,0,1,0,,1,3,,18,3,0,11,38,12,5,55,38,1,4,0,0,0.0,0,0,0.0,23,121,11,37,9,19,4.0,104,184,0,4,0,155,5,3.0,1.0,1.0,7,17.0,2.0,3.0,1.0,22,1,0,0,0,0,707,3
21,3,2022,2022-03-01,22,1,Rio de Janeiro,3304557,Capital,3,0,0,3,0,,3,15,,74,10,2,51,79,31,46,156,82,16,6,1,0,0.0,0,1,0.0,39,301,22,22,36,32,0.0,170,282,0,2,0,178,9,5.0,2.0,2.0,41,38.0,3.0,40.0,0.0,51,11,0,0,0,0,1260,3
22,3,2022,2022-03-01,16,1,Rio de Janeiro,3304557,Capital,3,0,0,3,2,,5,9,,48,4,0,33,60,28,28,116,24,13,1,0,0,0.0,0,0,0.0,12,166,28,9,15,34,0.0,142,228,0,2,0,165,7,4.0,3.0,0.0,17,26.0,0.0,8.0,0.0,55,5,1,0,0,0,935,3
23,3,2022,2022-03-01,3,1,Rio de Janeiro,3304557,Capital,1,0,0,1,0,,1,0,,32,0,1,8,46,12,2,60,29,4,5,0,0,0.0,0,1,0.0,11,110,15,8,8,12,0.0,75,118,0,1,0,122,0,0.0,0.0,0.0,3,5.0,7.0,4.0,0.0,26,3,0,0,0,0,551,3
24,3,2022,2022-03-01,3,1,Rio de Janeiro,3304557,Capital,1,0,0,1,2,,3,0,,30,6,0,25,37,18,4,59,33,9,10,1,0,1.0,0,0,1.0,9,123,8,24,8,49,0.0,49,138,0,3,0,68,3,0.0,2.0,1.0,10,7.0,1.0,3.0,0.0,44,3,0,0,0,0,570,3
25,3,2022,2022-03-01,3,1,Rio de Janeiro,3304557,Capital,0,0,0,0,0,,0,2,,28,1,0,8,25,16,8,49,31,6,4,1,0,0.0,0,0,0.0,29,120,3,11,5,12,0.0,67,98,0,0,0,44,39,3.0,25.0,13.0,15,46.0,2.0,7.0,0.0,31,3,0,0,0,0,488,3
26,3,2022,2022-03-01,3,1,Rio de Janeiro,3304557,Capital,2,0,0,2,1,,3,2,,25,0,0,22,48,17,5,70,23,2,3,0,0,0.0,0,0,0.0,17,115,6,15,11,29,0.0,73,134,0,2,0,83,3,3.0,0.0,0.0,21,6.0,3.0,4.0,1.0,22,1,0,0,0,0,573,3
27,3,2022,2022-03-01,41,2,Rio de Janeiro,3304557,Capital,1,0,0,1,3,,4,0,,54,2,0,17,86,47,9,142,70,4,3,0,0,0.0,0,2,0.0,31,252,18,8,8,12,2.0,104,152,0,2,0,130,3,1.0,2.0,0.0,33,27.0,5.0,12.0,2.0,41,3,0,0,0,0,896,3
28,3,2022,2022-03-01,18,2,Rio de Janeiro,3304557,Capital,1,0,0,1,0,,1,0,,56,5,3,19,8,13,2,23,25,3,3,0,0,0.0,0,0,0.0,15,69,10,2,11,22,1.0,51,97,0,2,0,96,3,0.0,1.0,2.0,4,14.0,1.0,5.0,0.0,45,2,0,0,0,0,543,3
29,3,2022,2022-03-01,9,2,Rio de Janeiro,3304557,Capital,3,0,0,3,2,,5,1,,56,2,2,15,88,35,6,129,51,6,4,0,0,0.0,1,0,0.0,17,208,30,38,31,37,3.0,181,320,0,2,0,210,3,2.0,0.0,1.0,15,19.0,3.0,13.0,0.0,43,2,0,0,0,0,1051,3
30,3,2022,2022-03-01,9,2,Rio de Janeiro,3304557,Capital,3,0,0,3,4,,7,1,,45,5,0,12,41,22,2,65,30,2,2,0,0,0.0,0,3,0.0,11,113,14,15,10,22,0.0,77,138,0,4,0,73,5,1.0,4.0,0.0,5,13.0,3.0,10.0,1.0,41,2,0,0,0,0,563,3
31,3,2022,2022-03-01,41,2,Rio de Janeiro,3304557,Capital,4,0,0,4,0,,4,3,,43,2,0,7,55,9,5,69,48,2,2,0,0,0.0,0,0,0.0,16,137,16,8,6,10,0.0,18,58,0,1,1,90,1,1.0,0.0,0.0,27,5.0,0.0,3.0,1.0,26,2,0,0,0,0,519,3
32,3,2022,2022-03-01,18,2,Rio de Janeiro,3304557,Capital,7,0,0,7,4,,11,3,,142,8,4,36,73,33,14,120,29,2,5,1,0,0.0,0,0,0.0,31,188,23,22,43,79,4.0,341,512,0,5,0,385,11,3.0,6.0,2.0,17,60.0,4.0,14.0,1.0,141,11,0,0,0,0,1879,3
33,3,2022,2022-03-01,14,2,Rio de Janeiro,3304557,Capital,1,0,0,1,2,,3,2,,101,9,1,42,63,45,9,117,70,10,8,2,0,0.0,0,0,0.0,17,224,26,5,7,10,4.0,73,125,0,1,0,123,3,1.0,1.0,1.0,7,21.0,1.0,12.0,2.0,83,5,0,0,0,0,1006,3
34,3,2022,2022-03-01,14,2,Rio de Janeiro,3304557,Capital,4,0,0,4,2,,6,4,,129,5,1,31,76,38,10,124,127,17,6,1,0,0.0,0,1,0.0,19,295,30,23,5,35,4.0,110,207,0,2,1,232,30,1.0,8.0,21.0,28,54.0,2.0,21.0,1.0,83,4,0,0,0,0,1276,3
35,3,2022,2022-03-01,40,2,Rio de Janeiro,3304557,Capital,5,0,0,5,0,,5,5,,257,19,5,48,62,19,11,92,83,19,2,2,0,0.0,0,0,0.0,34,232,53,42,29,68,5.0,257,454,0,6,0,358,1,0.0,1.0,0.0,17,56.0,1.0,19.0,0.0,253,17,0,0,0,0,2256,3
36,3,2022,2022-03-01,27,2,Rio de Janeiro,3304557,Capital,4,0,0,4,0,,4,3,,128,20,3,22,32,7,11,50,15,3,0,1,0,0.0,0,0,0.0,18,87,22,4,5,14,2.0,77,124,0,4,0,108,4,2.0,2.0,0.0,4,34.0,2.0,15.0,0.0,92,9,0,0,0,0,831,3
37,3,2022,2022-03-01,17,1,Rio de Janeiro,3304557,Capital,2,0,0,2,0,,2,5,,66,2,0,19,23,3,5,31,15,1,0,0,0,0.0,0,1,0.0,3,51,18,14,8,16,0.0,115,171,0,1,0,209,6,2.0,3.0,1.0,14,36.0,40.0,9.0,0.0,63,5,0,1,0,0,927,3
38,3,2022,2022-03-01,16,1,Rio de Janeiro,3304557,Capital,5,0,1,6,4,,10,4,,50,5,0,24,41,30,5,76,43,14,0,0,0,0.0,0,0,0.0,15,148,25,6,6,10,0.0,48,95,0,1,0,154,15,1.0,12.0,2.0,23,29.0,4.0,4.0,1.0,56,7,0,0,0,0,733,3
39,3,2022,2022-03-01,41,2,Rio de Janeiro,3304557,Capital,2,0,0,2,7,,9,2,,35,5,2,14,120,31,70,221,57,9,3,0,0,0.0,0,0,0.0,26,316,12,8,6,6,3.0,132,167,0,0,0,114,16,2.0,11.0,3.0,39,22.0,2.0,6.0,2.0,27,8,0,0,0,0,930,3
40,3,2022,2022-03-01,9,2,Rio de Janeiro,3304557,Capital,3,0,0,3,0,,3,2,,39,0,1,22,81,22,22,125,45,5,3,0,0,1.0,0,0,0.0,40,219,15,7,6,3,0.0,41,72,0,1,2,75,0,0.0,0.0,0.0,14,2.0,4.0,5.0,0.0,26,5,0,0,0,0,578,3
41,3,2022,2022-03-01,18,2,Rio de Janeiro,3304557,Capital,1,0,0,1,0,,1,3,,31,9,2,16,44,13,0,57,9,0,3,1,0,1.0,0,0,0.0,4,75,6,5,14,14,0.0,43,82,0,1,0,118,1,1.0,0.0,0.0,3,7.0,0.0,4.0,0.0,31,2,0,0,0,0,521,3
42,3,2022,2022-03-01,31,2,Rio de Janeiro,3304557,Capital,4,0,0,4,0,,4,1,,54,9,0,17,34,16,4,54,14,0,11,3,0,0.0,0,1,0.0,11,94,73,16,20,76,18.0,143,346,0,6,0,283,66,63.0,2.0,1.0,8,36.0,7.0,6.0,0.0,85,7,2,0,0,0,1394,3
43,3,2022,2022-03-01,27,2,Rio de Janeiro,3304557,Capital,2,0,0,2,0,,2,1,,90,5,2,44,10,9,3,22,4,3,1,0,0,0.0,0,0,0.0,0,30,12,2,4,21,0.0,32,71,0,2,0,61,0,0.0,0.0,0.0,4,23.0,0.0,4.0,0.0,85,3,0,0,0,0,520,3
44,3,2022,2022-03-01,3,1,Rio de Janeiro,3304557,Capital,2,0,1,3,0,,3,2,,37,3,1,17,37,13,3,53,45,6,1,0,0,0.0,0,1,0.0,34,140,12,6,4,12,1.0,74,109,0,2,0,84,6,2.0,5.0,0.0,8,19.0,4.0,5.0,0.0,30,7,1,0,0,1,547,3
48,3,2022,2022-03-01,24,3,Seropédica,3305554,Baixada Fluminense,5,0,0,5,0,,5,1,,32,2,2,5,5,0,2,7,2,6,3,0,0,0.0,0,0,0.0,2,20,3,0,0,18,1.0,21,43,0,2,0,30,7,2.0,5.0,0.0,5,22.0,0.0,4.0,0.0,31,4,0,0,0,0,261,3
50,3,2022,2022-03-01,24,3,Itaguaí,3302007,Baixada Fluminense,2,0,0,2,5,,7,8,,49,7,3,8,15,11,3,29,9,0,0,0,0,0.0,0,0,0.0,8,46,13,7,1,11,1.0,46,79,0,0,0,61,7,0.0,6.0,1.0,6,20.0,0.0,6.0,0.0,42,3,0,0,0,0,432,3
51,3,2022,2022-03-01,24,3,Paracambi,3303609,Baixada Fluminense,1,0,0,1,0,,1,1,,23,1,1,3,1,0,0,1,0,1,0,0,0,0.0,0,0,0.0,1,3,2,0,0,3,0.0,12,17,0,1,0,11,9,6.0,3.0,0.0,2,9.0,2.0,3.0,3.0,20,2,0,0,0,0,126,3
52,3,2022,2022-03-01,20,3,Nova Iguaçu,3303500,Baixada Fluminense,2,0,0,2,0,,2,1,,65,9,1,36,58,44,18,120,32,4,7,3,0,0.0,0,1,0.0,7,174,47,25,7,31,6.0,75,191,0,1,0,164,4,4.0,0.0,0.0,5,36.0,3.0,12.0,1.0,54,7,0,0,0,0,868,3
53,3,2022,2022-03-01,20,3,Mesquita,3302858,Baixada Fluminense,2,0,0,2,3,,5,0,,73,6,0,14,44,20,14,78,22,2,2,1,0,0.0,0,0,0.0,5,110,28,4,3,2,3.0,56,96,0,1,0,47,11,0.0,9.0,2.0,13,26.0,0.0,8.0,1.0,58,6,0,0,0,0,528,3
54,3,2022,2022-03-01,39,3,Belford Roxo,3300456,Baixada Fluminense,9,0,0,9,9,,18,9,,156,19,0,36,116,41,28,185,156,23,3,2,0,0.0,0,5,0.0,45,419,34,10,5,7,1.0,60,117,0,4,0,265,13,2.0,10.0,1.0,41,54.0,1.0,18.0,0.0,185,20,0,0,0,0,1559,3
55,3,2022,2022-03-01,24,3,Queimados,3304144,Baixada Fluminense,2,0,0,2,1,,3,3,,41,3,0,12,44,24,2,70,10,0,4,0,0,0.0,0,1,0.0,3,88,5,5,1,11,1.0,47,70,0,0,0,69,5,1.0,4.0,0.0,6,14.0,3.0,4.0,0.0,69,10,0,0,0,0,484,3
56,3,2022,2022-03-01,20,3,Nova Iguaçu,3303500,Baixada Fluminense,7,0,0,7,5,,12,6,,114,16,1,22,45,26,7,78,21,2,1,5,0,0.0,0,0,0.0,14,121,25,1,3,7,0.0,39,75,0,1,0,72,5,0.0,5.0,0.0,14,29.0,0.0,9.0,0.0,102,7,0,0,0,0,669,3
57,3,2022,2022-03-01,20,3,Nilópolis,3303203,Baixada Fluminense,2,0,0,2,0,,2,1,,64,2,2,7,49,25,0,74,21,2,4,1,0,1.0,0,1,0.0,14,118,21,10,0,22,0.0,101,154,0,1,0,100,3,1.0,2.0,0.0,9,25.0,1.0,10.0,0.0,38,4,0,0,0,0,621,3
58,3,2022,2022-03-01,20,3,Nova Iguaçu,3303500,Baixada Fluminense,10,0,0,10,1,,11,6,,151,20,2,32,88,44,4,136,38,4,4,2,0,0.0,0,0,0.0,31,215,41,3,0,12,0.0,49,105,0,3,0,123,7,2.0,5.0,0.0,24,34.0,3.0,12.0,0.0,113,10,0,0,0,0,1083,3
59,3,2022,2022-03-01,15,3,Duque de Caxias,3301702,Baixada Fluminense,3,0,2,5,6,,11,10,,127,10,0,46,180,14,22,216,121,26,4,0,0,0.0,2,4,0.0,30,403,70,42,5,21,1.0,212,351,0,2,0,168,10,2.0,6.0,2.0,110,50.0,3.0,21.0,0.0,89,6,1,0,1,0,1596,3
60,3,2022,2022-03-01,15,3,Duque de Caxias,3301702,Baixada Fluminense,4,0,0,4,11,,15,16,,87,9,3,16,62,18,11,91,112,26,1,1,0,0.0,0,1,0.0,23,255,41,5,1,7,1.0,60,115,0,2,0,88,12,1.0,11.0,0.0,35,26.0,8.0,18.0,0.0,43,7,0,0,0,0,891,3
61,3,2022,2022-03-01,15,3,Duque de Caxias,3301702,Baixada Fluminense,1,0,0,1,0,,1,0,,26,5,0,5,4,0,1,5,2,1,0,0,0,0.0,0,0,0.0,1,9,7,0,0,5,3.0,10,25,0,0,0,15,0,0.0,0.0,0.0,5,17.0,2.0,4.0,0.0,17,5,0,0,0,0,128,3
62,3,2022,2022-03-01,15,3,Duque de Caxias,3301702,Baixada Fluminense,8,0,0,8,2,,10,10,,48,11,1,8,48,18,3,69,21,6,3,1,0,0.0,0,1,0.0,12,113,18,3,0,9,0.0,36,66,0,1,0,78,8,0.0,8.0,0.0,19,12.0,2.0,5.0,0.0,36,1,0,0,0,0,462,3
63,3,2022,2022-03-01,24,3,Japeri,3302270,Baixada Fluminense,2,0,0,2,9,,11,3,,27,5,0,4,12,4,3,19,5,0,0,1,0,0.0,0,0,0.0,7,32,5,2,0,4,0.0,27,38,0,0,0,14,15,12.0,3.0,0.0,1,16.0,2.0,5.0,0.0,25,4,0,0,0,0,251,3
64,3,2022,2022-03-01,21,3,São João de Meriti,3305109,Baixada Fluminense,6,0,0,6,6,,12,8,,176,14,0,32,156,33,22,211,103,27,15,3,0,0.0,0,1,0.0,26,386,53,18,8,5,1.0,119,204,0,4,0,263,13,0.0,13.0,0.0,76,53.0,3.0,26.0,1.0,91,16,1,0,0,0,1523,3
65,3,2022,2022-03-01,34,3,Magé,3302502,Baixada Fluminense,3,0,0,3,0,,3,2,,37,6,0,5,8,3,1,12,3,1,1,0,0,0.0,0,0,0.0,2,19,10,1,1,6,1.0,25,44,0,2,0,23,3,0.0,3.0,0.0,1,13.0,1.0,0.0,0.0,23,1,0,0,0,0,231,3
66,3,2022,2022-03-01,34,3,Magé,3302502,Baixada Fluminense,1,0,0,1,0,,1,4,,79,8,2,19,22,6,0,28,10,0,2,0,0,0.0,0,0,1.0,6,47,15,9,1,7,8.0,38,78,0,2,0,65,3,3.0,0.0,0.0,3,14.0,1.0,6.0,1.0,65,3,0,0,0,0,483,3
67,3,2022,2022-03-01,34,3,Guapimirim,3301850,Baixada Fluminense,1,0,0,1,0,,1,0,,24,6,0,3,7,3,0,10,0,1,2,1,0,0.0,0,0,0.0,0,14,4,1,0,7,0.0,14,26,0,1,0,37,1,0.0,1.0,0.0,4,12.0,0.0,5.0,0.0,34,1,0,0,0,0,202,3
1,4,2022,2022-04-01,5,1,Rio de Janeiro,3304557,Capital,0,0,0,0,0,,0,0,,9,0,0,4,102,26,2,130,0,2,0,0,0,0.0,0,2,1.0,8,143,9,214,14,133,3.0,78,451,0,2,0,102,4,3.0,1.0,0.0,0,14.0,3.0,6.0,0.0,18,0,1,0,0,0,907,3
4,4,2022,2022-04-01,5,1,Rio de Janeiro,3304557,Capital,1,0,0,1,0,,1,1,,15,3,1,12,76,22,18,116,5,0,1,0,0,0.0,0,2,0.0,13,137,3,126,12,108,1.0,79,329,0,1,1,57,6,3.0,3.0,0.0,2,19.0,4.0,10.0,1.0,15,8,0,0,0,0,673,3
5,4,2022,2022-04-01,5,1,Rio de Janeiro,3304557,Capital,1,0,0,1,0,,1,0,,35,3,1,9,206,48,8,262,4,1,3,0,0,0.0,0,1,1.0,31,303,13,123,9,191,12.0,247,595,0,1,0,167,9,4.0,2.0,3.0,4,63.0,15.0,19.0,4.0,22,1,0,0,0,0,1387,3
6,4,2022,2022-04-01,4,1,Rio de Janeiro,3304557,Capital,2,0,1,3,0,,3,2,,31,0,0,14,68,28,12,108,8,0,1,0,0,0.0,0,0,0.0,20,137,8,67,14,76,1.0,78,244,0,1,2,68,3,3.0,0.0,0.0,13,11.0,7.0,4.0,2.0,22,3,0,0,0,0,694,3
7,4,2022,2022-04-01,5,1,Rio de Janeiro,3304557,Capital,0,0,0,0,0,,0,0,,5,1,0,0,26,5,0,31,2,0,0,0,0,0.0,0,0,0.0,12,45,4,11,0,12,1.0,28,56,0,1,0,30,4,0.0,4.0,0.0,4,4.0,2.0,1.0,0.0,9,0,0,0,0,0,206,3
9,4,2022,2022-04-01,2,1,Rio de Janeiro,3304557,Capital,1,0,0,1,0,,1,3,,24,0,1,10,60,31,9,100,10,1,3,1,0,0.0,0,0,5.0,10,130,22,55,12,133,16.0,115,353,0,1,0,204,18,16.0,1.0,1.0,1,29.0,10.0,3.0,0.0,18,4,1,0,0,0,982,3
10,4,2022,2022-04-01,2,1,Rio de Janeiro,3304557,Capital,0,0,0,0,0,,0,0,,16,0,2,18,36,21,8,65,4,0,2,0,0,0.0,0,2,1.0,10,84,14,19,25,114,15.0,188,375,0,5,0,192,7,7.0,0.0,0.0,1,12.0,6.0,4.0,0.0,16,3,2,0,0,0,938,3
11,4,2022,2022-04-01,23,1,Rio de Janeiro,3304557,Capital,1,0,0,1,0,,1,1,,9,3,0,0,1,1,0,2,0,0,0,0,0,0.0,0,0,0.0,0,2,1,1,2,1,0.0,8,13,0,1,0,17,2,1.0,1.0,0.0,1,1.0,0.0,0.0,0.0,8,2,0,0,0,0,76,3
12,4,2022,2022-04-01,19,1,Rio de Janeiro,3304557,Capital,0,0,0,0,0,,0,0,,26,3,0,4,33,21,1,55,0,0,0,1,0,0.0,0,1,0.0,5,62,11,59,17,97,35.0,189,408,0,1,0,175,5,5.0,0.0,0.0,0,49.0,12.0,16.0,2.0,37,6,0,0,0,0,1014,3
13,4,2022,2022-04-01,19,1,Rio de Janeiro,3304557,Capital,0,0,0,0,0,,0,0,,14,0,0,2,13,5,2,20,1,0,5,0,0,0.0,0,0,0.0,6,32,8,45,2,38,8.0,99,200,0,0,0,106,6,5.0,1.0,0.0,1,34.0,7.0,5.0,1.0,15,2,0,0,0,0,514,3
14,4,2022,2022-04-01,23,1,Rio de Janeiro,3304557,Capital,0,0,0,0,0,,0,0,,10,3,0,12,39,11,0,50,4,0,2,0,0,0.0,0,1,0.0,4,61,12,60,5,81,22.0,121,301,0,3,0,170,9,7.0,2.0,0.0,0,24.0,13.0,4.0,0.0,14,6,0,0,0,0,772,3
15,4,2022,2022-04-01,23,1,Rio de Janeiro,3304557,Capital,0,0,0,0,0,,0,1,,11,1,0,3,19,7,1,27,7,1,1,0,0,0.0,0,0,0.0,1,37,8,14,10,52,5.0,70,159,0,1,0,95,5,3.0,2.0,0.0,3,13.0,0.0,1.0,0.0,8,2,0,0,0,0,485,3
16,4,2022,2022-04-01,31,2,Rio de Janeiro,3304557,Capital,1,0,0,1,0,,1,3,,57,6,1,36,56,30,13,99,7,2,1,2,0,0.0,1,0,0.0,16,128,27,57,71,281,7.0,331,774,0,7,1,383,9,6.0,3.0,0.0,9,56.0,19.0,12.0,7.0,67,7,0,0,0,0,1914,3
17,4,2022,2022-04-01,4,1,Rio de Janeiro,3304557,Capital,0,0,0,0,0,,0,0,,23,1,2,30,42,16,24,82,35,3,0,0,0,0.0,0,0,0.0,17,137,8,15,22,49,1.0,142,237,0,2,0,48,5,3.0,1.0,1.0,9,6.0,3.0,7.0,0.0,18,2,0,0,0,0,634,3
18,4,2022,2022-04-01,6,1,Rio de Janeiro,3304557,Capital,0,0,0,0,0,,0,2,,10,0,0,10,50,51,12,113,20,1,3,1,0,0.0,0,1,0.0,23,162,9,31,17,173,11.0,102,343,0,1,0,84,4,3.0,1.0,0.0,3,19.0,1.0,1.0,0.0,18,2,0,0,0,0,844,3
19,4,2022,2022-04-01,6,1,Rio de Janeiro,3304557,Capital,1,0,0,1,0,,1,4,,22,2,1,6,29,29,0,58,27,0,0,0,0,0.0,0,0,0.0,9,94,12,39,12,51,7.0,93,214,0,4,0,211,7,4.0,3.0,0.0,3,33.0,5.0,15.0,0.0,29,2,0,0,0,0,820,3
20,4,2022,2022-04-01,6,1,Rio de Janeiro,3304557,Capital,1,0,0,1,1,,2,0,,25,4,0,12,57,14,7,78,24,1,2,0,0,0.0,0,0,0.0,17,122,13,26,16,15,6.0,114,190,0,2,0,153,2,1.0,1.0,0.0,5,13.0,3.0,6.0,1.0,23,2,0,0,0,0,742,3
21,4,2022,2022-04-01,22,1,Rio de Janeiro,3304557,Capital,4,0,0,4,1,,5,1,,45,5,5,48,76,27,38,141,73,18,3,0,0,0.0,0,0,0.0,37,272,26,13,39,29,0.0,152,259,0,2,1,150,14,8.0,4.0,3.0,44,26.0,2.0,33.0,3.0,41,4,1,0,0,0,1123,3
22,4,2022,2022-04-01,16,1,Rio de Janeiro,3304557,Capital,4,0,0,4,1,,5,3,,48,2,4,12,60,18,10,88,24,18,3,0,0,0.0,0,0,0.0,6,139,19,11,12,27,0.0,123,192,0,1,0,148,4,0.0,3.0,1.0,17,31.0,0.0,12.0,1.0,43,8,1,0,0,0,749,3
23,4,2022,2022-04-01,3,1,Rio de Janeiro,3304557,Capital,1,0,0,1,1,,2,0,,17,1,1,7,39,9,6,54,30,1,3,1,0,0.0,0,0,0.0,19,108,17,11,10,19,1.0,82,140,0,3,0,107,3,2.0,1.0,0.0,3,17.0,1.0,0.0,0.0,18,4,0,0,0,0,518,3
24,4,2022,2022-04-01,3,1,Rio de Janeiro,3304557,Capital,1,0,0,1,0,,1,4,,26,2,0,22,41,23,5,69,25,9,4,1,0,0.0,0,1,0.0,21,130,6,10,8,23,0.0,60,107,0,1,0,54,0,0.0,0.0,0.0,9,20.0,6.0,4.0,0.0,26,5,0,0,0,0,463,3
25,4,2022,2022-04-01,3,1,Rio de Janeiro,3304557,Capital,2,0,0,2,1,,3,0,,31,1,0,12,25,20,19,64,35,8,3,0,0,0.0,0,0,0.0,18,128,9,6,11,29,0.0,101,156,0,3,0,49,18,0.0,11.0,7.0,9,24.0,0.0,5.0,0.0,32,5,0,0,0,0,542,3
26,4,2022,2022-04-01,3,1,Rio de Janeiro,3304557,Capital,0,0,0,0,0,,0,5,,28,1,0,10,42,17,2,61,19,1,2,0,0,0.0,0,1,0.0,9,93,5,9,10,26,0.0,67,117,0,2,0,80,4,3.0,1.0,0.0,9,9.0,2.0,8.0,0.0,18,4,0,0,0,0,501,3
27,4,2022,2022-04-01,41,2,Rio de Janeiro,3304557,Capital,6,0,0,6,4,,10,1,,37,0,2,10,48,32,5,85,70,6,3,0,0,0.0,0,0,0.0,33,197,30,8,5,13,2.0,95,153,0,2,0,127,1,0.0,1.0,0.0,37,18.0,4.0,5.0,1.0,46,1,0,0,0,0,803,3
28,4,2022,2022-04-01,18,2,Rio de Janeiro,3304557,Capital,3,0,0,3,1,,4,0,,42,2,0,8,19,22,2,43,17,3,1,1,0,0.0,0,0,0.0,12,77,9,3,13,16,2.0,62,105,0,1,0,67,5,2.0,3.0,0.0,2,9.0,0.0,0.0,0.0,35,1,0,0,0,0,518,3
29,4,2022,2022-04-01,9,2,Rio de Janeiro,3304557,Capital,5,0,0,5,0,,5,0,,61,1,2,15,109,31,2,142,55,3,8,2,0,0.0,0,0,0.0,22,232,34,34,26,38,2.0,137,271,0,3,0,149,1,0.0,1.0,0.0,17,33.0,1.0,6.0,1.0,25,3,1,0,0,0,953,3
30,4,2022,2022-04-01,9,2,Rio de Janeiro,3304557,Capital,0,0,0,0,0,,0,2,,37,3,1,10,52,13,1,66,44,0,5,0,0,0.0,0,0,0.0,9,124,19,22,3,18,0.0,56,118,0,2,0,90,3,1.0,2.0,0.0,3,15.0,0.0,3.0,0.0,47,2,0,0,0,0,534,3
31,4,2022,2022-04-01,41,2,Rio de Janeiro,3304557,Capital,0,0,0,0,4,,4,2,,33,4,2,18,68,9,7,84,38,8,2,0,0,0.0,0,0,0.0,9,141,17,7,9,10,0.0,26,69,0,1,0,80,4,1.0,3.0,0.0,19,8.0,0.0,3.0,0.0,25,3,0,0,0,0,516,3
32,4,2022,2022-04-01,18,2,Rio de Janeiro,3304557,Capital,4,0,0,4,0,,4,1,,122,18,4,48,83,42,14,139,21,4,7,1,0,0.0,0,0,0.0,24,196,15,16,46,65,2.0,274,418,0,4,0,382,2,0.0,2.0,0.0,22,33.0,3.0,8.0,0.0,132,9,0,0,0,0,1720,3
33,4,2022,2022-04-01,14,2,Rio de Janeiro,3304557,Capital,5,0,0,5,0,,5,4,,68,7,2,30,70,41,8,119,74,9,4,1,0,0.0,0,2,0.0,21,230,23,7,8,19,5.0,70,132,0,0,0,103,6,1.0,5.0,0.0,14,28.0,0.0,7.0,1.0,52,5,0,0,0,0,884,3
34,4,2022,2022-04-01,14,2,Rio de Janeiro,3304557,Capital,1,0,0,1,1,,2,1,,90,8,5,35,59,28,8,95,99,15,3,1,0,0.0,0,1,0.0,10,224,26,26,5,22,1.0,98,178,0,1,1,193,18,2.0,13.0,3.0,63,43.0,2.0,13.0,1.0,76,7,0,0,0,0,1130,3
35,4,2022,2022-04-01,40,2,Rio de Janeiro,3304557,Capital,2,0,0,2,1,,3,2,,164,26,7,63,52,24,5,81,85,14,3,3,0,1.0,0,1,0.0,30,218,78,41,25,65,5.0,225,439,0,5,0,304,6,2.0,4.0,0.0,19,63.0,1.0,17.0,0.0,182,13,1,0,0,0,1973,3
36,4,2022,2022-04-01,27,2,Rio de Janeiro,3304557,Capital,4,0,0,4,0,,4,2,,121,6,9,25,25,9,5,39,18,4,3,0,0,0.0,0,0,0.0,20,84,28,7,5,11,0.0,83,134,0,2,0,118,0,0.0,0.0,0.0,9,21.0,0.0,8.0,0.0,92,7,1,0,0,0,829,3
37,4,2022,2022-04-01,17,1,Rio de Janeiro,3304557,Capital,3,0,0,3,3,,6,0,,44,2,0,9,18,5,0,23,18,1,1,0,0,0.0,0,1,0.0,4,48,21,12,2,15,1.0,89,140,0,1,0,153,4,1.0,3.0,0.0,10,13.0,6.0,3.0,0.0,51,6,1,0,0,0,770,3
38,4,2022,2022-04-01,16,1,Rio de Janeiro,3304557,Capital,3,0,0,3,3,,6,8,,48,3,3,18,32,24,4,60,52,20,0,0,0,0.0,0,1,0.0,12,145,16,4,5,12,0.0,35,72,0,0,0,115,5,1.0,2.0,2.0,17,26.0,0.0,4.0,0.0,46,7,0,0,0,0,576,3
39,4,2022,2022-04-01,41,2,Rio de Janeiro,3304557,Capital,4,0,0,4,2,,6,5,,34,4,0,16,113,30,52,195,54,11,5,1,0,0.0,0,1,0.0,23,290,14,32,12,10,0.0,92,160,0,1,0,100,8,0.0,8.0,0.0,24,19.0,1.0,10.0,0.0,16,5,0,0,0,0,792,3
40,4,2022,2022-04-01,9,2,Rio de Janeiro,3304557,Capital,3,0,0,3,0,,3,0,,27,0,0,12,61,18,9,88,46,5,4,0,0,0.0,0,0,0.0,30,173,15,4,5,9,2.0,33,68,0,0,0,80,0,0.0,0.0,0.0,11,5.0,0.0,2.0,0.0,25,4,0,0,0,0,479,3
41,4,2022,2022-04-01,18,2,Rio de Janeiro,3304557,Capital,0,0,0,0,0,,0,0,,43,3,0,18,29,8,1,38,9,0,4,0,0,0.0,0,0,0.0,5,56,4,4,12,15,0.0,43,78,0,4,0,79,0,0.0,0.0,0.0,5,17.0,0.0,2.0,0.0,42,3,0,0,0,0,455,3
42,4,2022,2022-04-01,31,2,Rio de Janeiro,3304557,Capital,1,0,0,1,0,,1,5,,52,3,1,17,22,12,6,40,9,1,3,0,0,0.0,0,0,0.0,8,61,35,8,9,47,8.0,119,226,0,9,0,266,38,37.0,1.0,0.0,3,28.0,1.0,1.0,0.0,74,1,0,0,0,0,1114,3
43,4,2022,2022-04-01,27,2,Rio de Janeiro,3304557,Capital,3,0,0,3,0,,3,1,,93,9,2,17,11,8,1,20,5,5,2,1,0,0.0,0,0,0.0,6,39,11,0,1,10,0.0,31,53,0,0,0,56,1,0.0,0.0,1.0,4,23.0,1.0,2.0,0.0,89,6,0,0,0,0,461,3
44,4,2022,2022-04-01,3,1,Rio de Janeiro,3304557,Capital,3,0,0,3,0,,3,4,,18,4,0,12,73,32,10,115,44,5,4,1,0,0.0,0,1,0.0,41,211,13,3,7,14,0.0,75,112,0,4,0,91,5,0.0,5.0,0.0,17,19.0,0.0,3.0,0.0,23,2,0,0,0,0,644,3
48,4,2022,2022-04-01,24,3,Seropédica,3305554,Baixada Fluminense,4,0,0,4,0,,4,1,,41,2,2,7,6,2,0,8,4,5,0,0,0,0.0,0,1,0.0,3,21,5,0,0,4,2.0,17,28,0,0,0,21,10,5.0,5.0,0.0,6,32.0,1.0,3.0,0.0,18,3,0,0,0,0,206,3
50,4,2022,2022-04-01,24,3,Itaguaí,3302007,Baixada Fluminense,2,0,0,2,3,,5,0,,31,0,1,7,11,6,1,18,14,0,3,0,0,0.0,0,1,0.0,2,38,14,3,0,5,0.0,35,57,0,1,0,38,8,3.0,5.0,0.0,9,20.0,3.0,14.0,0.0,30,3,2,0,0,0,365,3
51,4,2022,2022-04-01,24,3,Paracambi,3303609,Baixada Fluminense,1,0,0,1,0,,1,1,,21,2,1,3,1,0,0,1,0,0,0,0,0,0.0,0,0,0.0,0,1,1,0,1,4,2.0,4,12,0,2,0,20,4,4.0,0.0,0.0,0,4.0,0.0,5.0,0.0,19,3,0,0,0,0,112,3
52,4,2022,2022-04-01,20,3,Nova Iguaçu,3303500,Baixada Fluminense,0,0,0,0,1,,1,3,,56,6,1,15,34,51,5,90,40,2,4,0,0,0.0,0,3,0.0,8,147,40,24,7,31,4.0,78,184,0,0,0,133,3,1.0,2.0,0.0,12,31.0,1.0,14.0,0.0,40,5,0,0,0,0,833,3
53,4,2022,2022-04-01,20,3,Mesquita,3302858,Baixada Fluminense,2,0,0,2,1,,3,2,,42,3,1,8,32,26,12,70,13,3,1,0,0,0.0,0,0,0.0,7,94,22,5,3,7,1.0,42,80,0,0,0,64,13,0.0,12.0,1.0,4,25.0,4.0,11.0,0.0,32,8,0,0,0,0,431,3
54,4,2022,2022-04-01,39,3,Belford Roxo,3300456,Baixada Fluminense,24,0,0,24,2,,26,3,,136,7,1,33,104,22,29,155,125,10,3,1,0,1.0,0,6,0.0,33,334,35,5,2,8,0.0,77,127,0,6,3,160,7,2.0,5.0,0.0,46,51.0,4.0,19.0,0.0,131,13,0,0,0,0,1263,3
55,4,2022,2022-04-01,24,3,Queimados,3304144,Baixada Fluminense,4,0,1,5,4,,9,4,,56,2,1,8,39,22,0,61,9,1,1,0,0,0.0,0,0,0.0,3,75,12,4,1,3,1.0,38,59,0,1,0,53,6,4.0,2.0,0.0,7,17.0,1.0,1.0,0.0,46,8,1,0,0,0,429,3
56,4,2022,2022-04-01,20,3,Nova Iguaçu,3303500,Baixada Fluminense,8,0,0,8,0,,8,2,,123,13,4,14,47,31,5,83,24,6,7,4,0,0.0,0,1,0.0,13,138,30,0,3,4,2.0,52,91,0,2,0,72,7,1.0,5.0,1.0,12,24.0,2.0,7.0,0.0,114,6,0,0,0,0,692,3
57,4,2022,2022-04-01,20,3,Nilópolis,3303203,Baixada Fluminense,2,0,0,2,0,,2,2,,55,4,0,2,42,27,4,73,12,0,1,5,0,0.0,0,2,0.0,9,102,17,10,1,7,2.0,67,104,0,0,0,89,2,0.0,2.0,0.0,7,8.0,0.0,4.0,0.0,46,3,0,0,0,0,512,3
58,4,2022,2022-04-01,20,3,Nova Iguaçu,3303500,Baixada Fluminense,9,0,0,9,2,,11,6,,143,7,4,29,66,25,7,98,57,1,3,1,0,0.0,0,0,0.0,32,192,27,4,1,6,0.0,55,93,0,4,0,106,4,2.0,2.0,0.0,22,23.0,1.0,5.0,1.0,141,10,0,0,0,0,1018,3
59,4,2022,2022-04-01,15,3,Duque de Caxias,3301702,Baixada Fluminense,8,0,0,8,4,,12,32,,102,11,4,33,165,18,39,222,84,20,1,0,0,0.0,0,3,0.0,23,353,51,52,7,29,0.0,214,353,0,2,0,163,4,1.0,3.0,0.0,94,32.0,2.0,21.0,0.0,101,12,2,0,0,0,1498,3
60,4,2022,2022-04-01,15,3,Duque de Caxias,3301702,Baixada Fluminense,10,0,0,10,9,,19,6,,73,10,2,9,47,18,27,92,96,23,4,0,0,0.0,0,0,0.0,14,229,23,9,2,1,1.0,57,93,0,0,0,46,11,1.0,10.0,0.0,25,33.0,3.0,13.0,0.0,41,6,1,0,0,0,739,3
61,4,2022,2022-04-01,15,3,Duque de Caxias,3301702,Baixada Fluminense,4,0,0,4,0,,4,0,,25,2,0,3,10,0,2,12,3,0,1,1,0,0.0,1,0,0.0,0,18,5,1,0,2,2.0,13,23,0,0,0,22,1,1.0,0.0,0.0,2,13.0,0.0,1.0,0.0,13,0,0,0,0,0,134,3
62,4,2022,2022-04-01,15,3,Duque de Caxias,3301702,Baixada Fluminense,3,1,0,4,5,,9,6,,36,10,1,22,51,23,22,96,28,11,7,1,0,0.0,0,0,0.0,8,151,16,4,2,11,1.0,30,64,0,0,0,68,7,1.0,6.0,0.0,16,10.0,2.0,1.0,0.0,45,3,0,0,0,0,485,3
63,4,2022,2022-04-01,24,3,Japeri,3302270,Baixada Fluminense,1,0,0,1,5,,6,0,,27,2,0,5,9,8,3,20,4,2,2,0,0,0.0,0,0,0.0,6,34,2,0,1,2,0.0,11,16,0,2,0,23,21,16.0,4.0,1.0,9,12.0,1.0,5.0,0.0,24,3,1,0,0,0,223,3
64,4,2022,2022-04-01,21,3,São João de Meriti,3305109,Baixada Fluminense,6,0,0,6,1,,7,4,,124,15,1,35,150,24,36,210,91,23,10,3,0,0.0,0,2,1.0,32,372,57,17,8,12,1.0,116,211,0,3,0,138,13,2.0,11.0,1.0,45,38.0,3.0,17.0,0.0,110,13,0,0,0,0,1305,3
65,4,2022,2022-04-01,34,3,Magé,3302502,Baixada Fluminense,0,0,0,0,1,,1,1,,16,1,0,19,8,4,0,12,1,1,1,0,0,0.0,0,0,0.0,2,17,17,4,0,9,2.0,16,48,0,1,0,30,13,1.0,11.0,1.0,3,10.0,2.0,3.0,0.0,20,3,0,0,0,0,213,3
66,4,2022,2022-04-01,34,3,Magé,3302502,Baixada Fluminense,3,0,0,3,0,,3,1,,64,5,0,23,15,4,1,20,7,0,3,1,0,0.0,0,0,0.0,6,37,20,3,1,10,2.0,38,74,0,0,0,61,4,4.0,0.0,0.0,5,13.0,0.0,4.0,0.0,58,4,0,0,0,0,402,3
67,4,2022,2022-04-01,34,3,Guapimirim,3301850,Baixada Fluminense,0,0,0,0,0,,0,1,,23,3,1,2,4,1,0,5,3,0,1,0,0,0.0,0,0,0.0,1,10,1,0,0,1,0.0,17,19,0,1,0,21,2,0.0,2.0,0.0,12,11.0,0.0,5.0,0.0,24,0,0,0,0,0,187,3
1,5,2022,2022-05-01,5,1,Rio de Janeiro,3304557,Capital,0,0,0,0,0,,0,0,,11,0,0,3,65,9,3,77,1,0,2,0,0,0.0,0,4,0.0,4,88,7,89,14,49,4.0,78,241,0,0,0,121,1,0.0,1.0,0.0,0,8.0,2.0,6.0,0.0,7,3,0,0,0,0,696,3
4,5,2022,2022-05-01,5,1,Rio de Janeiro,3304557,Capital,0,0,0,0,0,,0,0,,18,0,1,6,65,26,25,116,6,0,1,0,0,0.0,0,0,0.0,20,143,3,54,13,71,1.0,105,247,0,0,0,54,10,2.0,7.0,1.0,2,13.0,0.0,9.0,0.0,10,2,0,0,0,0,600,3
5,5,2022,2022-05-01,5,1,Rio de Janeiro,3304557,Capital,0,0,0,0,0,,0,0,,44,2,0,7,106,35,14,155,6,1,5,1,0,0.0,0,2,4.0,31,205,11,59,4,78,6.0,222,380,0,0,0,201,9,3.0,4.0,2.0,3,43.0,3.0,22.0,2.0,32,2,1,0,0,0,1135,3
6,5,2022,2022-05-01,4,1,Rio de Janeiro,3304557,Capital,2,0,0,2,1,,3,7,,23,7,1,23,56,19,30,105,27,1,3,0,0,0.0,0,0,0.0,23,159,12,51,26,66,3.0,100,258,0,0,1,65,3,0.0,3.0,0.0,19,13.0,5.0,6.0,1.0,25,3,0,0,0,0,704,3
7,5,2022,2022-05-01,5,1,Rio de Janeiro,3304557,Capital,0,0,0,0,0,,0,0,,8,2,0,0,22,3,3,28,4,0,0,1,0,0.0,0,0,0.0,10,43,8,6,3,2,0.0,32,51,0,0,0,40,3,0.0,3.0,0.0,1,5.0,1.0,3.0,0.0,5,1,0,0,0,0,193,3
9,5,2022,2022-05-01,2,1,Rio de Janeiro,3304557,Capital,0,0,0,0,0,,0,0,,33,3,0,14,57,25,6,88,21,0,3,1,0,0.0,1,0,2.0,10,126,15,44,18,79,17.0,103,276,0,0,0,240,20,16.0,4.0,0.0,5,18.0,2.0,5.0,0.0,31,2,2,0,0,0,956,3
10,5,2022,2022-05-01,2,1,Rio de Janeiro,3304557,Capital,0,0,0,0,0,,0,0,,14,19,1,18,32,12,6,50,9,0,1,0,0,0.0,0,0,1.0,10,71,19,22,25,92,25.0,172,355,0,5,0,186,5,4.0,1.0,0.0,1,28.0,7.0,10.0,2.0,29,3,1,0,0,0,908,3
11,5,2022,2022-05-01,23,1,Rio de Janeiro,3304557,Capital,0,0,0,0,0,,0,3,,10,1,0,2,1,0,0,1,0,0,0,0,0,0.0,0,0,0.0,0,1,0,1,0,2,0.0,4,7,0,0,0,10,1,0.0,1.0,0.0,0,10.0,1.0,1.0,1.0,8,1,0,0,0,0,80,3
12,5,2022,2022-05-01,19,1,Rio de Janeiro,3304557,Capital,0,0,0,0,0,,0,2,,26,3,0,5,44,17,2,63,1,0,5,0,0,0.0,0,0,0.0,11,80,10,51,16,94,9.0,180,360,0,3,0,183,17,8.0,9.0,0.0,1,45.0,7.0,9.0,5.0,29,2,1,0,0,0,958,3
13,5,2022,2022-05-01,19,1,Rio de Janeiro,3304557,Capital,0,0,0,0,0,,0,0,,23,0,0,6,11,7,2,20,0,0,1,0,0,0.0,0,1,0.0,4,26,6,31,3,40,6.0,98,184,0,1,0,106,7,2.0,5.0,0.0,0,32.0,2.0,4.0,0.0,12,2,0,0,0,0,500,3
14,5,2022,2022-05-01,23,1,Rio de Janeiro,3304557,Capital,0,0,0,0,0,,0,0,,10,0,0,8,44,14,0,58,2,0,0,0,0,0.0,0,0,0.0,5,65,8,26,8,54,20.0,135,251,0,3,0,116,9,6.0,2.0,1.0,2,44.0,7.0,5.0,0.0,10,3,0,0,0,0,620,3
15,5,2022,2022-05-01,23,1,Rio de Janeiro,3304557,Capital,0,0,0,0,0,,0,0,,16,4,1,9,19,4,0,23,0,0,1,1,0,0.0,0,0,0.0,2,27,8,7,20,53,3.0,69,160,0,0,0,122,1,0.0,1.0,0.0,1,6.0,2.0,1.0,0.0,19,0,0,0,0,0,496,3
16,5,2022,2022-05-01,31,2,Rio de Janeiro,3304557,Capital,0,0,0,0,0,,0,6,,65,4,1,45,51,25,20,96,7,0,1,0,0,0.0,1,0,0.0,18,123,25,39,70,164,7.0,261,566,0,6,2,448,14,10.0,4.0,0.0,4,74.0,19.0,10.0,0.0,88,4,0,0,0,0,1759,3
17,5,2022,2022-05-01,4,1,Rio de Janeiro,3304557,Capital,0,0,0,0,2,,2,2,,26,2,0,27,52,21,33,106,35,1,2,0,0,0.0,0,0,0.0,14,158,7,13,15,58,0.0,185,278,0,1,0,60,6,0.0,5.0,1.0,7,23.0,2.0,6.0,4.0,23,5,0,0,0,0,744,3
18,5,2022,2022-05-01,6,1,Rio de Janeiro,3304557,Capital,1,0,0,1,0,,1,0,,11,1,0,14,80,39,21,140,16,0,2,0,0,0.0,0,0,0.0,16,174,9,33,24,123,7.0,137,333,0,4,0,92,5,5.0,0.0,0.0,1,22.0,8.0,5.0,0.0,9,3,0,0,0,0,829,3
19,5,2022,2022-05-01,6,1,Rio de Janeiro,3304557,Capital,1,0,0,1,2,,3,3,,14,3,0,11,33,25,3,61,25,1,2,0,0,0.0,0,0,0.0,14,103,11,34,14,42,2.0,111,214,0,2,0,244,5,2.0,2.0,1.0,1,31.0,0.0,21.0,1.0,23,0,0,0,0,0,830,3
20,5,2022,2022-05-01,6,1,Rio de Janeiro,3304557,Capital,3,0,0,3,0,,3,3,,27,1,1,6,47,16,6,69,19,1,3,1,0,0.0,0,1,1.0,12,107,10,17,20,22,3.0,133,205,0,4,0,153,12,9.0,3.0,0.0,1,30.0,5.0,6.0,0.0,23,2,0,0,0,0,750,3
21,5,2022,2022-05-01,22,1,Rio de Janeiro,3304557,Capital,1,0,0,1,1,,2,4,,33,9,8,40,79,36,32,147,80,20,3,0,0,0.0,0,1,0.0,31,282,20,22,36,38,0.0,182,298,0,6,0,225,11,4.0,6.0,1.0,50,29.0,1.0,43.0,1.0,50,6,1,0,0,0,1325,3
22,5,2022,2022-05-01,16,1,Rio de Janeiro,3304557,Capital,7,0,0,7,22,,29,13,,33,3,2,24,44,14,9,67,35,11,2,0,0,0.0,0,0,0.0,7,122,14,14,18,18,1.0,110,175,0,3,0,142,7,3.0,4.0,0.0,38,30.0,1.0,15.0,1.0,36,3,0,0,0,0,788,3
23,5,2022,2022-05-01,3,1,Rio de Janeiro,3304557,Capital,1,0,0,1,1,,2,0,,12,1,0,15,45,18,1,64,26,1,2,0,0,0.0,0,0,1.0,17,111,10,9,23,25,2.0,59,128,0,0,0,148,1,1.0,0.0,0.0,3,10.0,0.0,5.0,0.0,25,1,0,0,0,0,561,3
24,5,2022,2022-05-01,3,1,Rio de Janeiro,3304557,Capital,0,0,0,0,0,,0,0,,31,3,0,14,62,22,1,85,36,3,3,1,0,1.0,0,0,1.0,8,138,12,14,18,32,0.0,66,142,0,1,0,91,1,1.0,0.0,0.0,7,16.0,0.0,3.0,0.0,17,5,0,0,0,0,568,3
25,5,2022,2022-05-01,3,1,Rio de Janeiro,3304557,Capital,3,0,0,3,0,,3,3,,21,4,2,23,40,22,15,77,40,10,3,1,0,0.0,0,2,0.0,20,153,2,10,34,30,0.0,130,206,0,1,0,108,23,1.0,17.0,5.0,19,32.0,5.0,7.0,0.0,25,2,0,0,0,0,729,3
26,5,2022,2022-05-01,3,1,Rio de Janeiro,3304557,Capital,0,0,1,1,0,,1,1,,22,1,0,15,40,17,1,58,26,12,5,0,0,0.0,0,0,0.0,7,108,7,10,16,34,0.0,104,171,0,3,0,83,4,3.0,1.0,0.0,10,22.0,1.0,5.0,0.0,40,1,0,0,0,0,584,3
27,5,2022,2022-05-01,41,2,Rio de Janeiro,3304557,Capital,4,0,0,4,0,,4,0,,40,4,1,20,81,33,6,120,73,1,1,1,0,0.0,0,1,0.0,27,224,13,6,7,27,3.0,127,183,0,1,1,106,2,0.0,2.0,0.0,33,21.0,3.0,8.0,0.0,41,2,1,0,0,0,821,3
28,5,2022,2022-05-01,18,2,Rio de Janeiro,3304557,Capital,0,0,0,0,0,,0,0,,30,2,1,16,17,18,0,35,20,0,2,1,0,0.0,0,0,0.0,9,67,16,5,16,16,0.0,59,112,0,2,0,89,2,1.0,1.0,0.0,3,15.0,3.0,6.0,0.0,34,8,0,0,0,0,559,3
29,5,2022,2022-05-01,9,2,Rio de Janeiro,3304557,Capital,4,0,0,4,2,,6,1,,49,4,1,31,97,27,14,138,64,6,5,0,0,0.0,1,0,0.0,40,254,31,35,28,31,1.0,177,303,0,3,0,176,5,2.0,3.0,0.0,15,37.0,2.0,10.0,0.0,39,3,0,0,0,0,1091,3
30,5,2022,2022-05-01,9,2,Rio de Janeiro,3304557,Capital,0,0,0,0,4,,4,5,,48,0,1,12,50,21,5,76,35,0,2,0,0,0.0,0,2,0.0,9,124,21,17,5,30,0.0,48,121,0,0,0,110,3,0.0,3.0,0.0,5,8.0,0.0,5.0,0.0,35,3,0,0,0,0,580,3
31,5,2022,2022-05-01,41,2,Rio de Janeiro,3304557,Capital,2,0,0,2,0,,2,1,,29,3,0,9,46,13,11,70,53,7,3,1,0,0.0,0,1,0.0,10,145,10,8,3,2,0.0,33,56,0,1,0,89,5,1.0,4.0,0.0,20,19.0,1.0,2.0,0.0,27,1,0,0,0,0,494,3
32,5,2022,2022-05-01,18,2,Rio de Janeiro,3304557,Capital,3,0,0,3,0,,3,4,,119,18,5,42,79,36,14,129,20,3,4,1,0,0.0,1,1,0.0,17,176,12,14,61,52,7.0,249,395,0,11,0,400,3,1.0,1.0,1.0,17,50.0,2.0,17.0,1.0,128,9,1,0,0,0,1721,3
33,5,2022,2022-05-01,14,2,Rio de Janeiro,3304557,Capital,0,0,0,0,4,,4,9,,59,2,3,26,49,42,7,98,70,10,3,0,0,0.0,0,0,0.0,12,193,35,8,13,17,2.0,73,148,0,3,0,164,8,1.0,6.0,1.0,15,30.0,4.0,28.0,2.0,60,6,1,1,0,0,979,3
34,5,2022,2022-05-01,14,2,Rio de Janeiro,3304557,Capital,3,0,0,3,5,,8,5,,90,9,2,33,61,32,8,101,77,17,2,0,0,0.0,0,0,0.0,18,215,24,19,9,12,2.0,105,171,0,2,1,197,27,2.0,18.0,7.0,38,45.0,0.0,15.0,2.0,81,11,0,0,0,0,1208,3
35,5,2022,2022-05-01,40,2,Rio de Janeiro,3304557,Capital,0,0,0,0,1,,1,5,,177,9,4,57,48,22,6,76,70,11,1,1,0,1.0,0,0,0.0,25,185,62,32,15,76,5.0,250,440,0,7,2,314,2,2.0,0.0,0.0,26,61.0,1.0,30.0,1.0,221,11,0,0,0,0,2054,3
36,5,2022,2022-05-01,27,2,Rio de Janeiro,3304557,Capital,0,0,0,0,1,,1,0,,123,11,4,24,39,10,9,58,24,7,2,3,0,0.0,0,1,0.0,18,113,25,8,7,9,2.0,102,153,0,2,0,189,5,4.0,1.0,0.0,17,34.0,0.0,25.0,0.0,105,5,1,0,0,0,1017,3
37,5,2022,2022-05-01,17,1,Rio de Janeiro,3304557,Capital,0,0,0,0,2,,2,7,,38,4,1,20,28,2,4,34,22,1,3,0,0,0.0,0,2,0.0,4,66,14,14,3,24,0.0,138,193,0,2,0,200,3,2.0,1.0,0.0,28,34.0,9.0,5.0,0.0,55,3,1,0,0,0,937,3
38,5,2022,2022-05-01,16,1,Rio de Janeiro,3304557,Capital,3,0,0,3,2,,5,11,,55,4,0,31,41,16,4,61,65,17,3,0,0,0.0,0,1,0.0,9,156,9,7,4,9,1.0,45,75,0,0,0,156,11,2.0,8.0,1.0,33,21.0,4.0,11.0,2.0,59,7,1,0,0,0,713,3
39,5,2022,2022-05-01,41,2,Rio de Janeiro,3304557,Capital,2,1,1,4,2,,6,2,,33,6,0,13,113,7,20,140,59,5,1,2,0,1.0,0,0,0.0,12,220,9,28,4,6,0.0,68,115,0,2,0,98,7,1.0,7.0,0.0,43,23.0,1.0,8.0,0.0,13,8,2,0,0,0,639,3
40,5,2022,2022-05-01,9,2,Rio de Janeiro,3304557,Capital,2,0,0,2,2,,4,1,,42,1,0,29,62,15,7,84,60,7,0,0,0,0.0,0,0,1.0,27,179,8,8,6,10,1.0,41,74,0,2,3,87,3,0.0,3.0,0.0,24,7.0,0.0,8.0,0.0,20,5,0,0,0,0,542,3
41,5,2022,2022-05-01,18,2,Rio de Janeiro,3304557,Capital,1,0,0,1,0,,1,0,,28,1,1,9,20,7,3,30,15,0,3,0,0,0.0,0,0,0.0,11,59,5,4,26,24,1.0,61,121,0,4,0,111,1,1.0,0.0,0.0,5,14.0,0.0,3.0,0.0,36,3,0,0,0,0,492,3
42,5,2022,2022-05-01,31,2,Rio de Janeiro,3304557,Capital,2,0,0,2,0,,2,0,,62,3,1,18,21,10,4,35,9,0,0,2,0,0.0,0,1,2.0,9,58,26,7,8,28,12.0,89,170,0,2,0,189,46,44.0,3.0,0.0,5,25.0,8.0,8.0,0.0,74,3,0,0,0,0,865,3
43,5,2022,2022-05-01,27,2,Rio de Janeiro,3304557,Capital,3,0,0,3,0,,3,0,,53,13,3,36,17,9,5,31,4,4,4,1,0,0.0,0,0,0.0,4,48,10,2,3,17,1.0,25,58,0,0,2,56,0,0.0,0.0,0.0,4,17.0,0.0,2.0,0.0,68,11,2,0,0,0,439,3
44,5,2022,2022-05-01,3,1,Rio de Janeiro,3304557,Capital,1,0,0,1,0,,1,2,,30,0,4,25,40,38,5,83,48,4,1,0,0,0.0,0,1,0.0,25,162,16,5,7,24,2.0,101,155,0,2,0,73,4,0.0,2.0,2.0,20,20.0,0.0,3.0,0.0,22,4,0,0,0,0,644,3
48,5,2022,2022-05-01,24,3,Seropédica,3305554,Baixada Fluminense,1,0,0,1,0,,1,0,,42,5,1,10,8,4,0,12,3,0,1,1,0,0.0,0,0,0.0,2,19,3,0,1,2,1.0,17,24,0,0,0,26,1,1.0,0.0,0.0,4,8.0,1.0,4.0,0.0,30,2,0,0,0,0,199,3
50,5,2022,2022-05-01,24,3,Itaguaí,3302007,Baixada Fluminense,6,0,0,6,4,,10,2,,48,3,1,3,11,10,1,22,6,1,2,0,0,0.0,0,1,0.0,6,38,11,7,2,8,1.0,50,79,0,3,0,67,4,1.0,3.0,0.0,9,16.0,0.0,7.0,0.0,41,8,0,0,0,0,428,3
51,5,2022,2022-05-01,24,3,Paracambi,3303609,Baixada Fluminense,0,0,0,0,0,,0,0,,17,1,0,1,1,1,0,2,0,2,0,0,0,0.0,0,0,0.0,0,4,3,0,1,4,1.0,11,20,0,1,0,15,4,3.0,0.0,1.0,0,2.0,0.0,5.0,0.0,20,1,0,0,0,0,98,3
52,5,2022,2022-05-01,20,3,Nova Iguaçu,3303500,Baixada Fluminense,1,0,0,1,0,,1,0,,49,4,0,23,51,42,8,101,29,5,8,0,0,1.0,0,2,0.0,9,155,34,17,5,39,3.0,91,189,0,0,0,175,1,0.0,1.0,0.0,10,43.0,0.0,8.0,0.0,39,3,0,0,0,0,830,3
53,5,2022,2022-05-01,20,3,Mesquita,3302858,Baixada Fluminense,3,0,0,3,1,,4,9,,66,4,3,21,53,20,9,82,23,1,0,1,0,0.0,0,0,0.0,8,115,21,3,1,2,0.0,43,70,0,1,0,63,11,1.0,9.0,1.0,12,22.0,4.0,2.0,0.0,46,6,0,0,0,0,495,3
54,5,2022,2022-05-01,39,3,Belford Roxo,3300456,Baixada Fluminense,8,0,0,8,9,,17,11,,123,16,5,23,105,10,17,132,109,5,2,0,0,0.0,0,2,0.0,32,282,42,7,9,13,3.0,74,148,0,8,1,259,10,1.0,9.0,0.0,40,43.0,2.0,18.0,1.0,108,17,1,0,0,0,1265,3
55,5,2022,2022-05-01,24,3,Queimados,3304144,Baixada Fluminense,2,0,0,2,3,,5,9,,43,10,0,8,32,21,3,56,9,1,4,2,0,0.0,0,0,0.0,4,76,10,6,2,6,0.0,50,74,0,1,0,97,7,3.0,4.0,0.0,3,20.0,0.0,3.0,0.0,54,2,1,0,0,0,506,3
56,5,2022,2022-05-01,20,3,Nova Iguaçu,3303500,Baixada Fluminense,9,0,0,9,1,,10,6,,91,9,1,23,47,26,7,80,27,1,4,3,0,0.0,0,0,0.0,28,143,29,1,2,5,0.0,48,85,0,3,0,89,5,0.0,5.0,0.0,18,32.0,2.0,10.0,2.0,92,4,1,0,0,0,679,3
57,5,2022,2022-05-01,20,3,Nilópolis,3303203,Baixada Fluminense,1,0,0,1,0,,1,2,,49,5,1,10,55,21,0,76,20,0,3,3,0,0.0,0,0,0.0,10,112,14,12,2,12,4.0,86,130,0,0,0,110,9,1.0,8.0,0.0,9,31.0,0.0,5.0,0.0,39,2,0,0,1,0,616,3
58,5,2022,2022-05-01,20,3,Nova Iguaçu,3303500,Baixada Fluminense,12,0,0,12,3,,15,4,,168,15,8,30,153,26,9,188,52,2,8,1,0,0.0,0,0,0.0,26,277,28,11,2,13,3.0,68,125,0,0,0,181,2,0.0,2.0,0.0,18,24.0,0.0,16.0,0.0,115,13,1,0,0,0,1160,3
59,5,2022,2022-05-01,15,3,Duque de Caxias,3301702,Baixada Fluminense,6,0,0,6,2,,8,15,,93,9,1,30,174,19,61,254,116,23,6,1,0,0.0,0,1,0.0,35,436,66,54,8,16,0.0,228,372,0,0,0,207,8,0.0,8.0,0.0,124,31.0,4.0,13.0,2.0,77,12,4,0,0,0,1659,3
60,5,2022,2022-05-01,15,3,Duque de Caxias,3301702,Baixada Fluminense,6,0,0,6,5,,11,10,,68,10,3,22,67,23,19,109,67,23,2,1,0,0.0,0,1,0.0,16,219,18,5,2,1,2.0,48,76,0,2,0,107,10,2.0,8.0,0.0,47,31.0,0.0,18.0,0.0,49,8,0,0,0,0,782,3
61,5,2022,2022-05-01,15,3,Duque de Caxias,3301702,Baixada Fluminense,1,0,0,1,0,,1,3,,18,8,0,2,4,1,0,5,3,1,0,0,0,0.0,0,0,0.0,3,12,2,3,1,4,0.0,12,22,0,0,0,20,0,0.0,0.0,0.0,1,6.0,0.0,3.0,0.0,16,2,0,0,0,0,126,3
62,5,2022,2022-05-01,15,3,Duque de Caxias,3301702,Baixada Fluminense,2,0,0,2,11,,13,9,,48,7,2,22,30,15,17,62,36,6,2,2,0,0.0,0,0,0.0,9,117,13,4,2,3,1.0,23,46,0,1,0,73,5,0.0,4.0,1.0,15,11.0,2.0,6.0,0.0,43,6,0,0,0,0,466,3
63,5,2022,2022-05-01,24,3,Japeri,3302270,Baixada Fluminense,2,0,0,2,3,,5,1,,22,2,1,12,4,8,1,13,5,1,2,0,0,0.0,0,1,0.0,3,25,5,2,0,5,0.0,65,77,0,1,0,9,11,5.0,6.0,0.0,7,19.0,1.0,4.0,0.0,14,5,0,0,0,0,246,3
64,5,2022,2022-05-01,21,3,São João de Meriti,3305109,Baixada Fluminense,3,0,0,3,5,,8,5,,80,17,4,44,97,20,31,148,88,25,5,2,0,0.0,0,4,1.0,41,314,51,16,7,14,1.0,99,188,0,3,0,100,8,0.0,8.0,0.0,46,47.0,3.0,8.0,1.0,101,17,0,0,0,0,1118,3
65,5,2022,2022-05-01,34,3,Magé,3302502,Baixada Fluminense,5,0,0,5,4,,9,2,,33,3,0,6,16,4,2,22,3,0,2,0,0,0.0,0,0,1.0,1,29,7,2,1,6,1.0,15,32,0,0,0,46,8,0.0,8.0,0.0,4,16.0,1.0,6.0,0.0,36,3,0,0,0,0,264,3
66,5,2022,2022-05-01,34,3,Magé,3302502,Baixada Fluminense,4,0,0,4,0,,4,3,,59,4,0,39,14,7,5,26,6,0,1,2,0,0.0,0,0,0.0,5,40,19,2,2,6,2.0,37,68,0,0,0,49,1,0.0,1.0,0.0,6,11.0,1.0,11.0,1.0,71,9,0,0,0,0,442,3
67,5,2022,2022-05-01,34,3,Guapimirim,3301850,Baixada Fluminense,1,0,0,1,0,,1,6,,12,4,1,5,2,1,0,3,2,1,1,1,0,0.0,0,0,0.0,4,12,7,0,1,1,1.0,24,34,0,0,0,11,4,1.0,2.0,1.0,2,8.0,2.0,8.0,0.0,13,0,0,0,0,0,178,3
1,6,2022,2022-06-01,5,1,Rio de Janeiro,3304557,Capital,1,0,0,1,0,,1,0,,4,1,0,2,50,8,4,62,3,0,3,0,0,0.0,0,3,0.0,3,74,5,73,22,42,1.0,62,205,0,1,0,96,1,1.0,0.0,0.0,0,9.0,3.0,11.0,0.0,10,1,0,0,0,0,660,3
4,6,2022,2022-06-01,5,1,Rio de Janeiro,3304557,Capital,0,0,0,0,1,,1,0,,13,1,0,13,52,34,20,106,4,0,1,1,0,0.0,0,0,0.0,21,133,4,45,15,59,0.0,97,220,0,1,0,53,11,2.0,8.0,1.0,3,24.0,3.0,11.0,0.0,10,1,0,0,0,0,586,3
5,6,2022,2022-06-01,5,1,Rio de Janeiro,3304557,Capital,1,0,0,1,0,,1,1,,38,2,0,9,119,32,1,152,3,0,8,0,0,0.0,0,2,1.0,13,179,10,73,12,85,12.0,191,383,0,1,0,202,15,5.0,7.0,3.0,4,42.0,6.0,24.0,0.0,21,3,0,0,0,0,1087,3
6,6,2022,2022-06-01,4,1,Rio de Janeiro,3304557,Capital,2,0,0,2,0,,2,1,,20,6,0,19,34,7,24,65,14,0,4,1,0,0.0,0,0,1.0,17,102,7,22,17,25,2.0,111,184,0,2,0,40,2,0.0,2.0,0.0,15,18.0,0.0,10.0,2.0,21,0,0,0,0,0,524,3
7,6,2022,2022-06-01,5,1,Rio de Janeiro,3304557,Capital,0,0,0,0,0,,0,2,,7,1,0,3,8,5,2,15,1,0,0,5,0,0.0,0,0,0.0,27,48,3,2,2,4,0.0,24,35,0,0,0,32,0,0.0,0.0,0.0,1,3.0,0.0,0.0,0.0,3,1,0,0,0,0,165,3
9,6,2022,2022-06-01,2,1,Rio de Janeiro,3304557,Capital,0,0,2,2,0,,2,1,,18,0,0,7,62,25,12,99,14,1,1,0,0,0.0,0,1,1.0,9,126,10,42,6,67,13.0,91,229,0,1,0,206,17,16.0,1.0,0.0,6,13.0,3.0,5.0,3.0,23,3,0,0,0,0,884,3
10,6,2022,2022-06-01,2,1,Rio de Janeiro,3304557,Capital,2,0,0,2,0,,2,0,,23,0,1,10,38,18,6,62,9,0,5,0,0,0.0,0,0,2.0,14,92,11,19,21,69,19.0,140,279,0,2,0,170,4,3.0,0.0,1.0,2,19.0,2.0,4.0,0.0,28,3,2,0,0,0,818,3
11,6,2022,2022-06-01,23,1,Rio de Janeiro,3304557,Capital,0,0,0,0,0,,0,0,,5,2,0,0,1,0,0,1,0,0,0,0,0,0.0,0,0,0.0,0,1,1,0,2,2,0.0,8,13,0,0,0,11,2,0.0,2.0,0.0,0,4.0,0.0,2.0,0.0,3,2,0,0,0,0,66,3
12,6,2022,2022-06-01,19,1,Rio de Janeiro,3304557,Capital,0,0,0,0,0,,0,5,,22,1,0,9,26,18,3,47,0,0,5,0,0,0.0,0,0,0.0,6,58,7,76,12,80,15.0,137,327,0,3,1,184,10,7.0,3.0,0.0,2,31.0,19.0,7.0,2.0,31,2,0,0,0,0,898,3
13,6,2022,2022-06-01,19,1,Rio de Janeiro,3304557,Capital,0,0,0,0,0,,0,0,,18,2,0,5,12,5,3,20,2,0,2,0,0,0.0,0,0,0.0,2,26,2,17,11,20,4.0,60,114,0,2,0,83,4,2.0,2.0,0.0,3,35.0,1.0,2.0,1.0,18,1,0,0,0,0,368,3
14,6,2022,2022-06-01,23,1,Rio de Janeiro,3304557,Capital,0,0,0,0,0,,0,1,,15,0,1,7,36,12,1,49,1,0,1,0,0,0.0,0,0,0.0,6,57,7,25,5,50,25.0,92,204,0,0,0,150,3,3.0,0.0,0.0,1,24.0,10.0,4.0,1.0,22,4,0,0,0,0,588,3
15,6,2022,2022-06-01,23,1,Rio de Janeiro,3304557,Capital,0,0,0,0,0,,0,0,,8,3,2,6,7,10,2,19,0,0,0,0,0,0.0,0,0,1.0,5,25,9,13,16,44,1.0,58,141,0,1,0,119,2,1.0,1.0,0.0,4,6.0,0.0,7.0,0.0,13,4,0,0,0,0,473,3
16,6,2022,2022-06-01,31,2,Rio de Janeiro,3304557,Capital,1,0,1,2,0,,2,1,,55,2,1,52,44,29,12,85,9,0,3,2,0,0.0,0,1,0.0,9,109,17,28,50,164,9.0,225,493,0,7,0,422,12,10.0,2.0,0.0,8,47.0,17.0,14.0,8.0,72,4,0,0,0,0,1543,3
17,6,2022,2022-06-01,4,1,Rio de Janeiro,3304557,Capital,0,0,0,0,0,,0,5,,42,4,2,30,39,34,58,131,18,1,3,1,0,0.0,0,0,0.0,31,185,15,12,15,99,0.0,162,303,0,0,0,56,8,2.0,5.0,1.0,8,16.0,7.0,5.0,0.0,28,6,0,0,0,0,795,3
18,6,2022,2022-06-01,6,1,Rio de Janeiro,3304557,Capital,0,0,0,0,0,,0,0,,20,2,0,13,50,47,17,114,19,0,10,0,0,0.0,0,0,0.0,21,164,11,23,16,116,1.0,142,309,0,2,0,112,10,8.0,2.0,0.0,2,25.0,3.0,5.0,0.0,9,5,0,0,0,0,808,3
19,6,2022,2022-06-01,6,1,Rio de Janeiro,3304557,Capital,0,0,0,0,2,,2,2,,25,1,0,7,36,22,3,61,26,1,0,1,0,0.0,0,0,0.0,14,103,7,26,19,42,3.0,119,216,0,3,0,223,10,3.0,6.0,1.0,5,21.0,0.0,11.0,0.0,26,1,0,0,0,0,810,3
20,6,2022,2022-06-01,6,1,Rio de Janeiro,3304557,Capital,1,0,0,1,1,,2,5,,32,2,0,11,60,57,3,120,27,0,7,1,0,0.0,0,0,0.0,15,170,10,18,16,87,5.0,110,246,0,3,0,183,8,6.0,2.0,0.0,5,21.0,1.0,7.0,0.0,21,5,0,0,0,0,867,3
21,6,2022,2022-06-01,22,1,Rio de Janeiro,3304557,Capital,3,0,0,3,0,,3,5,,51,3,1,51,71,36,53,160,60,17,8,0,0,0.0,0,4,0.0,16,265,31,21,42,47,0.0,153,294,0,3,0,220,20,6.0,12.0,4.0,48,56.0,6.0,36.0,2.0,54,11,0,0,0,0,1292,3
22,6,2022,2022-06-01,16,1,Rio de Janeiro,3304557,Capital,1,0,0,1,2,,3,4,,35,2,2,23,53,32,11,96,28,7,2,1,1,0.0,0,0,0.0,14,149,13,9,21,18,0.0,101,162,0,1,0,155,9,2.0,6.0,1.0,35,54.0,1.0,8.0,0.0,34,10,0,0,0,0,786,3
23,6,2022,2022-06-01,3,1,Rio de Janeiro,3304557,Capital,2,0,0,2,0,,2,3,,11,3,1,13,28,27,1,56,33,1,3,0,1,0.0,0,0,0.0,25,119,13,8,11,14,1.0,93,140,0,0,0,120,2,0.0,2.0,0.0,9,21.0,3.0,2.0,0.0,16,1,0,0,0,0,570,3
24,6,2022,2022-06-01,3,1,Rio de Janeiro,3304557,Capital,1,0,0,1,3,,4,2,,16,0,1,19,64,18,4,86,36,2,2,1,0,0.0,0,1,2.0,8,138,19,16,13,39,1.0,57,145,0,0,0,83,2,1.0,0.0,1.0,12,13.0,0.0,1.0,0.0,19,3,0,0,0,0,570,3
25,6,2022,2022-06-01,3,1,Rio de Janeiro,3304557,Capital,0,0,0,0,0,,0,4,,31,4,0,20,38,13,36,87,48,7,1,1,0,0.0,0,0,0.0,31,175,6,21,31,30,1.0,121,210,0,1,0,79,20,1.0,9.0,10.0,31,22.0,2.0,7.0,2.0,24,1,1,0,0,0,717,3
26,6,2022,2022-06-01,3,1,Rio de Janeiro,3304557,Capital,0,0,0,0,2,,2,10,,20,1,1,15,34,13,10,57,22,8,3,0,0,1.0,0,2,1.0,13,107,7,12,22,33,0.0,92,166,0,1,2,101,5,4.0,1.0,0.0,15,9.0,4.0,5.0,1.0,21,1,0,0,0,0,635,3
27,6,2022,2022-06-01,41,2,Rio de Janeiro,3304557,Capital,5,0,0,5,1,,6,1,,33,2,1,9,74,37,8,119,75,11,2,2,0,1.0,0,0,0.0,35,245,22,6,4,18,0.0,135,185,0,5,0,134,5,3.0,2.0,0.0,53,28.0,0.0,6.0,1.0,46,3,0,0,0,0,872,3
28,6,2022,2022-06-01,18,2,Rio de Janeiro,3304557,Capital,0,0,0,0,0,,0,2,,30,1,0,10,19,12,1,32,29,1,2,0,0,0.0,0,0,0.0,6,70,12,6,16,13,0.0,65,112,0,4,0,82,1,0.0,1.0,0.0,4,8.0,0.0,7.0,0.0,34,4,0,0,0,0,518,3
29,6,2022,2022-06-01,9,2,Rio de Janeiro,3304557,Capital,2,0,0,2,1,,3,5,,45,1,0,23,109,57,17,183,96,17,0,1,0,0.0,0,0,0.0,40,337,34,32,21,47,1.0,132,267,0,0,0,147,5,3.0,2.0,0.0,24,21.0,0.0,8.0,0.0,33,5,0,0,0,0,1078,3
30,6,2022,2022-06-01,9,2,Rio de Janeiro,3304557,Capital,2,0,1,3,0,,3,0,,29,0,0,23,32,24,3,59,45,0,3,0,0,0.0,0,1,0.0,11,119,24,6,11,15,0.0,40,96,0,2,0,82,2,1.0,1.0,0.0,7,11.0,0.0,5.0,0.0,47,4,0,0,0,0,515,3
31,6,2022,2022-06-01,41,2,Rio de Janeiro,3304557,Capital,3,0,0,3,1,,4,2,,20,3,1,12,56,14,26,96,41,4,1,0,0,0.0,0,0,0.0,13,155,21,8,8,7,1.0,35,80,0,3,0,96,2,0.0,2.0,0.0,36,6.0,0.0,5.0,0.0,28,3,0,0,0,0,549,3
32,6,2022,2022-06-01,18,2,Rio de Janeiro,3304557,Capital,6,0,0,6,3,,9,1,,93,8,1,33,82,32,26,140,16,2,6,3,0,1.0,0,0,0.0,16,184,24,20,52,60,1.0,289,446,0,5,1,346,5,0.0,4.0,1.0,14,62.0,4.0,31.0,0.0,105,8,0,0,0,0,1624,3
33,6,2022,2022-06-01,14,2,Rio de Janeiro,3304557,Capital,4,0,1,5,0,,5,5,,54,6,5,27,50,30,12,92,43,6,7,0,0,0.0,0,1,1.0,9,159,20,5,24,11,2.0,63,125,0,1,0,156,1,1.0,0.0,0.0,18,18.0,1.0,14.0,2.0,57,6,0,0,0,0,812,3
34,6,2022,2022-06-01,14,2,Rio de Janeiro,3304557,Capital,8,0,0,8,0,,8,2,,74,12,3,31,69,20,14,103,56,12,6,0,0,1.0,0,3,0.0,19,200,18,12,4,18,1.0,76,129,0,3,1,156,17,0.0,15.0,2.0,14,55.0,4.0,19.0,0.0,71,12,0,1,0,0,1016,3
35,6,2022,2022-06-01,40,2,Rio de Janeiro,3304557,Capital,3,0,0,3,1,,4,7,,147,13,7,57,62,14,4,80,40,17,6,3,0,0.0,0,2,0.0,18,166,74,24,26,52,2.0,214,392,0,9,1,284,4,1.0,3.0,0.0,17,78.0,4.0,26.0,0.0,191,18,0,1,0,0,1855,3
36,6,2022,2022-06-01,27,2,Rio de Janeiro,3304557,Capital,2,0,0,2,0,,2,1,,99,8,3,22,22,9,1,32,16,4,0,1,0,0.0,1,0,0.0,14,68,12,9,11,12,2.0,86,132,0,3,0,173,0,0.0,0.0,0.0,17,38.0,1.0,13.0,0.0,83,9,1,0,0,0,863,3
37,6,2022,2022-06-01,17,1,Rio de Janeiro,3304557,Capital,2,0,0,2,1,,3,3,,47,4,0,16,21,7,2,30,10,0,1,0,0,0.0,0,0,0.0,6,47,20,9,6,21,0.0,110,166,0,3,1,200,10,5.0,5.0,0.0,22,27.0,2.0,9.0,0.0,64,5,1,0,0,0,890,3
38,6,2022,2022-06-01,16,1,Rio de Janeiro,3304557,Capital,3,0,0,3,3,,6,8,,35,2,0,24,37,32,6,75,44,15,5,0,0,0.0,0,0,0.0,11,150,13,4,9,10,0.0,59,95,0,0,0,116,8,0.0,5.0,3.0,26,26.0,0.0,10.0,1.0,50,3,0,0,0,0,647,3
39,6,2022,2022-06-01,41,2,Rio de Janeiro,3304557,Capital,2,0,0,2,0,,2,2,,24,1,1,8,68,11,24,103,43,9,1,1,0,0.0,0,1,1.0,19,178,16,22,1,9,2.0,40,90,0,0,0,69,2,0.0,2.0,0.0,69,11.0,0.0,2.0,2.0,26,10,0,0,0,0,555,3
40,6,2022,2022-06-01,9,2,Rio de Janeiro,3304557,Capital,3,0,0,3,0,,3,0,,32,1,1,12,76,23,14,113,60,1,2,0,0,0.0,0,0,0.0,21,197,12,1,4,6,0.0,52,75,0,3,0,78,0,0.0,0.0,0.0,10,15.0,0.0,3.0,0.0,24,0,0,0,0,0,508,3
41,6,2022,2022-06-01,18,2,Rio de Janeiro,3304557,Capital,0,0,0,0,0,,0,0,,23,3,0,11,46,11,7,64,12,0,4,0,0,0.0,0,1,0.0,5,86,7,8,31,14,0.0,53,113,0,4,0,105,0,0.0,0.0,0.0,4,14.0,0.0,3.0,0.0,25,4,0,0,0,0,508,3
42,6,2022,2022-06-01,31,2,Rio de Janeiro,3304557,Capital,1,0,0,1,0,,1,2,,44,4,1,24,20,20,2,42,8,0,3,2,0,1.0,0,0,0.0,14,70,20,4,7,29,10.0,70,140,0,5,0,140,39,37.0,1.0,1.0,10,20.0,0.0,8.0,0.0,45,2,1,0,0,0,745,3
43,6,2022,2022-06-01,27,2,Rio de Janeiro,3304557,Capital,0,0,0,0,0,,0,3,,81,9,1,28,9,7,4,20,3,3,4,0,0,0.0,0,1,0.0,3,34,15,6,6,12,0.0,25,64,0,2,0,76,0,0.0,0.0,0.0,2,16.0,0.0,7.0,0.0,67,4,1,0,0,0,477,3
44,6,2022,2022-06-01,3,1,Rio de Janeiro,3304557,Capital,3,0,3,6,1,,7,0,,39,3,1,14,67,34,7,108,60,5,2,0,0,0.0,0,0,0.0,27,202,14,9,7,17,0.0,79,126,0,3,0,82,6,0.0,4.0,2.0,17,17.0,3.0,3.0,0.0,21,2,0,0,0,1,650,3
48,6,2022,2022-06-01,24,3,Seropédica,3305554,Baixada Fluminense,0,0,0,0,0,,0,2,,34,3,0,10,11,1,0,12,2,2,0,0,0,0.0,0,0,0.0,4,20,1,0,1,2,1.0,21,26,0,0,0,38,2,2.0,0.0,0.0,3,9.0,1.0,5.0,0.0,28,6,0,0,0,0,217,3
50,6,2022,2022-06-01,24,3,Itaguaí,3302007,Baixada Fluminense,3,0,0,3,0,,3,1,,38,1,0,13,14,9,2,25,7,0,2,1,0,0.0,0,0,0.0,10,45,11,6,4,2,0.0,38,61,0,5,3,68,4,0.0,3.0,1.0,5,12.0,0.0,12.0,0.0,30,5,1,0,0,0,430,3
51,6,2022,2022-06-01,24,3,Paracambi,3303609,Baixada Fluminense,0,0,0,0,0,,0,1,,11,1,0,8,4,1,0,5,0,0,0,0,0,0.0,0,0,0.0,1,6,0,0,0,3,2.0,3,8,0,1,0,26,3,2.0,1.0,0.0,1,6.0,0.0,9.0,0.0,15,1,0,0,0,0,120,3
52,6,2022,2022-06-01,20,3,Nova Iguaçu,3303500,Baixada Fluminense,3,0,0,3,0,,3,2,,35,4,1,14,54,47,6,107,33,3,2,0,0,0.0,0,0,0.0,4,149,49,27,3,32,2.0,114,227,0,1,0,137,1,1.0,0.0,0.0,9,63.0,0.0,11.0,1.0,42,10,0,0,0,0,837,3
53,6,2022,2022-06-01,20,3,Mesquita,3302858,Baixada Fluminense,2,0,0,2,2,,4,2,,46,7,0,20,45,36,10,91,14,4,5,2,0,0.0,0,0,0.0,9,125,21,6,1,7,0.0,38,73,0,1,0,73,9,0.0,8.0,1.0,8,19.0,2.0,6.0,0.0,45,5,0,0,0,0,486,3
54,6,2022,2022-06-01,39,3,Belford Roxo,3300456,Baixada Fluminense,8,1,0,9,4,,13,10,,102,12,2,24,110,13,19,142,81,6,3,0,0,0.0,0,0,0.0,20,252,52,9,8,7,1.0,83,160,0,8,3,271,11,0.0,11.0,0.0,34,73.0,4.0,22.0,1.0,121,21,0,0,0,0,1279,3
55,6,2022,2022-06-01,24,3,Queimados,3304144,Baixada Fluminense,2,0,0,2,1,,3,3,,62,13,0,9,25,9,0,34,4,0,2,0,0,0.0,0,1,0.0,5,46,15,1,0,10,2.0,40,68,0,3,0,57,5,3.0,2.0,0.0,9,37.0,0.0,1.0,2.0,46,7,0,0,0,0,443,3
56,6,2022,2022-06-01,20,3,Nova Iguaçu,3303500,Baixada Fluminense,11,0,0,11,1,,12,1,,84,11,3,29,75,30,11,116,28,5,1,4,0,0.0,0,0,0.0,18,172,27,3,1,8,0.0,54,93,0,3,0,93,11,0.0,11.0,0.0,15,39.0,6.0,10.0,0.0,75,5,0,0,0,0,751,3
57,6,2022,2022-06-01,20,3,Nilópolis,3303203,Baixada Fluminense,1,0,0,1,0,,1,4,,30,3,0,11,46,37,1,84,30,3,4,1,0,0.0,1,0,1.0,10,134,23,12,1,17,1.0,109,163,0,1,0,76,4,0.0,4.0,0.0,2,13.0,0.0,11.0,0.0,29,5,0,0,0,0,597,3
58,6,2022,2022-06-01,20,3,Nova Iguaçu,3303500,Baixada Fluminense,6,0,0,6,2,,8,2,,117,21,2,19,85,15,1,101,22,0,2,1,0,0.0,0,0,0.0,12,138,38,7,0,5,0.0,63,113,0,0,0,140,1,1.0,0.0,0.0,11,26.0,1.0,11.0,0.0,87,19,0,0,0,0,883,3
59,6,2022,2022-06-01,15,3,Duque de Caxias,3301702,Baixada Fluminense,2,1,0,3,1,,4,14,,97,11,4,39,160,36,66,262,98,28,6,2,0,0.0,2,8,0.0,23,429,50,40,8,21,2.0,191,312,0,2,1,193,7,1.0,6.0,0.0,132,27.0,3.0,16.0,0.0,73,12,0,0,0,0,1560,3
60,6,2022,2022-06-01,15,3,Duque de Caxias,3301702,Baixada Fluminense,8,0,0,8,6,,14,16,,56,9,2,21,38,20,22,80,73,23,1,1,0,0.0,0,0,0.0,19,197,30,1,4,2,2.0,27,66,0,1,0,61,6,0.0,6.0,0.0,27,39.0,5.0,25.0,0.0,47,6,0,0,0,0,676,3
61,6,2022,2022-06-01,15,3,Duque de Caxias,3301702,Baixada Fluminense,1,0,0,1,0,,1,1,,14,3,0,17,6,0,0,6,2,1,1,0,0,0.0,0,0,0.0,1,11,2,1,0,1,3.0,9,16,0,0,0,16,0,0.0,0.0,0.0,0,11.0,0.0,2.0,0.0,14,0,0,0,0,0,131,3
62,6,2022,2022-06-01,15,3,Duque de Caxias,3301702,Baixada Fluminense,3,0,0,3,0,,3,1,,30,7,0,18,42,18,12,72,30,7,7,3,0,0.0,0,0,0.0,14,133,16,4,0,6,1.0,24,51,0,0,0,65,10,0.0,9.0,1.0,15,26.0,0.0,4.0,0.0,31,5,0,0,0,0,435,3
63,6,2022,2022-06-01,24,3,Japeri,3302270,Baixada Fluminense,1,0,0,1,1,,2,8,,24,4,0,7,8,0,1,9,7,1,0,0,0,0.0,0,1,0.0,2,20,1,3,0,3,0.0,17,24,0,0,0,11,16,9.0,7.0,0.0,2,21.0,2.0,4.0,0.0,15,1,0,0,0,0,187,3
64,6,2022,2022-06-01,21,3,São João de Meriti,3305109,Baixada Fluminense,1,0,0,1,5,,6,16,,93,13,1,21,88,26,35,149,92,16,9,1,0,0.0,1,3,0.0,43,314,61,13,2,6,0.0,105,187,0,7,0,87,14,2.0,12.0,1.0,25,42.0,1.0,10.0,0.0,81,11,0,0,0,0,1073,3
65,6,2022,2022-06-01,34,3,Magé,3302502,Baixada Fluminense,2,0,0,2,0,,2,7,,30,4,0,6,13,3,1,17,5,0,2,1,0,0.0,0,0,0.0,1,26,9,5,3,5,2.0,24,48,0,2,0,46,10,1.0,8.0,1.0,1,17.0,0.0,5.0,0.0,18,1,0,0,0,0,265,3
66,6,2022,2022-06-01,34,3,Magé,3302502,Baixada Fluminense,1,0,0,1,0,,1,1,,54,6,0,29,19,9,2,30,3,0,0,4,0,0.0,0,0,0.0,2,39,23,6,2,19,4.0,40,94,0,0,0,56,2,2.0,0.0,0.0,4,10.0,0.0,12.0,0.0,65,5,0,0,0,0,426,3
67,6,2022,2022-06-01,34,3,Guapimirim,3301850,Baixada Fluminense,5,0,0,5,0,,5,3,,12,0,3,14,0,1,0,1,2,2,0,1,0,0.0,0,0,0.0,1,7,7,2,0,2,0.0,21,32,0,1,0,25,4,0.0,4.0,0.0,4,8.0,1.0,4.0,1.0,10,4,0,0,0,0,200,3
1,7,2022,2022-07-01,5,1,Rio de Janeiro,3304557,Capital,0,0,0,0,0,,0,0,,10,0,1,4,79,11,4,94,0,0,1,0,0,0.0,1,4,0.0,3,103,5,113,17,55,2.0,58,250,0,4,0,102,5,3.0,2.0,0.0,0,14.0,1.0,4.0,0.0,14,1,0,0,0,0,709,3
4,7,2022,2022-07-01,5,1,Rio de Janeiro,3304557,Capital,0,0,1,1,0,,1,2,,23,2,2,13,83,31,28,142,1,1,2,1,0,0.0,0,0,0.0,14,161,6,59,35,65,2.0,123,290,0,1,0,71,10,5.0,4.0,1.0,1,15.0,3.0,9.0,1.0,13,3,0,0,0,0,708,3
5,7,2022,2022-07-01,5,1,Rio de Janeiro,3304557,Capital,2,0,0,2,1,,3,3,,33,1,1,9,168,40,8,216,0,0,3,0,0,0.0,0,0,2.0,10,231,10,131,12,172,13.0,141,479,0,2,1,203,22,12.0,6.0,5.0,3,46.0,3.0,20.0,3.0,35,5,0,0,0,0,1304,3
6,7,2022,2022-07-01,4,1,Rio de Janeiro,3304557,Capital,1,0,0,1,0,,1,1,,22,2,0,24,32,9,9,50,23,1,0,0,0,0.0,0,1,0.0,12,87,11,12,14,24,1.0,162,224,0,0,1,50,4,3.0,0.0,1.0,23,18.0,1.0,7.0,2.0,9,2,0,0,0,0,547,3
7,7,2022,2022-07-01,5,1,Rio de Janeiro,3304557,Capital,0,0,0,0,2,,2,0,,10,0,0,1,26,7,1,34,0,0,0,0,0,0.0,0,0,0.0,34,68,4,2,1,1,1.0,23,32,0,0,0,27,4,1.0,3.0,0.0,5,3.0,2.0,2.0,0.0,12,0,0,0,0,0,193,3
9,7,2022,2022-07-01,2,1,Rio de Janeiro,3304557,Capital,1,0,0,1,0,,1,1,,30,1,1,12,63,32,3,98,6,2,1,4,0,0.0,0,0,0.0,8,119,17,37,10,74,13.0,100,251,0,0,0,173,9,8.0,1.0,0.0,3,19.0,3.0,6.0,0.0,20,2,0,0,0,0,829,3
10,7,2022,2022-07-01,2,1,Rio de Janeiro,3304557,Capital,0,0,0,0,0,,0,0,,23,1,0,16,43,14,6,63,10,0,3,0,0,0.0,0,0,0.0,10,86,15,23,25,75,19.0,176,333,0,4,0,185,4,4.0,0.0,0.0,3,24.0,10.0,5.0,0.0,21,4,0,0,0,0,866,3
11,7,2022,2022-07-01,23,1,Rio de Janeiro,3304557,Capital,1,0,0,1,0,,1,0,,14,4,0,3,1,1,0,2,0,0,0,0,0,0.0,0,0,0.0,0,2,1,0,1,1,0.0,14,17,0,1,0,11,2,1.0,1.0,0.0,0,6.0,0.0,5.0,0.0,6,6,0,0,0,0,85,3
12,7,2022,2022-07-01,19,1,Rio de Janeiro,3304557,Capital,1,0,0,1,0,,1,1,,29,3,0,10,27,18,2,47,2,0,4,3,0,0.0,0,0,0.0,9,65,12,46,8,93,16.0,156,331,0,5,0,185,10,9.0,1.0,0.0,0,47.0,25.0,9.0,4.0,32,5,0,0,0,0,929,3
13,7,2022,2022-07-01,19,1,Rio de Janeiro,3304557,Capital,0,0,0,0,0,,0,2,,11,3,0,9,16,4,0,20,2,0,1,0,0,0.0,0,0,0.0,5,28,4,33,3,38,11.0,83,172,0,0,0,81,11,6.0,3.0,2.0,0,24.0,15.0,4.0,1.0,17,2,0,0,0,0,442,3
14,7,2022,2022-07-01,23,1,Rio de Janeiro,3304557,Capital,1,0,0,1,0,,1,6,,11,0,2,8,18,15,1,34,1,0,0,1,0,0.0,0,0,2.0,5,43,16,63,5,84,32.0,144,344,0,3,0,121,5,3.0,2.0,0.0,0,28.0,13.0,12.0,1.0,10,6,1,0,0,0,711,3
15,7,2022,2022-07-01,23,1,Rio de Janeiro,3304557,Capital,1,0,0,1,0,,1,1,,18,0,1,8,14,10,0,24,2,0,0,0,0,0.0,0,0,0.0,3,29,6,11,10,47,5.0,62,141,0,0,0,146,8,2.0,5.0,1.0,2,11.0,5.0,2.0,0.0,15,1,0,0,0,0,512,3
16,7,2022,2022-07-01,31,2,Rio de Janeiro,3304557,Capital,1,0,0,1,0,,1,0,,52,3,4,32,71,25,14,110,10,0,3,2,0,0.0,0,0,0.0,14,139,23,29,46,152,8.0,237,495,0,4,0,397,15,13.0,3.0,0.0,8,61.0,29.0,17.0,5.0,78,7,0,0,0,0,1618,3
17,7,2022,2022-07-01,4,1,Rio de Janeiro,3304557,Capital,3,0,1,4,3,,7,0,,33,2,1,26,37,28,25,90,23,2,3,0,0,0.0,0,0,0.0,14,132,9,8,13,51,0.0,146,227,0,0,0,39,10,4.0,4.0,2.0,7,22.0,3.0,2.0,2.0,30,5,0,0,0,0,643,3
18,7,2022,2022-07-01,6,1,Rio de Janeiro,3304557,Capital,0,0,0,0,0,,0,2,,23,2,1,20,71,53,8,132,22,1,1,0,0,0.0,0,0,0.0,24,180,5,20,10,186,6.0,213,440,0,0,1,111,7,5.0,1.0,1.0,0,29.0,3.0,0.0,2.0,18,2,0,0,0,0,992,3
19,7,2022,2022-07-01,6,1,Rio de Janeiro,3304557,Capital,0,0,0,0,0,,0,0,,23,7,0,16,62,55,10,127,20,1,0,1,0,0.0,0,0,0.0,15,164,7,27,19,38,11.0,112,214,0,5,0,216,7,4.0,3.0,0.0,6,28.0,6.0,19.0,4.0,37,2,0,0,0,0,922,3
20,7,2022,2022-07-01,6,1,Rio de Janeiro,3304557,Capital,1,0,0,1,0,,1,1,,29,0,1,18,48,31,4,83,24,2,1,1,0,0.0,0,0,0.0,18,129,15,24,24,29,6.0,107,205,0,0,0,205,8,7.0,1.0,0.0,12,16.0,1.0,9.0,0.0,27,2,0,0,0,0,781,3
21,7,2022,2022-07-01,22,1,Rio de Janeiro,3304557,Capital,3,0,0,3,7,,10,1,,42,2,2,46,54,46,33,133,52,14,7,0,0,1.0,0,2,0.0,29,238,13,27,46,38,1.0,139,264,0,2,0,218,23,10.0,12.0,3.0,48,46.0,12.0,43.0,2.0,42,6,0,0,0,0,1247,3
22,7,2022,2022-07-01,16,1,Rio de Janeiro,3304557,Capital,8,0,0,8,15,,23,3,,36,6,5,34,61,26,18,105,23,9,1,0,0,0.0,0,0,0.0,10,148,7,1,16,21,2.0,102,149,0,2,0,176,6,3.0,2.0,1.0,29,37.0,5.0,7.0,2.0,39,5,0,0,1,0,796,3
23,7,2022,2022-07-01,3,1,Rio de Janeiro,3304557,Capital,0,0,0,0,0,,0,1,,23,2,2,12,46,8,4,58,35,1,4,0,0,0.0,0,0,0.0,19,117,13,10,20,10,0.0,86,139,0,1,0,136,1,0.0,1.0,0.0,4,18.0,1.0,6.0,0.0,28,2,1,0,0,0,587,3
24,7,2022,2022-07-01,3,1,Rio de Janeiro,3304557,Capital,1,0,0,1,3,,4,3,,15,1,0,23,54,17,2,73,54,2,1,0,0,0.0,1,0,0.0,22,153,15,17,9,16,1.0,49,107,0,3,0,84,1,0.0,1.0,0.0,16,26.0,0.0,1.0,1.0,20,2,0,0,0,0,553,3
25,7,2022,2022-07-01,3,1,Rio de Janeiro,3304557,Capital,2,0,0,2,0,,2,4,,23,0,0,18,30,21,15,66,46,6,2,2,0,0.0,0,0,0.0,32,154,11,24,35,59,1.0,106,236,0,4,0,99,34,4.0,14.0,16.0,26,29.0,6.0,8.0,0.0,26,1,1,0,0,0,759,3
26,7,2022,2022-07-01,3,1,Rio de Janeiro,3304557,Capital,0,0,0,0,2,,2,1,,21,1,0,16,37,16,4,57,35,6,1,0,0,0.0,0,0,1.0,22,122,10,14,17,18,1.0,103,163,0,2,0,99,0,0.0,0.0,0.0,20,12.0,2.0,6.0,1.0,13,2,0,0,0,0,602,3
27,7,2022,2022-07-01,41,2,Rio de Janeiro,3304557,Capital,2,0,0,2,2,,4,0,,35,3,2,14,69,34,4,107,76,4,0,0,0,0.0,0,1,0.0,34,222,27,4,5,18,4.0,122,180,0,1,0,137,6,1.0,5.0,0.0,30,73.0,3.0,9.0,0.0,44,2,2,0,0,0,860,3
28,7,2022,2022-07-01,18,2,Rio de Janeiro,3304557,Capital,3,0,0,3,2,,5,0,,30,6,1,3,21,9,4,34,23,1,1,0,0,0.0,1,0,0.0,12,72,9,6,14,17,0.0,61,107,0,2,0,70,1,1.0,0.0,0.0,7,9.0,1.0,5.0,2.0,36,4,0,0,0,0,545,3
29,7,2022,2022-07-01,9,2,Rio de Janeiro,3304557,Capital,2,0,0,2,0,,2,0,,40,8,4,27,102,50,5,157,79,4,4,1,0,0.0,0,0,0.0,38,283,42,28,26,50,0.0,145,291,0,0,0,136,5,2.0,3.0,0.0,31,25.0,3.0,4.0,0.0,39,8,0,0,0,0,1114,3
30,7,2022,2022-07-01,9,2,Rio de Janeiro,3304557,Capital,1,0,0,1,1,,2,6,,34,5,1,6,50,12,3,65,43,1,2,1,0,0.0,0,0,0.0,9,121,22,14,9,15,1.0,37,98,0,0,0,82,3,0.0,3.0,0.0,5,17.0,3.0,3.0,1.0,36,4,1,0,0,0,531,3
31,7,2022,2022-07-01,41,2,Rio de Janeiro,3304557,Capital,5,0,0,5,4,,9,2,,30,2,2,15,59,16,9,84,48,6,2,1,0,0.0,0,0,0.0,12,153,16,4,3,4,0.0,17,44,0,2,0,90,5,0.0,5.0,0.0,40,19.0,1.0,7.0,0.0,41,1,0,0,0,0,519,3
32,7,2022,2022-07-01,18,2,Rio de Janeiro,3304557,Capital,4,0,0,4,2,,6,3,,119,15,4,45,89,41,19,149,34,5,8,0,0,0.0,0,0,1.0,27,224,13,33,44,70,4.0,287,451,0,7,0,376,6,2.0,4.0,0.0,21,61.0,1.0,23.0,1.0,127,14,0,0,0,0,1845,3
33,7,2022,2022-07-01,14,2,Rio de Janeiro,3304557,Capital,4,0,0,4,2,,6,12,,56,10,2,26,68,56,7,131,48,5,3,3,0,0.0,0,0,1.0,13,204,18,9,14,16,4.0,62,123,0,3,0,146,2,0.0,2.0,0.0,14,23.0,2.0,16.0,2.0,56,4,0,0,0,0,900,3
34,7,2022,2022-07-01,14,2,Rio de Janeiro,3304557,Capital,6,0,0,6,4,,10,5,,131,8,0,29,72,27,13,112,51,10,7,0,0,1.0,0,4,0.0,9,194,15,11,5,21,3.0,73,128,0,1,0,174,24,1.0,18.0,5.0,21,71.0,2.0,13.0,0.0,102,7,0,0,0,0,1113,3
35,7,2022,2022-07-01,40,2,Rio de Janeiro,3304557,Capital,5,1,0,6,0,,6,3,,183,14,8,62,51,26,8,85,49,9,6,1,0,0.0,0,3,0.0,20,173,48,27,29,37,7.0,205,353,0,7,0,278,3,1.0,2.0,0.0,20,53.0,1.0,27.0,0.0,218,23,1,0,0,0,1920,3
36,7,2022,2022-07-01,27,2,Rio de Janeiro,3304557,Capital,4,0,0,4,0,,4,1,,105,12,6,21,33,16,1,50,19,6,2,0,0,0.0,0,0,0.0,16,93,19,8,11,12,1.0,81,132,0,4,1,163,2,2.0,0.0,0.0,13,32.0,0.0,13.0,0.0,98,11,0,0,0,0,932,3
37,7,2022,2022-07-01,17,1,Rio de Janeiro,3304557,Capital,1,0,0,1,0,,1,2,,42,5,2,13,21,3,1,25,7,0,3,0,0,0.0,0,0,0.0,3,38,12,13,5,32,1.0,115,178,0,2,0,180,3,2.0,0.0,1.0,15,17.0,8.0,6.0,0.0,36,1,0,0,0,0,833,3
38,7,2022,2022-07-01,16,1,Rio de Janeiro,3304557,Capital,2,0,0,2,1,,3,3,,50,6,0,24,54,42,10,106,49,13,5,0,0,0.0,0,4,0.0,20,197,18,5,2,15,0.0,53,93,0,2,1,163,6,1.0,4.0,1.0,21,26.0,2.0,4.0,0.0,51,4,0,0,0,0,727,3
39,7,2022,2022-07-01,41,2,Rio de Janeiro,3304557,Capital,1,0,0,1,5,,6,1,,34,6,2,18,38,14,12,64,40,6,0,0,0,0.0,0,0,0.0,11,121,15,10,0,10,0.0,34,69,0,0,0,66,6,1.0,5.0,0.0,91,19.0,3.0,6.0,1.0,32,11,0,0,0,0,552,3
40,7,2022,2022-07-01,9,2,Rio de Janeiro,3304557,Capital,2,0,0,2,1,,3,0,,30,3,0,11,70,38,8,116,55,2,2,0,0,0.0,0,1,1.0,21,198,12,10,5,14,0.0,55,96,0,2,0,63,0,0.0,0.0,0.0,11,11.0,1.0,5.0,0.0,28,2,0,0,0,0,539,3
41,7,2022,2022-07-01,18,2,Rio de Janeiro,3304557,Capital,0,0,0,0,1,,1,0,,39,3,0,22,28,16,12,56,12,2,8,0,0,0.0,0,2,0.0,3,83,3,2,13,13,0.0,51,82,0,3,0,88,3,1.0,2.0,0.0,1,8.0,0.0,0.0,0.0,41,3,0,0,0,0,481,3
42,7,2022,2022-07-01,31,2,Rio de Janeiro,3304557,Capital,1,0,0,1,0,,1,4,,63,4,2,21,18,14,10,42,7,2,1,3,0,0.0,0,0,0.0,19,74,40,4,6,33,4.0,72,159,0,6,0,158,78,76.0,2.0,0.0,3,27.0,5.0,11.0,1.0,73,5,1,0,0,0,876,3
43,7,2022,2022-07-01,27,2,Rio de Janeiro,3304557,Capital,1,0,0,1,0,,1,0,,70,6,3,29,8,13,1,22,4,4,3,0,0,0.0,0,1,0.0,2,36,12,1,2,15,0.0,36,66,0,0,0,72,2,2.0,0.0,0.0,5,18.0,0.0,6.0,0.0,71,2,0,0,0,0,449,3
44,7,2022,2022-07-01,3,1,Rio de Janeiro,3304557,Capital,3,0,0,3,1,,4,6,,29,3,2,21,74,36,3,113,51,9,2,1,0,0.0,0,0,0.0,23,199,12,8,8,23,0.0,65,116,0,1,0,55,2,0.0,2.0,0.0,14,19.0,0.0,3.0,0.0,23,3,0,0,0,0,596,3
48,7,2022,2022-07-01,24,3,Seropédica,3305554,Baixada Fluminense,1,0,0,1,0,,1,2,,24,7,4,21,10,1,0,11,1,1,1,0,0,0.0,0,0,0.0,0,14,1,0,0,0,2.0,14,17,0,1,0,35,4,2.0,2.0,0.0,3,15.0,1.0,7.0,0.0,21,2,0,0,0,0,209,3
50,7,2022,2022-07-01,24,3,Itaguaí,3302007,Baixada Fluminense,6,0,0,6,1,,7,2,,77,2,3,7,23,24,4,51,11,0,0,1,0,0.0,0,0,1.0,6,70,13,12,0,162,0.0,92,279,0,2,1,47,9,6.0,3.0,0.0,7,18.0,2.0,7.0,0.0,29,7,2,0,0,0,666,3
51,7,2022,2022-07-01,24,3,Paracambi,3303609,Baixada Fluminense,0,0,0,0,0,,0,1,,17,1,0,0,1,2,1,4,2,1,0,0,0,0.0,0,0,0.0,0,7,2,0,0,1,1.0,15,19,0,1,0,20,7,4.0,2.0,1.0,0,7.0,0.0,8.0,0.0,15,3,0,0,0,0,123,3
52,7,2022,2022-07-01,20,3,Nova Iguaçu,3303500,Baixada Fluminense,1,0,0,1,0,,1,2,,59,4,3,24,46,31,7,84,41,1,3,1,0,0.0,1,2,0.0,23,156,61,18,5,37,1.0,104,226,0,2,0,160,6,4.0,2.0,0.0,9,39.0,2.0,15.0,0.0,43,3,0,0,0,0,890,3
53,7,2022,2022-07-01,20,3,Mesquita,3302858,Baixada Fluminense,1,0,0,1,0,,1,1,,54,5,2,21,44,35,17,96,15,4,1,0,0,0.0,0,0,0.0,10,126,29,7,3,7,1.0,65,112,0,2,0,93,5,0.0,5.0,0.0,4,15.0,0.0,4.0,0.0,49,7,1,0,0,0,547,3
54,7,2022,2022-07-01,39,3,Belford Roxo,3300456,Baixada Fluminense,10,0,1,11,6,,17,8,,125,20,4,33,88,13,13,114,103,2,4,0,0,0.0,0,4,0.0,22,249,44,11,2,12,0.0,78,147,0,2,1,234,9,0.0,9.0,0.0,30,42.0,4.0,25.0,0.0,112,13,0,0,0,0,1202,3
55,7,2022,2022-07-01,24,3,Queimados,3304144,Baixada Fluminense,3,0,0,3,12,,15,12,,61,9,1,9,30,6,3,39,1,1,1,0,0,0.0,0,2,0.0,9,53,13,5,1,9,1.0,53,82,0,1,0,47,5,2.0,3.0,0.0,3,23.0,0.0,1.0,0.0,64,9,0,0,0,0,455,3
56,7,2022,2022-07-01,20,3,Nova Iguaçu,3303500,Baixada Fluminense,14,0,0,14,4,,18,1,,114,14,2,19,60,22,3,85,19,3,6,4,0,0.0,0,0,0.0,16,133,25,1,2,8,2.0,49,87,0,7,0,76,9,1.0,8.0,0.0,15,30.0,4.0,5.0,0.0,103,13,1,0,0,0,701,3
57,7,2022,2022-07-01,20,3,Nilópolis,3303203,Baixada Fluminense,2,0,0,2,0,,2,1,,44,4,0,6,46,22,2,70,35,4,0,3,0,0.0,0,1,0.0,18,131,21,6,1,11,1.0,139,179,0,1,0,85,3,1.0,2.0,0.0,10,12.0,0.0,6.0,0.0,43,5,0,0,0,0,614,3
58,7,2022,2022-07-01,20,3,Nova Iguaçu,3303500,Baixada Fluminense,7,0,0,7,0,,7,5,,134,19,1,21,85,24,9,118,35,3,2,2,0,0.0,0,0,0.0,22,182,42,9,0,13,1.0,54,119,0,1,0,122,6,2.0,4.0,1.0,13,29.0,2.0,15.0,0.0,109,12,0,0,0,0,1026,3
59,7,2022,2022-07-01,15,3,Duque de Caxias,3301702,Baixada Fluminense,5,0,0,5,3,,8,12,,114,9,2,50,182,52,52,286,114,32,4,0,0,0.0,0,7,0.0,31,474,63,48,6,26,1.0,206,350,0,1,0,138,10,0.0,8.0,2.0,136,55.0,5.0,19.0,1.0,65,18,0,0,0,0,1650,3
60,7,2022,2022-07-01,15,3,Duque de Caxias,3301702,Baixada Fluminense,16,0,0,16,5,,21,16,,62,15,2,33,28,27,16,71,119,22,1,2,0,0.0,0,0,0.0,16,231,39,12,2,5,1.0,57,116,0,1,0,115,10,1.0,9.0,0.0,29,36.0,4.0,30.0,0.0,54,7,0,0,0,0,806,3
61,7,2022,2022-07-01,15,3,Duque de Caxias,3301702,Baixada Fluminense,1,0,0,1,0,,1,2,,26,2,1,10,6,0,1,7,3,2,1,0,0,0.0,0,0,0.0,0,13,7,1,0,1,2.0,8,19,0,1,2,29,0,0.0,0.0,0.0,2,7.0,1.0,3.0,0.0,20,2,1,0,0,0,155,3
62,7,2022,2022-07-01,15,3,Duque de Caxias,3301702,Baixada Fluminense,5,0,0,5,2,,7,14,,38,5,6,12,34,16,13,63,42,7,4,2,0,0.0,0,0,0.0,5,123,6,1,1,2,1.0,24,35,0,0,0,63,2,0.0,2.0,0.0,15,7.0,0.0,6.0,0.0,33,5,0,0,0,0,411,3
63,7,2022,2022-07-01,24,3,Japeri,3302270,Baixada Fluminense,3,0,0,3,3,,6,8,,34,3,2,3,12,2,1,15,2,0,1,0,0,0.0,0,0,0.0,4,22,5,0,0,8,0.0,13,26,0,1,0,12,10,5.0,4.0,1.0,2,17.0,0.0,2.0,1.0,16,5,0,0,0,0,200,3
64,7,2022,2022-07-01,21,3,São João de Meriti,3305109,Baixada Fluminense,7,0,0,7,5,,12,3,,106,20,2,25,89,37,35,161,88,25,7,4,0,0.0,0,1,0.0,30,316,69,14,4,10,0.0,95,192,0,5,0,101,7,0.0,7.0,0.0,19,43.0,4.0,14.0,0.0,106,13,0,0,0,0,1159,3
65,7,2022,2022-07-01,34,3,Magé,3302502,Baixada Fluminense,4,0,0,4,1,,5,2,,43,7,2,8,12,5,2,19,3,0,1,1,0,0.0,0,1,0.0,2,27,6,4,1,7,2.0,26,46,0,2,0,23,7,0.0,6.0,1.0,1,10.0,1.0,1.0,0.0,30,3,0,0,0,0,262,3
66,7,2022,2022-07-01,34,3,Magé,3302502,Baixada Fluminense,0,0,0,0,0,,0,0,,51,10,2,20,10,5,4,19,8,0,3,1,0,0.0,0,1,1.0,8,41,13,2,3,8,6.0,31,63,0,0,0,48,6,4.0,2.0,0.0,7,17.0,1.0,5.0,0.0,50,5,0,0,0,0,391,3
67,7,2022,2022-07-01,34,3,Guapimirim,3301850,Baixada Fluminense,3,0,1,4,0,,4,0,,28,5,2,1,1,1,0,2,3,0,3,0,0,0.0,0,0,0.0,2,10,2,1,0,4,0.0,16,23,0,1,0,27,4,1.0,3.0,0.0,2,12.0,1.0,1.0,0.0,26,2,0,0,0,0,220,3
1,8,2022,2022-08-01,5,1,Rio de Janeiro,3304557,Capital,0,0,0,0,0,,0,0,,9,0,1,5,56,14,4,74,0,0,0,0,0,0.0,0,4,0.0,2,80,5,59,14,49,3.0,74,204,0,4,0,81,8,6.0,1.0,1.0,3,21.0,2.0,7.0,2.0,10,2,0,0,0,0,652,3
4,8,2022,2022-08-01,5,1,Rio de Janeiro,3304557,Capital,0,0,0,0,0,,0,1,,16,2,0,14,67,34,21,122,3,0,3,0,0,0.0,2,0,0.0,12,142,3,57,18,86,2.0,69,235,0,2,0,70,10,3.0,6.0,1.0,2,31.0,5.0,11.0,1.0,15,6,0,0,0,0,646,3
5,8,2022,2022-08-01,5,1,Rio de Janeiro,3304557,Capital,1,0,0,1,0,,1,1,,42,3,0,10,131,25,2,158,2,1,5,0,0,0.0,0,3,0.0,15,184,6,136,14,95,18.0,134,403,0,3,0,209,31,18.0,10.0,3.0,3,56.0,12.0,21.0,2.0,35,1,0,0,0,0,1196,3
6,8,2022,2022-08-01,4,1,Rio de Janeiro,3304557,Capital,0,0,0,0,1,,1,6,,41,3,4,24,16,11,16,43,19,0,1,0,0,0.0,0,0,0.0,12,75,6,29,34,24,0.0,69,162,0,0,2,42,2,1.0,1.0,0.0,17,17.0,5.0,7.0,3.0,27,4,0,0,0,0,490,3
7,8,2022,2022-08-01,5,1,Rio de Janeiro,3304557,Capital,0,0,0,0,0,,0,5,,17,0,0,2,22,5,2,29,2,0,0,0,0,0.0,0,0,0.0,18,49,1,5,1,5,0.0,28,40,0,1,0,27,5,0.0,3.0,2.0,2,6.0,0.0,0.0,0.0,11,4,0,0,0,0,207,3
9,8,2022,2022-08-01,2,1,Rio de Janeiro,3304557,Capital,0,0,0,0,2,,2,2,,25,2,1,13,49,24,1,74,8,0,2,1,0,0.0,0,1,0.0,2,88,17,38,18,79,9.0,100,261,0,1,1,206,15,12.0,3.0,0.0,1,25.0,4.0,8.0,0.0,21,3,0,0,0,0,860,3
10,8,2022,2022-08-01,2,1,Rio de Janeiro,3304557,Capital,0,0,0,0,0,,0,1,,26,1,0,14,44,12,3,59,7,1,7,0,0,0.0,0,0,0.0,17,91,18,13,30,65,22.0,155,303,0,5,1,196,1,1.0,0.0,0.0,0,31.0,9.0,13.0,1.0,32,4,2,0,0,0,901,3
11,8,2022,2022-08-01,23,1,Rio de Janeiro,3304557,Capital,0,0,0,0,0,,0,0,,10,4,1,5,1,0,0,1,0,0,1,0,0,0.0,0,0,0.0,0,2,2,1,1,0,0.0,5,9,0,0,0,11,1,0.0,1.0,0.0,0,4.0,0.0,1.0,0.0,9,1,0,0,0,0,76,3
12,8,2022,2022-08-01,19,1,Rio de Janeiro,3304557,Capital,0,0,0,0,1,,1,3,,35,1,0,9,38,24,1,63,1,1,2,2,0,0.0,0,0,0.0,14,83,16,47,3,72,16.0,139,293,0,3,0,202,5,3.0,2.0,0.0,1,25.0,18.0,12.0,1.0,30,3,1,0,0,0,900,3
13,8,2022,2022-08-01,19,1,Rio de Janeiro,3304557,Capital,0,0,0,0,0,,0,0,,11,0,0,1,5,5,0,10,0,0,1,0,0,0.0,0,0,0.0,1,12,3,20,3,21,4.0,89,140,0,2,1,99,4,4.0,0.0,0.0,1,15.0,8.0,3.0,2.0,12,1,0,0,0,0,410,3
14,8,2022,2022-08-01,23,1,Rio de Janeiro,3304557,Capital,2,0,0,2,0,,2,0,,18,1,0,5,19,17,1,37,0,0,3,0,0,0.0,0,0,0.0,9,49,11,46,8,78,14.0,135,292,0,3,0,172,6,4.0,0.0,2.0,2,31.0,9.0,13.0,2.0,22,5,0,0,0,0,765,3
15,8,2022,2022-08-01,23,1,Rio de Janeiro,3304557,Capital,0,0,0,0,0,,0,1,,14,2,2,8,10,5,2,17,5,0,0,0,0,0.0,0,0,0.0,3,25,3,14,12,32,4.0,46,111,0,1,0,105,6,3.0,3.0,0.0,3,15.0,3.0,3.0,0.0,24,4,1,0,0,0,443,3
16,8,2022,2022-08-01,31,2,Rio de Janeiro,3304557,Capital,1,0,0,1,1,,2,2,,59,0,0,40,37,36,6,79,11,1,2,2,0,1.0,0,0,0.0,10,106,18,37,62,262,7.0,297,683,0,1,0,510,11,10.0,1.0,0.0,10,62.0,12.0,18.0,3.0,80,12,0,0,0,0,1938,3
17,8,2022,2022-08-01,4,1,Rio de Janeiro,3304557,Capital,0,0,0,0,0,,0,0,,36,6,5,20,34,27,30,91,17,2,2,0,0,0.0,0,0,1.0,20,133,13,11,31,36,2.0,97,190,0,1,0,47,8,2.0,5.0,1.0,6,21.0,0.0,13.0,2.0,17,4,0,0,0,0,649,3
18,8,2022,2022-08-01,6,1,Rio de Janeiro,3304557,Capital,0,0,0,0,1,,1,0,,18,2,0,7,74,51,9,134,25,1,6,0,0,0.0,0,0,0.0,15,181,10,32,18,172,4.0,195,431,0,2,0,99,14,12.0,2.0,0.0,7,13.0,10.0,1.0,2.0,13,3,0,0,0,0,973,3
19,8,2022,2022-08-01,6,1,Rio de Janeiro,3304557,Capital,0,0,0,0,1,,1,1,,25,0,0,10,42,44,2,88,22,1,1,0,0,0.0,0,0,0.0,7,119,6,34,16,55,7.0,130,248,0,5,0,234,4,0.0,4.0,0.0,7,18.0,6.0,33.0,1.0,58,5,0,0,0,0,981,3
20,8,2022,2022-08-01,6,1,Rio de Janeiro,3304557,Capital,1,0,0,1,1,,2,13,,38,0,1,16,44,23,4,71,33,3,2,1,0,0.0,0,0,0.0,14,124,4,13,15,48,6.0,115,201,0,3,0,170,6,2.0,4.0,0.0,7,19.0,2.0,2.0,0.0,42,0,0,0,0,0,779,3
21,8,2022,2022-08-01,22,1,Rio de Janeiro,3304557,Capital,6,1,1,8,3,,11,14,,48,4,6,55,90,56,36,182,48,28,4,0,0,0.0,0,0,1.0,29,292,20,38,62,112,1.0,150,383,0,7,0,190,25,3.0,14.0,8.0,49,62.0,3.0,49.0,3.0,34,8,0,0,0,0,1509,3
22,8,2022,2022-08-01,16,1,Rio de Janeiro,3304557,Capital,2,0,1,3,1,,4,2,,49,6,7,26,50,27,22,99,35,14,0,1,0,0.0,1,0,0.0,10,160,27,10,16,24,1.0,132,210,0,3,0,160,5,1.0,3.0,1.0,32,38.0,2.0,11.0,4.0,44,4,0,0,0,0,887,3
23,8,2022,2022-08-01,3,1,Rio de Janeiro,3304557,Capital,0,0,0,0,0,,0,0,,25,1,0,8,41,17,3,61,40,1,2,0,0,0.0,0,0,0.0,17,121,12,13,9,13,1.0,84,132,0,0,0,125,0,0.0,0.0,0.0,7,12.0,0.0,5.0,0.0,41,3,1,0,0,0,575,3
24,8,2022,2022-08-01,3,1,Rio de Janeiro,3304557,Capital,1,0,0,1,0,,1,1,,20,4,1,13,70,20,3,93,49,0,3,0,0,0.0,0,1,0.0,19,165,17,21,18,14,2.0,59,131,0,0,0,120,4,1.0,2.0,1.0,12,19.0,5.0,0.0,0.0,28,2,0,0,0,0,618,3
25,8,2022,2022-08-01,3,1,Rio de Janeiro,3304557,Capital,1,0,0,1,0,,1,1,,38,3,0,15,46,15,10,71,30,3,5,0,0,0.0,0,0,0.0,36,145,4,7,25,28,0.0,90,154,0,1,0,111,20,1.0,12.0,7.0,27,27.0,6.0,8.0,1.0,34,4,0,0,0,0,668,3
26,8,2022,2022-08-01,3,1,Rio de Janeiro,3304557,Capital,1,0,0,1,2,,3,0,,29,5,2,19,35,14,6,55,27,3,0,0,0,1.0,1,0,0.0,26,113,9,13,11,22,0.0,79,134,0,0,0,106,2,1.0,1.0,0.0,22,5.0,4.0,4.0,0.0,23,0,0,0,0,0,613,3
27,8,2022,2022-08-01,41,2,Rio de Janeiro,3304557,Capital,6,0,1,7,1,,8,2,,40,4,2,10,77,37,13,127,84,2,1,0,0,0.0,0,1,0.0,23,238,28,7,6,15,0.0,132,188,0,2,0,132,9,2.0,7.0,0.0,27,43.0,2.0,8.0,1.0,46,6,0,0,0,0,926,3
28,8,2022,2022-08-01,18,2,Rio de Janeiro,3304557,Capital,3,0,0,3,0,,3,1,,23,3,0,12,17,12,0,29,22,4,1,0,0,0.0,0,0,0.0,12,68,12,6,10,8,0.0,82,118,0,1,0,40,4,0.0,2.0,2.0,4,6.0,0.0,4.0,1.0,43,1,0,0,0,0,534,3
29,8,2022,2022-08-01,9,2,Rio de Janeiro,3304557,Capital,1,0,0,1,6,,7,2,,43,5,1,31,126,39,11,176,85,9,5,1,0,0.0,0,0,1.0,51,328,35,46,28,34,2.0,147,292,0,0,0,175,6,3.0,2.0,1.0,23,37.0,0.0,11.0,0.0,55,6,0,0,0,0,1170,3
30,8,2022,2022-08-01,9,2,Rio de Janeiro,3304557,Capital,1,0,0,1,1,,2,1,,44,6,2,16,53,18,3,74,59,3,1,0,0,0.0,0,1,0.0,7,145,26,14,11,11,0.0,61,123,0,0,0,78,4,0.0,3.0,1.0,5,16.0,0.0,2.0,1.0,37,6,0,0,0,0,598,3
31,8,2022,2022-08-01,41,2,Rio de Janeiro,3304557,Capital,7,0,0,7,3,,10,0,,41,6,2,14,57,10,9,76,42,3,3,0,0,0.0,0,0,0.0,9,133,18,8,3,7,0.0,42,78,0,0,0,126,7,0.0,7.0,0.0,48,16.0,3.0,6.0,1.0,60,7,1,0,0,0,616,3
32,8,2022,2022-08-01,18,2,Rio de Janeiro,3304557,Capital,4,0,1,5,2,,7,1,,115,17,0,40,87,29,10,126,45,5,8,1,0,0.0,1,0,1.0,53,240,21,19,43,48,4.0,377,512,0,7,3,441,6,1.0,4.0,1.0,22,44.0,3.0,38.0,1.0,114,12,0,0,0,0,2046,3
33,8,2022,2022-08-01,14,2,Rio de Janeiro,3304557,Capital,1,0,0,1,3,,4,6,,79,7,7,40,57,52,4,113,51,14,1,1,0,0.0,0,0,0.0,14,194,18,7,2,23,4.0,57,111,0,2,0,151,6,3.0,3.0,0.0,16,30.0,0.0,11.0,0.0,52,5,0,0,0,0,939,3
34,8,2022,2022-08-01,14,2,Rio de Janeiro,3304557,Capital,5,0,0,5,5,,10,5,,98,12,2,41,63,23,4,90,75,16,2,2,0,0.0,0,2,0.0,15,202,13,13,4,21,0.0,67,118,0,2,0,195,17,1.0,9.0,7.0,33,42.0,3.0,17.0,1.0,110,20,1,0,0,0,1148,3
35,8,2022,2022-08-01,40,2,Rio de Janeiro,3304557,Capital,5,0,0,5,0,,5,3,,163,19,4,58,75,19,19,113,59,9,4,3,0,0.0,2,3,0.0,21,214,69,27,25,32,1.0,192,346,0,5,1,345,2,2.0,0.0,0.0,15,68.0,5.0,32.0,1.0,230,21,2,0,0,0,2084,3
36,8,2022,2022-08-01,27,2,Rio de Janeiro,3304557,Capital,0,0,0,0,0,,0,0,,87,11,8,22,37,15,7,59,19,3,3,1,0,0.0,0,0,1.0,15,101,22,9,9,9,3.0,64,116,0,1,0,146,4,3.0,1.0,0.0,21,27.0,0.0,15.0,0.0,67,15,1,0,0,0,868,3
37,8,2022,2022-08-01,17,1,Rio de Janeiro,3304557,Capital,3,0,0,3,0,,3,6,,55,11,0,18,19,9,3,31,15,4,1,0,0,0.0,0,0,0.0,7,58,16,12,4,21,0.0,94,147,0,5,0,230,5,2.0,3.0,0.0,15,29.0,14.0,7.0,0.0,56,5,0,0,0,0,921,3
38,8,2022,2022-08-01,16,1,Rio de Janeiro,3304557,Capital,0,0,0,0,3,,3,0,,51,4,0,24,37,26,6,69,43,21,7,1,0,0.0,0,1,1.0,18,161,28,0,3,9,1.0,70,111,0,2,0,153,5,1.0,4.0,0.0,20,14.0,0.0,8.0,1.0,55,9,0,0,0,0,735,3
39,8,2022,2022-08-01,41,2,Rio de Janeiro,3304557,Capital,4,0,0,4,2,,6,1,,43,5,0,13,54,21,16,91,32,15,1,3,0,0.0,0,2,1.0,10,155,22,7,3,6,0.0,33,71,0,1,0,122,10,2.0,8.0,0.0,78,23.0,0.0,9.0,1.0,29,10,0,0,0,0,629,3
40,8,2022,2022-08-01,9,2,Rio de Janeiro,3304557,Capital,2,0,0,2,2,,4,1,,25,3,0,19,72,22,12,106,36,2,1,0,0,0.0,0,1,0.0,31,177,11,11,7,11,0.0,47,87,0,0,0,89,5,0.0,3.0,2.0,16,20.0,1.0,3.0,0.0,33,2,0,0,1,0,558,3
41,8,2022,2022-08-01,18,2,Rio de Janeiro,3304557,Capital,0,0,0,0,0,,0,1,,21,3,2,19,46,9,4,59,8,0,5,0,0,0.0,2,0,0.0,6,80,8,12,20,11,0.0,56,107,0,1,0,101,2,0.0,2.0,0.0,9,24.0,0.0,4.0,0.0,40,5,0,0,0,0,532,3
42,8,2022,2022-08-01,31,2,Rio de Janeiro,3304557,Capital,2,0,0,2,0,,2,2,,57,6,2,30,18,12,3,33,4,2,2,1,0,0.0,0,0,0.0,11,53,27,4,19,45,12.0,118,225,0,4,1,176,53,52.0,1.0,0.0,8,19.0,4.0,6.0,0.0,87,2,0,0,0,0,1034,3
43,8,2022,2022-08-01,27,2,Rio de Janeiro,3304557,Capital,2,0,0,2,0,,2,0,,67,12,2,37,24,9,7,40,8,3,1,1,0,0.0,0,0,1.0,2,56,13,2,7,16,1.0,36,75,0,2,0,60,1,0.0,1.0,0.0,3,19.0,0.0,5.0,0.0,80,7,1,1,0,0,526,3
44,8,2022,2022-08-01,3,1,Rio de Janeiro,3304557,Capital,1,0,0,1,3,,4,0,,20,4,0,27,63,39,8,110,49,15,1,1,0,0.0,0,0,0.0,22,198,9,8,8,17,0.0,69,111,0,0,1,77,4,1.0,3.0,0.0,17,14.0,2.0,4.0,0.0,21,2,0,0,0,0,595,3
48,8,2022,2022-08-01,24,3,Seropédica,3305554,Baixada Fluminense,1,0,0,1,0,,1,1,,20,1,3,7,2,1,2,5,4,0,4,0,0,0.0,0,0,0.0,0,13,3,0,1,3,3.0,22,32,0,2,0,41,10,5.0,5.0,0.0,2,19.0,1.0,12.0,1.0,27,4,0,0,0,0,245,3
50,8,2022,2022-08-01,24,3,Itaguaí,3302007,Baixada Fluminense,2,0,0,2,3,,5,1,,47,11,3,12,15,13,1,29,9,1,0,1,0,0.0,0,2,0.0,7,49,7,8,0,12,1.0,36,64,0,2,0,66,10,5.0,4.0,1.0,7,29.0,0.0,15.0,0.0,30,4,2,0,0,0,488,3
51,8,2022,2022-08-01,24,3,Paracambi,3303609,Baixada Fluminense,0,0,0,0,0,,0,0,,28,0,0,2,1,1,0,2,0,1,0,0,0,0.0,0,2,0.0,0,5,2,0,0,4,0.0,16,22,0,0,0,17,4,2.0,2.0,0.0,0,6.0,0.0,7.0,2.0,19,0,0,0,0,0,138,3
52,8,2022,2022-08-01,20,3,Nova Iguaçu,3303500,Baixada Fluminense,2,0,0,2,3,,5,7,,53,4,2,26,40,33,7,80,34,5,2,1,0,0.0,0,0,0.0,14,136,54,17,4,40,2.0,106,223,0,4,0,194,2,1.0,1.0,0.0,7,41.0,1.0,15.0,1.0,54,9,1,0,0,0,896,3
53,8,2022,2022-08-01,20,3,Mesquita,3302858,Baixada Fluminense,2,0,0,2,0,,2,6,,66,7,0,9,47,35,12,94,16,1,1,1,0,0.0,0,0,0.0,7,120,31,3,0,7,0.0,58,99,0,0,1,63,15,2.0,12.0,1.0,15,32.0,0.0,7.0,0.0,46,5,0,0,0,0,561,3
54,8,2022,2022-08-01,39,3,Belford Roxo,3300456,Baixada Fluminense,12,0,0,12,3,,15,10,,120,19,2,24,114,11,11,136,90,8,3,2,0,1.0,0,3,0.0,27,270,45,13,10,10,0.0,68,146,0,3,7,275,16,1.0,14.0,1.0,40,57.0,4.0,35.0,1.0,134,21,0,0,0,0,1311,3
55,8,2022,2022-08-01,24,3,Queimados,3304144,Baixada Fluminense,8,0,0,8,3,,11,3,,40,7,2,12,24,25,3,52,6,3,4,0,0,0.0,0,0,0.0,2,67,10,3,0,9,1.0,40,63,0,1,0,66,6,3.0,3.0,0.0,5,13.0,0.0,6.0,0.0,54,4,0,0,0,0,460,3
56,8,2022,2022-08-01,20,3,Nova Iguaçu,3303500,Baixada Fluminense,10,0,0,10,7,,17,12,,89,6,2,23,55,25,7,87,16,5,2,3,0,1.0,0,0,0.0,17,131,13,3,0,8,1.0,35,60,0,2,0,99,6,0.0,6.0,0.0,13,23.0,4.0,4.0,0.0,94,14,0,0,0,0,694,3
57,8,2022,2022-08-01,20,3,Nilópolis,3303203,Baixada Fluminense,1,0,0,1,4,,5,3,,50,5,0,12,49,21,1,71,25,5,6,0,0,1.0,0,0,0.0,16,124,21,7,2,8,0.0,102,140,0,1,0,100,5,1.0,4.0,0.0,8,22.0,0.0,8.0,0.0,40,3,0,0,0,0,621,3
58,8,2022,2022-08-01,20,3,Nova Iguaçu,3303500,Baixada Fluminense,5,0,2,7,3,,10,7,,138,13,7,31,74,25,3,102,39,5,3,5,0,0.0,0,0,0.0,9,163,31,5,2,20,1.0,48,107,0,5,0,127,2,1.0,1.0,0.0,12,24.0,2.0,12.0,0.0,91,10,0,0,0,0,1002,3
59,8,2022,2022-08-01,15,3,Duque de Caxias,3301702,Baixada Fluminense,4,0,0,4,4,,8,12,,105,5,3,46,186,68,39,293,99,27,7,1,0,0.0,3,1,0.0,39,470,54,64,11,31,0.0,209,369,0,0,1,178,7,0.0,5.0,2.0,109,59.0,3.0,10.0,0.0,85,9,1,0,0,0,1695,3
60,8,2022,2022-08-01,15,3,Duque de Caxias,3301702,Baixada Fluminense,8,0,0,8,4,,12,10,,83,12,4,25,59,15,10,84,110,28,4,0,0,0.0,0,1,0.0,16,243,25,5,3,8,2.0,36,79,0,2,0,102,14,2.0,12.0,0.0,39,48.0,1.0,17.0,0.0,59,9,1,0,0,0,795,3
61,8,2022,2022-08-01,15,3,Duque de Caxias,3301702,Baixada Fluminense,2,0,0,2,0,,2,0,,18,1,1,11,1,0,0,1,2,1,0,0,0,0.0,0,0,0.0,1,5,3,0,2,5,0.0,11,21,0,0,0,25,0,0.0,0.0,0.0,1,15.0,0.0,3.0,0.0,19,2,0,0,0,0,152,3
62,8,2022,2022-08-01,15,3,Duque de Caxias,3301702,Baixada Fluminense,1,0,0,1,2,,3,4,,57,11,2,16,48,21,16,85,23,6,1,3,0,0.0,0,1,0.0,6,125,7,3,3,6,4.0,29,52,0,0,0,98,4,0.0,4.0,0.0,17,11.0,1.0,3.0,0.0,46,2,0,0,0,0,501,3
63,8,2022,2022-08-01,24,3,Japeri,3302270,Baixada Fluminense,3,0,0,3,12,,15,3,,26,1,1,2,17,1,0,18,3,0,1,0,0,0.0,0,1,0.0,2,25,9,3,0,3,0.0,22,37,0,0,0,15,9,4.0,4.0,1.0,2,11.0,0.0,6.0,0.0,27,4,0,0,0,0,236,3
64,8,2022,2022-08-01,21,3,São João de Meriti,3305109,Baixada Fluminense,6,0,0,6,10,,16,4,,107,14,0,35,89,40,41,170,100,39,7,6,0,0.0,0,3,0.0,45,370,60,10,15,4,1.0,115,205,0,0,0,136,8,1.0,6.0,1.0,17,39.0,2.0,7.0,0.0,121,9,0,0,0,0,1271,3
65,8,2022,2022-08-01,34,3,Magé,3302502,Baixada Fluminense,1,0,0,1,1,,2,5,,24,12,1,4,15,5,2,22,6,4,2,1,0,0.0,0,0,0.0,1,36,7,4,0,2,3.0,24,40,0,0,0,44,7,0.0,6.0,1.0,3,7.0,1.0,7.0,0.0,21,9,1,0,0,0,288,3
66,8,2022,2022-08-01,34,3,Magé,3302502,Baixada Fluminense,1,0,0,1,0,,1,4,,68,6,1,22,16,9,3,28,8,0,1,2,0,0.0,0,1,0.0,3,43,8,4,1,7,1.0,32,53,0,3,0,28,2,1.0,1.0,0.0,9,18.0,0.0,8.0,0.0,70,4,0,0,0,0,357,3
67,8,2022,2022-08-01,34,3,Guapimirim,3301850,Baixada Fluminense,2,0,0,2,0,,2,0,,21,6,0,5,4,2,0,6,2,1,0,1,0,0.0,0,0,0.0,1,11,2,2,1,5,0.0,27,37,0,0,0,24,3,0.0,1.0,2.0,3,2.0,1.0,4.0,0.0,31,3,0,0,0,0,217,3
1,9,2022,2022-09-01,5,1,Rio de Janeiro,3304557,Capital,0,0,0,0,0,,0,1,,5,1,0,3,49,11,3,63,0,0,1,0,0,1.0,0,1,0.0,4,70,7,55,21,37,0.0,93,213,0,1,0,172,6,4.0,3.0,0.0,0,17.0,2.0,6.0,2.0,9,2,0,0,0,0,692,3
4,9,2022,2022-09-01,5,1,Rio de Janeiro,3304557,Capital,0,0,0,0,0,,0,4,,21,6,0,3,45,19,13,77,12,0,1,0,0,0.0,0,0,0.0,6,96,4,74,41,59,1.0,114,293,0,1,0,42,10,6.0,3.0,1.0,5,15.0,3.0,14.0,1.0,16,4,0,0,0,0,635,3
5,9,2022,2022-09-01,5,1,Rio de Janeiro,3304557,Capital,1,0,0,1,0,,1,0,,41,3,0,16,113,44,5,162,6,0,5,0,0,1.0,0,3,2.0,15,194,12,118,12,178,15.0,124,459,0,1,0,194,26,7.0,14.0,5.0,5,50.0,10.0,19.0,4.0,21,3,0,0,0,0,1241,3
6,9,2022,2022-09-01,4,1,Rio de Janeiro,3304557,Capital,4,0,0,4,1,,5,3,,20,1,1,7,28,11,1,40,12,1,0,1,0,0.0,0,0,0.0,4,58,7,16,31,20,2.0,64,140,0,2,0,30,1,0.0,0.0,1.0,10,8.0,0.0,7.0,0.0,19,3,0,0,0,0,409,3
7,9,2022,2022-09-01,5,1,Rio de Janeiro,3304557,Capital,0,0,0,0,0,,0,0,,11,2,0,2,11,6,3,20,3,1,0,1,0,0.0,0,0,0.0,12,37,3,4,0,6,0.0,23,36,0,1,0,26,6,1.0,5.0,0.0,1,14.0,1.0,0.0,0.0,7,0,0,0,0,0,155,3
9,9,2022,2022-09-01,2,1,Rio de Janeiro,3304557,Capital,0,0,0,0,0,,0,0,,27,4,0,12,52,14,4,70,21,0,1,0,0,0.0,0,2,0.0,6,100,17,44,12,85,6.0,91,255,0,1,0,222,23,21.0,1.0,1.0,3,22.0,2.0,2.0,0.0,19,3,0,0,0,0,845,3
10,9,2022,2022-09-01,2,1,Rio de Janeiro,3304557,Capital,0,0,0,0,0,,0,1,,27,1,0,34,47,23,6,76,6,0,5,1,0,0.0,0,0,0.0,17,105,16,19,33,104,18.0,166,356,0,2,0,146,5,4.0,1.0,0.0,3,37.0,5.0,9.0,0.0,15,4,0,0,0,0,901,3
11,9,2022,2022-09-01,23,1,Rio de Janeiro,3304557,Capital,0,0,0,0,0,,0,0,,15,2,0,1,0,0,0,0,0,0,0,0,0,0.0,0,0,0.0,0,0,3,1,3,3,0.0,7,17,0,1,0,22,1,1.0,0.0,0.0,1,7.0,0.0,1.0,0.0,14,3,0,0,0,0,91,3
12,9,2022,2022-09-01,19,1,Rio de Janeiro,3304557,Capital,0,0,0,0,0,,0,0,,11,0,1,8,33,26,1,60,0,0,2,0,0,0.0,0,0,0.0,8,70,10,69,15,179,12.0,152,437,0,0,0,194,4,4.0,0.0,0.0,1,47.0,22.0,14.0,4.0,27,4,0,0,0,0,1031,3
13,9,2022,2022-09-01,19,1,Rio de Janeiro,3304557,Capital,0,0,0,0,0,,0,0,,28,1,0,5,21,13,0,34,0,0,0,2,0,0.0,1,0,0.0,2,39,5,55,6,114,11.0,105,296,0,2,0,83,5,5.0,0.0,0.0,0,24.0,9.0,3.0,1.0,16,2,0,0,0,0,591,3
14,9,2022,2022-09-01,23,1,Rio de Janeiro,3304557,Capital,0,0,0,0,0,,0,0,,18,1,2,5,27,18,1,46,3,0,5,0,0,0.0,0,0,0.0,6,60,10,54,7,116,25.0,164,376,0,1,0,183,7,6.0,1.0,0.0,1,28.0,9.0,8.0,2.0,21,5,0,0,0,0,854,3
15,9,2022,2022-09-01,23,1,Rio de Janeiro,3304557,Capital,0,0,0,0,0,,0,1,,16,1,0,7,8,6,1,15,3,1,0,2,0,0.0,0,0,1.0,3,25,3,13,15,55,4.0,58,148,0,1,0,102,3,3.0,0.0,0.0,1,10.0,0.0,1.0,0.0,20,2,0,0,0,0,458,3
16,9,2022,2022-09-01,31,2,Rio de Janeiro,3304557,Capital,2,0,0,2,0,,2,0,,85,6,2,45,49,45,7,101,5,0,4,2,0,0.0,0,1,1.0,13,127,21,103,59,992,5.0,485,1665,0,4,0,519,13,9.0,4.0,0.0,6,72.0,19.0,14.0,4.0,91,10,1,0,0,0,3036,3
17,9,2022,2022-09-01,4,1,Rio de Janeiro,3304557,Capital,0,0,0,0,0,,0,1,,20,3,1,28,36,18,26,80,15,3,3,0,0,0.0,0,0,0.0,17,118,9,7,36,56,0.0,135,243,0,2,0,50,6,2.0,3.0,1.0,5,18.0,1.0,6.0,1.0,28,2,0,0,0,0,641,3
18,9,2022,2022-09-01,6,1,Rio de Janeiro,3304557,Capital,1,0,0,1,0,,1,0,,17,0,0,18,63,71,12,146,16,0,2,1,0,0.0,0,0,1.0,24,190,14,20,10,183,8.0,190,425,0,2,0,97,7,6.0,1.0,0.0,4,23.0,3.0,7.0,3.0,22,7,0,0,0,0,985,3
19,9,2022,2022-09-01,6,1,Rio de Janeiro,3304557,Capital,0,0,0,0,1,,1,0,,26,6,0,11,45,31,3,79,17,0,4,0,0,0.0,0,1,0.0,12,113,9,33,14,63,9.0,99,227,0,5,0,206,10,4.0,5.0,1.0,3,36.0,6.0,18.0,1.0,47,2,0,0,0,0,858,3
20,9,2022,2022-09-01,6,1,Rio de Janeiro,3304557,Capital,0,0,0,0,0,,0,2,,20,0,1,10,56,24,6,86,31,2,0,0,0,0.0,0,0,0.0,20,139,12,16,8,26,4.0,100,166,0,4,0,127,5,5.0,0.0,0.0,6,20.0,0.0,6.0,0.0,26,0,0,0,0,0,658,3
21,9,2022,2022-09-01,22,1,Rio de Janeiro,3304557,Capital,7,0,0,7,6,,13,5,,45,4,0,38,65,34,62,161,64,33,8,0,0,0.0,0,1,0.0,36,303,14,29,30,36,2.0,139,250,0,0,0,175,10,3.0,5.0,2.0,52,61.0,5.0,36.0,3.0,39,2,0,0,0,0,1225,3
22,9,2022,2022-09-01,16,1,Rio de Janeiro,3304557,Capital,5,0,0,5,1,,6,2,,44,4,1,18,56,22,40,118,33,33,2,0,0,0.0,0,1,0.0,12,199,28,6,7,15,0.0,130,186,0,5,0,99,3,1.0,2.0,0.0,41,32.0,1.0,13.0,0.0,48,4,0,0,0,0,796,3
23,9,2022,2022-09-01,3,1,Rio de Janeiro,3304557,Capital,0,0,0,0,0,,0,0,,20,1,0,11,39,11,3,53,37,1,2,0,0,0.0,0,1,0.0,18,112,15,7,9,17,1.0,67,116,0,1,0,117,2,2.0,0.0,0.0,5,6.0,6.0,4.0,0.0,25,4,0,0,0,0,530,3
24,9,2022,2022-09-01,3,1,Rio de Janeiro,3304557,Capital,4,0,0,4,0,,4,2,,23,4,0,10,67,16,1,84,33,3,2,0,0,0.0,0,0,0.0,19,141,16,13,12,22,1.0,46,110,0,0,0,93,2,0.0,1.0,1.0,14,3.0,1.0,0.0,0.0,16,6,1,0,0,0,542,3
25,9,2022,2022-09-01,3,1,Rio de Janeiro,3304557,Capital,1,0,0,1,0,,1,0,,34,3,0,17,36,24,19,79,32,6,5,0,0,0.0,0,1,0.0,33,156,6,10,24,63,0.0,94,197,0,3,0,103,15,1.0,7.0,7.0,22,21.0,0.0,2.0,0.0,31,1,0,0,0,0,699,3
26,9,2022,2022-09-01,3,1,Rio de Janeiro,3304557,Capital,1,0,0,1,0,,1,0,,27,0,0,15,22,12,8,42,27,0,1,1,0,0.0,0,0,0.0,17,88,2,5,9,21,0.0,76,113,0,5,0,95,1,0.0,0.0,1.0,16,13.0,6.0,4.0,1.0,19,1,0,0,0,0,487,3
27,9,2022,2022-09-01,41,2,Rio de Janeiro,3304557,Capital,2,0,0,2,0,,2,1,,38,4,0,15,82,21,17,120,86,16,0,1,0,0.0,0,1,0.0,27,251,22,8,6,19,1.0,141,197,0,2,0,153,3,0.0,3.0,0.0,40,53.0,1.0,6.0,0.0,53,1,0,0,0,0,951,3
28,9,2022,2022-09-01,18,2,Rio de Janeiro,3304557,Capital,0,0,0,0,0,,0,0,,34,1,0,9,27,11,3,41,44,1,6,1,0,0.0,0,0,0.0,11,104,9,2,7,9,0.0,66,93,0,2,0,68,4,1.0,3.0,0.0,5,3.0,0.0,0.0,0.0,42,0,0,0,0,0,516,3
29,9,2022,2022-09-01,9,2,Rio de Janeiro,3304557,Capital,4,0,0,4,1,,5,1,,36,1,2,21,118,40,14,172,66,2,1,1,0,0.0,0,0,0.0,28,270,30,42,38,36,1.0,139,286,0,1,0,141,4,2.0,2.0,0.0,22,20.0,3.0,8.0,0.0,33,6,0,1,0,0,1046,3
30,9,2022,2022-09-01,9,2,Rio de Janeiro,3304557,Capital,1,0,0,1,2,,3,7,,25,1,1,5,55,14,6,75,47,2,0,0,0,0.0,0,1,0.0,4,129,18,10,6,9,1.0,55,99,0,3,0,90,3,1.0,2.0,0.0,4,12.0,0.0,3.0,0.0,30,9,0,0,0,0,523,3
31,9,2022,2022-09-01,41,2,Rio de Janeiro,3304557,Capital,1,0,0,1,3,,4,0,,26,3,0,20,44,21,7,72,67,11,1,1,0,0.0,0,0,0.0,13,165,18,0,1,10,0.0,20,49,0,0,0,34,1,0.0,1.0,0.0,36,21.0,1.0,4.0,0.0,28,4,0,0,0,0,442,3
32,9,2022,2022-09-01,18,2,Rio de Janeiro,3304557,Capital,5,0,0,5,1,,6,3,,128,12,3,40,89,33,11,133,37,6,4,1,1,0.0,1,0,0.0,29,212,29,35,46,96,2.0,352,560,0,10,0,327,7,2.0,4.0,1.0,18,55.0,7.0,13.0,1.0,129,11,0,0,0,0,1895,3
33,9,2022,2022-09-01,14,2,Rio de Janeiro,3304557,Capital,2,2,0,4,1,,5,5,,57,5,3,40,42,33,4,79,30,12,3,0,0,0.0,0,1,1.0,5,131,23,5,18,19,2.0,52,119,0,1,1,158,7,0.0,5.0,2.0,7,35.0,3.0,10.0,1.0,51,3,0,0,0,0,853,3
34,9,2022,2022-09-01,14,2,Rio de Janeiro,3304557,Capital,7,0,0,7,6,,13,2,,107,15,1,35,74,32,9,115,76,16,2,0,0,0.0,1,3,0.0,16,229,24,12,3,12,2.0,62,115,0,4,0,161,28,2.0,17.0,10.0,50,65.0,6.0,18.0,0.0,92,13,1,0,0,0,1067,3
35,9,2022,2022-09-01,40,2,Rio de Janeiro,3304557,Capital,4,0,0,4,0,,4,2,,173,19,5,61,53,39,20,112,62,9,3,0,0,0.0,0,2,0.0,28,216,56,32,23,51,5.0,200,367,0,10,1,285,3,2.0,1.0,0.0,29,49.0,5.0,29.0,0.0,252,11,0,0,0,0,2000,3
36,9,2022,2022-09-01,27,2,Rio de Janeiro,3304557,Capital,2,0,1,3,0,,3,4,,110,20,3,22,35,25,12,72,22,10,0,1,0,0.0,0,1,0.0,22,128,40,6,4,13,1.0,62,126,0,3,0,130,3,2.0,0.0,1.0,9,23.0,1.0,9.0,1.0,78,6,1,0,0,0,860,3
37,9,2022,2022-09-01,17,1,Rio de Janeiro,3304557,Capital,4,0,0,4,0,,4,1,,48,14,2,25,13,4,1,18,5,1,0,1,0,0.0,0,0,0.0,5,30,10,14,8,32,0.0,99,163,0,5,1,216,3,1.0,2.0,0.0,17,15.0,27.0,11.0,3.0,54,2,0,0,0,0,961,3
38,9,2022,2022-09-01,16,1,Rio de Janeiro,3304557,Capital,4,0,0,4,3,,7,2,,25,6,0,17,39,29,14,82,47,17,5,0,0,0.0,0,0,0.0,32,183,19,2,2,6,0.0,75,104,0,4,0,168,7,1.0,5.0,1.0,24,25.0,2.0,13.0,0.0,35,3,0,0,0,0,684,3
39,9,2022,2022-09-01,41,2,Rio de Janeiro,3304557,Capital,3,0,0,3,4,,7,0,,34,3,0,17,52,18,12,82,59,10,1,0,0,0.0,0,0,0.0,10,162,16,11,5,11,0.0,44,87,0,3,0,77,12,4.0,8.0,1.0,98,17.0,0.0,8.0,0.0,25,5,1,0,0,0,648,3
40,9,2022,2022-09-01,9,2,Rio de Janeiro,3304557,Capital,1,0,0,1,0,,1,0,,26,1,0,17,70,26,0,96,52,5,1,1,0,0.0,0,0,1.0,14,170,10,7,7,9,0.0,33,66,0,2,0,72,1,0.0,1.0,0.0,10,6.0,0.0,3.0,0.0,18,2,0,0,0,0,460,3
41,9,2022,2022-09-01,18,2,Rio de Janeiro,3304557,Capital,2,0,0,2,0,,2,0,,34,1,0,23,36,12,4,52,21,2,4,0,0,0.0,0,1,0.0,8,88,6,7,13,8,0.0,47,81,0,4,0,84,3,2.0,1.0,0.0,4,11.0,1.0,3.0,0.0,37,2,0,0,0,0,484,3
42,9,2022,2022-09-01,31,2,Rio de Janeiro,3304557,Capital,0,0,0,0,0,,0,0,,60,7,2,30,32,4,5,41,11,0,7,2,0,0.0,0,0,0.0,10,71,38,24,12,143,8.0,139,364,0,5,3,173,43,38.0,4.0,1.0,4,16.0,12.0,4.0,2.0,67,4,1,0,0,0,1101,3
43,9,2022,2022-09-01,27,2,Rio de Janeiro,3304557,Capital,0,0,0,0,0,,0,1,,70,10,1,25,20,10,14,44,5,7,2,1,0,0.0,0,0,0.0,1,60,13,0,4,5,0.0,29,51,0,1,0,48,1,0.0,1.0,0.0,3,12.0,0.0,4.0,0.0,65,3,0,0,0,0,454,3
44,9,2022,2022-09-01,3,1,Rio de Janeiro,3304557,Capital,1,0,0,1,0,,1,0,,26,4,2,21,47,46,8,101,80,16,2,1,0,0.0,0,0,0.0,40,240,13,2,5,16,1.0,79,116,0,2,0,57,2,1.0,1.0,0.0,18,10.0,4.0,6.0,0.0,24,5,1,0,0,0,620,3
48,9,2022,2022-09-01,24,3,Seropédica,3305554,Baixada Fluminense,1,1,0,2,0,,2,0,,34,4,1,17,14,4,1,19,9,1,2,1,0,1.0,0,1,0.0,1,35,8,0,0,0,1.0,15,24,0,0,0,17,9,3.0,6.0,0.0,5,12.0,0.0,7.0,0.0,29,0,1,0,0,0,213,3
50,9,2022,2022-09-01,24,3,Itaguaí,3302007,Baixada Fluminense,1,0,0,1,1,,2,2,,52,7,2,6,6,12,5,23,4,1,1,0,0,0.0,0,3,0.0,10,42,10,5,0,10,1.0,40,66,0,1,0,72,22,20.0,2.0,0.0,6,13.0,0.0,6.0,0.0,37,0,0,0,0,0,414,3
51,9,2022,2022-09-01,24,3,Paracambi,3303609,Baixada Fluminense,0,0,0,0,1,,1,1,,16,3,0,2,1,0,0,1,0,0,0,0,0,0.0,0,0,0.0,1,2,0,0,0,3,1.0,7,11,0,1,0,14,8,8.0,0.0,0.0,0,4.0,1.0,3.0,0.0,15,1,0,0,0,0,111,3
52,9,2022,2022-09-01,20,3,Nova Iguaçu,3303500,Baixada Fluminense,4,0,0,4,0,,4,0,,60,5,3,29,36,33,6,75,40,7,3,2,0,0.0,0,0,0.0,14,141,33,14,6,48,1.0,110,212,0,0,0,110,2,1.0,1.0,0.0,7,54.0,7.0,11.0,1.0,49,4,1,0,0,0,828,3
53,9,2022,2022-09-01,20,3,Mesquita,3302858,Baixada Fluminense,2,0,0,2,1,,3,10,,47,9,0,9,31,30,6,67,21,1,2,2,0,0.0,0,0,0.0,10,103,38,1,2,4,0.0,47,92,0,3,0,61,8,0.0,6.0,2.0,6,20.0,3.0,5.0,0.0,45,4,0,0,0,0,475,3
54,9,2022,2022-09-01,39,3,Belford Roxo,3300456,Baixada Fluminense,10,1,0,11,3,,14,9,,156,18,0,38,82,20,25,127,98,4,5,5,0,1.0,0,4,0.0,23,267,49,14,11,9,1.0,78,162,0,6,2,271,7,0.0,6.0,1.0,43,63.0,1.0,14.0,1.0,110,19,1,0,0,0,1312,3
55,9,2022,2022-09-01,24,3,Queimados,3304144,Baixada Fluminense,3,0,0,3,1,,4,2,,65,7,3,21,31,18,5,54,6,1,0,0,0,0.0,0,1,0.0,6,68,14,5,1,6,2.0,55,83,0,0,0,71,3,2.0,1.0,0.0,5,32.0,0.0,8.0,0.0,58,6,0,0,0,0,486,3
56,9,2022,2022-09-01,20,3,Nova Iguaçu,3303500,Baixada Fluminense,9,0,0,9,3,,12,4,,71,13,3,20,39,18,12,69,26,2,3,3,0,0.0,0,0,0.0,20,123,15,0,0,4,0.0,42,61,0,4,0,91,11,0.0,11.0,0.0,8,33.0,1.0,8.0,0.0,67,10,0,0,0,0,614,3
57,9,2022,2022-09-01,20,3,Nilópolis,3303203,Baixada Fluminense,2,0,0,2,0,,2,0,,62,1,0,8,55,30,1,86,37,2,4,2,0,0.0,0,0,0.0,8,139,21,3,1,14,0.0,65,104,0,1,0,87,2,1.0,1.0,0.0,6,10.0,0.0,7.0,0.0,49,2,0,0,0,0,555,3
58,9,2022,2022-09-01,20,3,Nova Iguaçu,3303500,Baixada Fluminense,9,0,0,9,0,,9,8,,160,10,4,33,74,18,4,96,39,5,7,3,0,0.0,0,0,1.0,13,164,23,8,1,9,1.0,49,91,0,8,1,108,1,0.0,1.0,0.0,10,28.0,1.0,6.0,1.0,116,11,1,0,0,0,986,3
59,9,2022,2022-09-01,15,3,Duque de Caxias,3301702,Baixada Fluminense,4,0,0,4,1,,5,7,,101,7,3,36,150,63,56,269,102,30,6,4,0,0.0,1,8,0.0,45,465,61,38,7,31,0.0,182,319,0,2,0,158,3,0.0,3.0,0.0,97,59.0,0.0,11.0,2.0,84,9,0,0,0,0,1552,3
60,9,2022,2022-09-01,15,3,Duque de Caxias,3301702,Baixada Fluminense,4,0,0,4,4,,8,18,,74,4,4,19,58,25,37,120,100,15,6,1,0,0.0,0,0,0.0,23,265,38,3,0,5,1.0,27,74,0,1,0,75,14,0.0,13.0,1.0,37,50.0,8.0,17.0,0.0,60,7,0,0,0,0,743,3
61,9,2022,2022-09-01,15,3,Duque de Caxias,3301702,Baixada Fluminense,0,0,0,0,0,,0,0,,18,2,0,4,5,3,1,9,7,1,0,0,0,0.0,0,0,0.0,1,18,4,1,0,4,0.0,11,20,0,1,0,31,0,0.0,0.0,0.0,4,12.0,0.0,1.0,0.0,12,2,0,0,0,0,146,3
62,9,2022,2022-09-01,15,3,Duque de Caxias,3301702,Baixada Fluminense,2,0,0,2,2,,4,6,,57,3,3,10,45,22,9,76,34,8,2,1,0,0.0,0,0,0.0,8,129,9,1,0,3,1.0,30,44,0,0,0,73,5,1.0,4.0,0.0,11,13.0,0.0,5.0,0.0,43,4,0,0,0,0,453,3
63,9,2022,2022-09-01,24,3,Japeri,3302270,Baixada Fluminense,3,0,0,3,0,,3,0,,23,10,1,2,14,4,0,18,3,0,2,0,0,0.0,0,0,0.0,7,30,3,2,1,2,0.0,10,18,0,0,0,19,14,11.0,2.0,1.0,0,13.0,2.0,9.0,0.0,17,4,0,0,0,0,201,3
64,9,2022,2022-09-01,21,3,São João de Meriti,3305109,Baixada Fluminense,7,0,0,7,3,,10,10,,107,10,4,32,111,41,81,233,114,21,6,1,0,0.0,0,1,0.0,65,441,59,14,19,11,0.0,136,239,0,2,0,160,5,1.0,4.0,0.0,20,50.0,2.0,9.0,1.0,98,15,0,0,0,0,1385,3
65,9,2022,2022-09-01,34,3,Magé,3302502,Baixada Fluminense,0,0,0,0,0,,0,6,,20,2,4,17,11,5,4,20,6,0,3,0,0,0.0,0,1,0.0,3,33,9,0,0,0,3.0,21,33,0,2,0,37,3,0.0,3.0,0.0,2,10.0,0.0,3.0,0.0,25,0,3,0,0,0,256,3
66,9,2022,2022-09-01,34,3,Magé,3302502,Baixada Fluminense,4,1,0,5,0,,5,4,,56,6,0,17,9,3,5,17,2,0,0,2,0,0.0,0,1,0.0,0,22,11,4,2,3,4.0,25,49,0,1,0,42,1,0.0,1.0,0.0,2,11.0,1.0,9.0,0.0,48,7,0,0,0,0,335,3
67,9,2022,2022-09-01,34,3,Guapimirim,3301850,Baixada Fluminense,1,0,0,1,0,,1,3,,16,3,0,6,0,2,0,2,5,0,0,0,0,0.0,0,0,0.0,3,10,1,1,1,4,0.0,20,27,0,0,0,25,6,0.0,6.0,0.0,4,8.0,0.0,4.0,0.0,18,2,0,0,0,0,182,3
1,10,2022,2022-10-01,5,1,Rio de Janeiro,3304557,Capital,0,0,0,0,0,,0,0,,17,0,0,3,56,6,4,66,1,3,2,0,0,0.0,0,6,0.0,4,82,1,84,21,56,1.0,81,244,0,0,0,104,1,0.0,1.0,0.0,2,17.0,3.0,8.0,0.0,16,2,0,0,0,0,638,3
4,10,2022,2022-10-01,5,1,Rio de Janeiro,3304557,Capital,1,0,0,1,0,,1,0,,27,0,1,7,48,9,16,73,3,0,1,0,0,0.0,0,0,0.0,8,85,6,51,23,49,0.0,115,244,0,1,0,37,10,3.0,6.0,1.0,5,35.0,0.0,10.0,1.0,24,6,0,0,0,0,567,3
5,10,2022,2022-10-01,5,1,Rio de Janeiro,3304557,Capital,1,0,0,1,0,,1,0,,37,3,1,10,139,36,2,177,2,0,2,0,0,0.0,0,1,1.0,20,203,6,135,11,175,6.0,195,528,0,7,0,143,17,7.0,7.0,3.0,2,44.0,9.0,18.0,1.0,35,2,0,0,0,0,1239,3
6,10,2022,2022-10-01,4,1,Rio de Janeiro,3304557,Capital,1,0,0,1,1,,2,2,,25,3,0,15,15,14,6,35,8,0,1,0,0,0.0,0,0,0.0,7,51,7,12,12,38,2.0,36,107,0,0,1,45,5,2.0,2.0,1.0,13,9.0,0.0,8.0,0.0,15,3,0,0,0,0,369,3
7,10,2022,2022-10-01,5,1,Rio de Janeiro,3304557,Capital,0,0,0,0,0,,0,0,,12,0,0,5,13,1,0,14,2,0,0,0,0,0.0,0,0,0.0,6,22,5,4,0,4,1.0,25,39,0,1,0,42,1,0.0,1.0,0.0,2,5.0,0.0,0.0,0.0,10,1,0,0,0,0,183,3
9,10,2022,2022-10-01,2,1,Rio de Janeiro,3304557,Capital,0,0,1,1,1,,2,1,,29,1,2,21,48,26,6,80,20,3,2,0,0,0.0,0,0,1.0,9,115,20,38,21,115,12.0,97,303,0,2,1,210,19,17.0,2.0,1.0,8,23.0,4.0,7.0,2.0,19,0,0,0,0,0,936,3
10,10,2022,2022-10-01,2,1,Rio de Janeiro,3304557,Capital,0,0,0,0,0,,0,0,,31,2,0,12,45,28,7,80,14,0,7,3,0,0.0,0,0,1.0,21,126,14,34,26,122,16.0,167,379,0,8,0,146,2,2.0,0.0,0.0,3,30.0,5.0,7.0,0.0,31,6,0,0,0,0,941,3
11,10,2022,2022-10-01,23,1,Rio de Janeiro,3304557,Capital,0,0,0,0,0,,0,0,,9,2,0,1,0,0,0,0,0,0,0,0,0,0.0,0,0,0.0,0,0,0,2,0,1,0.0,6,9,0,1,0,25,4,3.0,1.0,0.0,0,2.0,0.0,3.0,1.0,8,5,0,0,0,0,90,3
12,10,2022,2022-10-01,19,1,Rio de Janeiro,3304557,Capital,0,0,0,0,0,,0,2,,30,2,0,13,30,25,1,56,0,0,6,0,0,0.0,0,0,0.0,7,69,18,55,9,160,8.0,170,420,0,3,0,182,12,9.0,4.0,0.0,0,41.0,19.0,11.0,8.0,26,3,0,0,0,0,1022,3
13,10,2022,2022-10-01,19,1,Rio de Janeiro,3304557,Capital,0,0,0,0,0,,0,0,,12,3,0,3,11,11,0,22,0,0,5,0,0,0.0,0,0,0.0,3,30,6,21,0,50,10.0,78,165,0,2,0,78,3,2.0,1.0,0.0,1,20.0,6.0,5.0,0.0,17,1,0,0,0,0,409,3
14,10,2022,2022-10-01,23,1,Rio de Janeiro,3304557,Capital,0,0,0,0,0,,0,0,,12,1,0,3,25,19,0,44,5,1,1,0,0,0.0,0,0,0.0,8,59,14,50,8,95,19.0,129,315,0,3,0,111,3,2.0,1.0,0.0,0,36.0,42.0,8.0,3.0,33,7,0,0,0,0,750,3
15,10,2022,2022-10-01,23,1,Rio de Janeiro,3304557,Capital,0,0,0,0,0,,0,0,,13,1,1,16,15,12,0,27,3,0,1,0,0,0.0,0,0,0.0,5,36,6,21,14,84,1.0,76,202,0,3,0,115,2,2.0,0.0,0.0,0,12.0,3.0,3.0,0.0,14,2,0,0,0,0,518,3
16,10,2022,2022-10-01,31,2,Rio de Janeiro,3304557,Capital,1,0,0,1,0,,1,2,,75,4,2,44,40,19,5,64,9,2,2,0,0,0.0,0,0,1.0,11,89,34,36,47,210,7.0,251,585,0,7,0,342,13,12.0,2.0,0.0,4,72.0,18.0,24.0,2.0,81,4,1,0,0,0,1654,3
17,10,2022,2022-10-01,4,1,Rio de Janeiro,3304557,Capital,2,0,0,2,0,,2,0,,37,0,0,61,46,21,41,108,16,1,0,0,0,0.0,0,0,0.0,20,145,12,13,33,106,0.0,215,379,0,4,0,53,0,0.0,0.0,0.0,3,21.0,5.0,4.0,3.0,27,5,1,0,0,0,827,3
18,10,2022,2022-10-01,6,1,Rio de Janeiro,3304557,Capital,0,0,0,0,0,,0,1,,27,3,0,10,45,76,15,136,25,0,3,2,0,0.0,0,0,0.0,15,181,12,21,14,174,5.0,158,384,0,4,1,96,10,8.0,2.0,0.0,3,15.0,7.0,11.0,1.0,19,0,0,0,0,0,967,3
19,10,2022,2022-10-01,6,1,Rio de Janeiro,3304557,Capital,1,0,0,1,0,,1,0,,48,3,0,16,51,25,4,80,21,1,1,0,0,0.0,0,0,0.0,10,113,9,21,21,54,7.0,114,226,0,5,1,176,4,4.0,0.0,0.0,4,28.0,1.0,16.0,2.0,33,3,0,0,0,0,850,3
20,10,2022,2022-10-01,6,1,Rio de Janeiro,3304557,Capital,1,0,1,2,0,,2,0,,46,3,1,21,44,22,4,70,29,1,2,1,0,0.0,0,0,1.0,7,111,11,19,20,39,6.0,90,185,0,2,1,123,4,2.0,2.0,0.0,6,8.0,3.0,2.0,2.0,39,2,0,0,1,0,738,3
21,10,2022,2022-10-01,22,1,Rio de Janeiro,3304557,Capital,9,0,2,11,0,,11,10,,59,14,9,39,70,33,57,160,69,32,2,1,0,0.0,0,1,0.0,56,321,41,21,25,40,0.0,153,280,0,4,0,174,24,7.0,14.0,3.0,52,64.0,4.0,26.0,4.0,42,5,1,0,1,0,1322,3
22,10,2022,2022-10-01,16,1,Rio de Janeiro,3304557,Capital,4,0,0,4,1,,5,0,,38,6,3,17,55,11,19,85,38,17,1,0,0,0.0,0,0,0.0,9,150,22,1,14,21,1.0,140,199,0,4,0,122,4,1.0,1.0,2.0,30,24.0,1.0,8.0,0.0,38,7,1,0,0,0,827,3
23,10,2022,2022-10-01,3,1,Rio de Janeiro,3304557,Capital,2,0,0,2,0,,2,0,,16,1,1,8,48,6,3,57,23,2,0,0,0,0.0,0,0,0.0,16,98,12,7,14,19,0.0,83,135,0,4,0,124,1,1.0,0.0,0.0,4,12.0,0.0,2.0,0.0,22,3,0,0,0,0,558,3
24,10,2022,2022-10-01,3,1,Rio de Janeiro,3304557,Capital,1,0,0,1,1,,2,5,,46,3,1,16,54,41,3,98,44,3,2,1,0,0.0,0,0,1.0,22,171,3,16,19,31,0.0,45,114,0,0,0,94,1,0.0,1.0,0.0,10,15.0,4.0,2.0,1.0,33,3,0,0,0,0,602,3
25,10,2022,2022-10-01,3,1,Rio de Janeiro,3304557,Capital,0,0,0,0,0,,0,6,,31,2,0,9,34,21,9,64,34,1,0,0,0,0.0,0,0,0.0,18,117,9,25,13,41,0.0,77,165,0,6,0,92,20,2.0,8.0,10.0,33,28.0,3.0,14.0,3.0,30,5,1,0,0,0,668,3
26,10,2022,2022-10-01,3,1,Rio de Janeiro,3304557,Capital,0,0,0,0,0,,0,1,,20,4,0,16,43,21,2,66,70,4,4,0,0,0.0,0,0,2.0,28,174,5,5,7,19,0.0,69,105,0,2,0,84,6,2.0,3.0,1.0,29,25.0,8.0,7.0,0.0,28,0,2,0,0,0,586,3
27,10,2022,2022-10-01,41,2,Rio de Janeiro,3304557,Capital,3,0,0,3,2,,5,0,,44,5,1,11,74,41,23,138,70,6,4,0,0,0.0,0,0,0.0,29,247,32,9,13,14,2.0,115,185,0,4,0,103,2,1.0,1.0,0.0,39,40.0,1.0,8.0,0.0,36,3,0,0,0,0,888,3
28,10,2022,2022-10-01,18,2,Rio de Janeiro,3304557,Capital,1,0,0,1,1,,2,2,,41,5,4,18,33,16,2,51,25,4,3,0,0,0.0,0,1,0.0,11,95,8,0,13,8,0.0,44,73,0,7,0,85,1,0.0,1.0,0.0,5,13.0,5.0,2.0,0.0,48,1,0,0,0,0,515,3
29,10,2022,2022-10-01,9,2,Rio de Janeiro,3304557,Capital,5,0,0,5,1,,6,0,,74,2,4,23,114,34,7,155,111,4,2,0,0,0.0,0,0,0.0,32,304,38,49,33,54,1.0,180,355,0,3,1,148,3,0.0,3.0,0.0,22,34.0,2.0,11.0,0.0,40,11,0,0,0,0,1260,3
30,10,2022,2022-10-01,9,2,Rio de Janeiro,3304557,Capital,0,0,1,1,1,,2,0,,59,0,0,11,47,11,1,59,36,2,7,0,0,0.0,0,1,0.0,13,118,19,10,9,19,0.0,61,118,0,1,0,86,2,0.0,2.0,0.0,3,9.0,1.0,1.0,2.0,55,4,0,0,0,0,562,3
31,10,2022,2022-10-01,41,2,Rio de Janeiro,3304557,Capital,2,0,0,2,1,,3,3,,51,3,0,11,36,15,4,55,76,13,2,0,0,0.0,0,0,0.0,18,164,15,3,2,4,0.0,16,40,0,1,0,42,6,1.0,5.0,0.0,50,18.0,2.0,2.0,1.0,32,3,0,0,0,0,468,3
32,10,2022,2022-10-01,18,2,Rio de Janeiro,3304557,Capital,4,0,0,4,0,,4,2,,140,6,1,36,71,29,5,105,56,10,5,0,0,0.0,0,0,0.0,35,211,27,31,47,78,2.0,306,491,0,18,0,328,1,0.0,1.0,0.0,19,50.0,6.0,18.0,0.0,134,16,0,0,0,0,1854,3
33,10,2022,2022-10-01,14,2,Rio de Janeiro,3304557,Capital,2,0,1,3,3,,6,2,,84,6,3,47,59,43,3,105,33,11,3,1,0,0.0,0,1,0.0,10,164,24,11,13,28,2.0,70,148,0,8,0,144,4,0.0,2.0,2.0,12,24.0,2.0,5.0,2.0,66,4,0,0,0,0,950,3
34,10,2022,2022-10-01,14,2,Rio de Janeiro,3304557,Capital,7,0,0,7,3,,10,10,,114,13,1,41,65,30,8,103,86,19,1,3,0,0.0,1,2,0.0,19,234,34,18,8,23,2.0,75,160,0,5,0,142,8,0.0,4.0,4.0,30,35.0,4.0,9.0,0.0,110,15,2,0,0,0,1130,3
35,10,2022,2022-10-01,40,2,Rio de Janeiro,3304557,Capital,1,1,0,2,1,,3,11,,217,21,3,70,50,36,15,101,47,5,2,1,0,0.0,0,2,0.0,17,175,43,30,33,45,2.0,200,353,0,10,0,288,0,0.0,0.0,0.0,18,71.0,3.0,21.0,0.0,230,29,0,0,0,0,1967,3
36,10,2022,2022-10-01,27,2,Rio de Janeiro,3304557,Capital,1,0,0,1,0,,1,3,,122,16,1,33,29,15,9,53,14,3,2,0,0,0.0,0,0,0.0,1,73,16,3,4,15,1.0,67,106,0,4,0,83,2,0.0,2.0,0.0,15,39.0,0.0,4.0,0.0,89,9,0,0,0,0,715,3
37,10,2022,2022-10-01,17,1,Rio de Janeiro,3304557,Capital,1,0,0,1,1,,2,1,,69,10,0,31,19,2,2,23,14,0,2,1,0,0.0,0,1,0.0,9,50,12,18,5,31,1.0,105,172,0,5,1,203,6,2.0,3.0,1.0,16,27.0,48.0,3.0,1.0,60,4,0,1,0,0,957,3
38,10,2022,2022-10-01,16,1,Rio de Janeiro,3304557,Capital,1,0,1,2,2,,4,1,,37,5,0,20,29,23,10,62,64,23,3,0,0,0.0,0,0,0.0,25,177,20,3,6,7,0.0,62,98,0,5,0,133,4,1.0,3.0,0.0,45,15.0,1.0,6.0,0.0,51,4,0,0,0,0,730,3
39,10,2022,2022-10-01,41,2,Rio de Janeiro,3304557,Capital,2,0,0,2,4,,6,0,,39,3,2,7,51,19,11,81,93,20,2,1,0,0.0,0,0,0.0,27,224,12,20,2,5,0.0,22,61,0,1,0,45,6,0.0,5.0,1.0,116,18.0,0.0,7.0,1.0,27,1,0,0,0,0,654,3
40,10,2022,2022-10-01,9,2,Rio de Janeiro,3304557,Capital,6,0,1,7,2,,9,2,,44,8,1,8,57,26,5,88,54,6,1,1,0,0.0,0,0,0.0,30,180,7,10,4,11,0.0,26,58,0,0,0,63,2,0.0,2.0,0.0,19,15.0,0.0,2.0,1.0,27,1,0,0,0,0,531,3
41,10,2022,2022-10-01,18,2,Rio de Janeiro,3304557,Capital,2,0,0,2,1,,3,2,,33,3,1,15,22,16,4,42,25,8,0,0,0,0.0,0,0,0.0,13,88,6,8,12,14,1.0,57,98,0,11,0,66,5,3.0,2.0,0.0,5,12.0,4.0,3.0,0.0,43,2,0,0,1,0,505,3
42,10,2022,2022-10-01,31,2,Rio de Janeiro,3304557,Capital,2,0,0,2,0,,2,0,,56,6,2,16,26,15,3,44,11,2,4,2,0,0.0,0,0,0.0,1,64,51,6,6,41,2.0,89,195,0,5,0,165,42,40.0,2.0,0.0,6,22.0,5.0,7.0,0.0,84,7,2,0,0,0,861,3
43,10,2022,2022-10-01,27,2,Rio de Janeiro,3304557,Capital,1,0,0,1,0,,1,2,,71,10,1,29,22,9,12,43,4,2,0,0,0,0.0,0,0,0.0,1,50,9,4,4,23,0.0,49,89,0,3,1,54,3,3.0,0.0,0.0,4,12.0,0.0,3.0,0.0,66,6,1,0,0,0,564,3
44,10,2022,2022-10-01,3,1,Rio de Janeiro,3304557,Capital,2,0,0,2,1,,3,0,,46,2,0,30,70,41,4,115,53,13,4,0,0,0.0,0,0,0.0,43,228,9,7,4,13,1.0,87,121,0,0,0,51,3,1.0,1.0,1.0,21,34.0,2.0,8.0,0.0,38,6,1,0,0,0,620,3
48,10,2022,2022-10-01,24,3,Seropédica,3305554,Baixada Fluminense,0,0,0,0,0,,0,1,,35,2,0,11,11,1,0,12,7,1,1,0,0,0.0,0,0,0.0,3,24,4,0,2,3,1.0,12,22,0,1,0,23,8,5.0,3.0,0.0,3,11.0,2.0,2.0,0.0,26,1,0,0,0,0,220,3
50,10,2022,2022-10-01,24,3,Itaguaí,3302007,Baixada Fluminense,1,0,0,1,5,,6,7,,47,4,3,9,11,7,0,18,5,0,0,0,0,0.0,0,2,0.0,8,33,13,3,0,11,1.0,33,61,0,1,0,54,32,29.0,3.0,0.0,7,31.0,2.0,9.0,0.0,29,4,2,0,0,0,422,3
51,10,2022,2022-10-01,24,3,Paracambi,3303609,Baixada Fluminense,0,0,0,0,0,,0,0,,30,1,0,10,2,0,0,2,0,0,0,0,0,0.0,0,0,0.0,1,3,1,0,1,3,1.0,9,15,0,0,0,8,8,6.0,2.0,0.0,0,3.0,0.0,4.0,0.0,21,0,0,0,0,0,125,3
52,10,2022,2022-10-01,20,3,Nova Iguaçu,3303500,Baixada Fluminense,2,0,0,2,0,,2,1,,65,4,0,24,37,32,16,85,43,4,8,0,0,0.0,0,2,0.0,28,170,33,13,12,9,2.0,110,179,0,3,0,111,3,1.0,2.0,0.0,14,50.0,5.0,14.0,2.0,67,7,0,0,0,0,925,3
53,10,2022,2022-10-01,20,3,Mesquita,3302858,Baixada Fluminense,1,0,1,2,0,,2,3,,59,8,4,20,53,38,5,96,28,3,2,2,0,0.0,0,0,0.0,15,146,17,4,3,12,1.0,43,80,0,3,0,51,10,0.0,10.0,0.0,4,25.0,0.0,4.0,0.0,41,7,1,0,0,0,526,3
54,10,2022,2022-10-01,39,3,Belford Roxo,3300456,Baixada Fluminense,17,0,0,17,4,,21,0,,169,18,0,38,61,24,14,99,94,13,3,3,0,0.0,0,2,0.0,20,234,41,8,5,13,2.0,50,119,0,6,0,199,10,0.0,10.0,0.0,35,71.0,15.0,18.0,4.0,157,26,1,0,0,0,1228,3
55,10,2022,2022-10-01,24,3,Queimados,3304144,Baixada Fluminense,2,0,0,2,6,,8,3,,74,9,1,14,18,9,3,30,5,0,2,0,0,0.0,0,1,0.0,4,42,18,7,0,15,0.0,51,91,0,0,0,77,4,0.0,4.0,0.0,1,31.0,0.0,6.0,0.0,61,8,0,0,0,0,516,3
56,10,2022,2022-10-01,20,3,Nova Iguaçu,3303500,Baixada Fluminense,17,0,0,17,5,,22,3,,98,11,2,17,59,28,28,115,44,14,6,1,0,1.0,0,1,0.0,14,196,16,0,0,7,0.0,33,56,0,4,2,65,16,3.0,14.0,1.0,12,36.0,3.0,5.0,0.0,83,8,0,0,0,0,719,3
57,10,2022,2022-10-01,20,3,Nilópolis,3303203,Baixada Fluminense,2,0,0,2,1,,3,0,,79,2,0,10,36,16,5,57,29,5,0,0,0,0.0,0,0,0.0,19,110,16,2,1,8,3.0,65,95,0,0,0,100,0,0.0,0.0,0.0,4,11.0,0.0,3.0,0.0,68,6,0,0,0,0,580,3
58,10,2022,2022-10-01,20,3,Nova Iguaçu,3303500,Baixada Fluminense,7,0,0,7,0,,7,16,,165,17,3,25,55,15,10,80,43,11,2,2,0,0.0,1,0,0.0,15,154,24,9,0,9,0.0,52,94,0,6,0,124,1,0.0,1.0,0.0,11,45.0,2.0,10.0,0.0,117,16,1,0,0,0,1070,3
59,10,2022,2022-10-01,15,3,Duque de Caxias,3301702,Baixada Fluminense,9,1,0,10,2,,12,4,,115,15,1,44,140,89,36,265,147,31,3,1,0,0.0,0,7,0.0,47,501,68,38,6,25,0.0,206,343,0,1,0,165,4,1.0,3.0,0.0,133,44.0,5.0,13.0,0.0,67,7,0,0,0,0,1695,3
60,10,2022,2022-10-01,15,3,Duque de Caxias,3301702,Baixada Fluminense,12,1,0,13,5,,18,18,,74,5,5,19,52,14,15,81,115,20,2,0,0,0.0,0,0,2.0,17,237,29,2,1,4,1.0,25,62,0,4,0,64,12,0.0,12.0,0.0,36,41.0,16.0,10.0,0.0,57,9,0,0,0,0,705,3
61,10,2022,2022-10-01,15,3,Duque de Caxias,3301702,Baixada Fluminense,5,0,0,5,1,,6,0,,16,1,0,6,4,1,2,7,7,1,1,0,0,0.0,0,0,0.0,1,17,4,0,0,6,1.0,9,20,0,0,0,18,1,0.0,1.0,0.0,5,2.0,0.0,0.0,0.0,17,1,0,0,0,0,130,3
62,10,2022,2022-10-01,15,3,Duque de Caxias,3301702,Baixada Fluminense,4,0,0,4,1,,5,4,,51,8,3,7,44,16,14,74,43,4,3,2,0,0.0,0,0,0.0,8,134,15,6,0,7,4.0,23,55,0,1,0,75,2,1.0,1.0,0.0,25,18.0,0.0,1.0,0.0,52,8,0,0,0,0,505,3
63,10,2022,2022-10-01,24,3,Japeri,3302270,Baixada Fluminense,4,0,0,4,2,,6,10,,34,9,0,1,4,3,2,9,10,1,1,0,0,0.0,0,0,0.0,2,23,4,0,0,4,1.0,9,18,0,0,0,17,12,6.0,6.0,0.0,3,21.0,2.0,3.0,0.0,27,4,0,0,0,0,208,3
64,10,2022,2022-10-01,21,3,São João de Meriti,3305109,Baixada Fluminense,8,0,0,8,6,,14,4,,179,9,4,43,98,34,40,172,120,24,6,2,0,0.0,0,0,0.0,68,392,60,8,2,12,0.0,52,134,0,4,0,113,10,0.0,10.0,0.0,41,48.0,5.0,13.0,0.0,93,15,1,0,0,0,1184,3
65,10,2022,2022-10-01,34,3,Magé,3302502,Baixada Fluminense,5,0,0,5,0,,5,7,,36,6,0,6,8,10,5,23,1,0,2,0,0,0.0,0,0,0.0,3,29,9,3,0,6,3.0,31,52,0,0,0,41,5,1.0,4.0,0.0,4,10.0,3.0,4.0,0.0,39,3,0,0,0,0,306,3
66,10,2022,2022-10-01,34,3,Magé,3302502,Baixada Fluminense,4,0,0,4,0,,4,3,,90,6,2,27,11,9,5,25,8,0,3,2,0,0.0,0,0,1.0,4,43,8,2,0,5,3.0,38,56,0,1,0,33,3,0.0,3.0,0.0,4,19.0,0.0,8.0,0.0,71,9,1,0,0,0,439,3
67,10,2022,2022-10-01,34,3,Guapimirim,3301850,Baixada Fluminense,5,0,0,5,0,,5,0,,31,4,0,9,1,2,0,3,4,0,2,0,0,0.0,0,0,0.0,2,11,5,2,0,4,1.0,20,32,0,2,0,30,3,1.0,2.0,0.0,5,13.0,0.0,6.0,0.0,20,1,1,0,0,0,237,3
1,11,2022,2022-11-01,5,1,Rio de Janeiro,3304557,Capital,1,0,0,1,0,,1,0,,14,1,0,3,51,10,5,66,1,0,2,0,0,1.0,0,1,1.0,5,77,5,87,9,72,3.0,76,252,0,3,0,87,3,2.0,1.0,0.0,2,19.0,6.0,7.0,1.0,12,2,0,0,0,0,631,3
4,11,2022,2022-11-01,5,1,Rio de Janeiro,3304557,Capital,2,0,0,2,0,,2,2,,13,4,0,10,39,14,10,63,5,1,0,0,0,0.0,0,0,0.0,10,79,12,74,26,82,0.0,113,307,0,1,0,44,4,2.0,2.0,0.0,5,19.0,1.0,7.0,2.0,9,2,0,0,0,0,587,3
5,11,2022,2022-11-01,5,1,Rio de Janeiro,3304557,Capital,0,0,0,0,0,,0,0,,30,1,0,10,108,43,4,155,15,0,3,0,0,0.0,0,2,1.0,20,196,11,116,12,145,7.0,207,498,0,5,1,133,13,5.0,5.0,4.0,2,32.0,5.0,7.0,1.0,17,1,1,0,0,0,1193,3
6,11,2022,2022-11-01,4,1,Rio de Janeiro,3304557,Capital,4,0,1,5,3,,8,4,,30,1,1,31,22,19,7,48,9,1,3,0,0,0.0,0,0,0.0,12,73,10,28,22,56,0.0,123,239,0,1,0,45,4,3.0,1.0,0.0,16,9.0,1.0,3.0,1.0,15,2,0,0,0,0,568,3
7,11,2022,2022-11-01,5,1,Rio de Janeiro,3304557,Capital,0,0,0,0,0,,0,0,,10,0,0,0,12,10,4,26,6,0,0,0,0,0.0,0,0,0.0,15,47,8,7,2,5,1.0,19,42,0,1,0,28,6,3.0,2.0,1.0,4,2.0,0.0,3.0,0.0,6,0,0,0,0,0,190,3
9,11,2022,2022-11-01,2,1,Rio de Janeiro,3304557,Capital,0,0,0,0,1,,1,5,,22,1,3,19,53,29,2,84,32,0,4,1,0,0.0,0,0,3.0,12,136,26,52,16,100,11.0,91,296,0,3,0,145,20,18.0,1.0,1.0,5,19.0,3.0,3.0,1.0,23,4,0,0,0,0,882,3
10,11,2022,2022-11-01,2,1,Rio de Janeiro,3304557,Capital,0,0,0,0,0,,0,0,,22,1,1,9,35,22,6,63,13,0,3,3,0,0.0,0,0,0.0,13,95,22,14,28,104,20.0,155,343,0,5,0,163,2,1.0,1.0,0.0,1,29.0,4.0,5.0,0.0,23,2,1,0,0,0,884,3
11,11,2022,2022-11-01,23,1,Rio de Janeiro,3304557,Capital,0,0,0,0,2,,2,0,,11,3,0,1,0,1,0,1,0,0,0,0,0,0.0,0,0,0.0,0,1,0,1,1,2,0.0,8,12,0,0,0,17,2,0.0,2.0,0.0,0,3.0,0.0,2.0,0.0,6,2,0,0,0,0,92,3
12,11,2022,2022-11-01,19,1,Rio de Janeiro,3304557,Capital,0,0,0,0,0,,0,1,,30,1,0,11,50,35,3,88,0,1,7,1,0,0.0,0,0,1.0,10,108,20,69,8,195,15.0,199,506,0,2,0,176,8,4.0,4.0,0.0,3,58.0,17.0,12.0,6.0,29,0,0,0,0,0,1141,3
13,11,2022,2022-11-01,19,1,Rio de Janeiro,3304557,Capital,0,0,0,0,0,,0,0,,21,0,0,1,17,14,1,32,2,0,0,0,0,0.0,0,0,0.0,10,44,8,57,3,79,3.0,134,284,0,2,0,92,2,2.0,0.0,0.0,1,25.0,6.0,5.0,0.0,19,1,0,0,0,0,580,3
14,11,2022,2022-11-01,23,1,Rio de Janeiro,3304557,Capital,0,0,0,0,0,,0,0,,28,1,0,8,29,17,1,47,3,0,1,1,0,0.0,0,0,0.0,11,63,13,35,4,147,13.0,184,396,0,3,0,146,6,6.0,0.0,0.0,2,24.0,17.0,5.0,3.0,23,3,0,0,0,0,866,3
15,11,2022,2022-11-01,23,1,Rio de Janeiro,3304557,Capital,0,0,0,0,0,,0,0,,25,4,1,10,18,7,0,25,1,0,2,0,0,0.0,0,0,0.0,5,33,10,16,10,90,2.0,65,193,0,1,0,93,1,1.0,0.0,0.0,2,13.0,4.0,3.0,0.0,21,1,0,0,0,0,511,3
16,11,2022,2022-11-01,31,2,Rio de Janeiro,3304557,Capital,0,0,0,0,0,,0,1,,50,4,0,40,57,14,9,80,9,1,0,0,0,0.0,1,0,0.0,15,106,34,36,56,173,11.0,268,578,0,6,1,323,8,5.0,2.0,1.0,8,68.0,21.0,17.0,5.0,65,2,1,0,0,0,1587,3
17,11,2022,2022-11-01,4,1,Rio de Janeiro,3304557,Capital,1,0,0,1,0,,1,3,,38,1,0,21,55,24,23,102,22,4,0,0,0,0.0,0,1,1.0,22,152,13,7,21,50,1.0,133,225,0,1,0,38,1,1.0,0.0,0.0,5,19.0,3.0,7.0,3.0,26,7,1,0,0,0,631,3
18,11,2022,2022-11-01,6,1,Rio de Janeiro,3304557,Capital,0,0,0,0,0,,0,0,,28,0,1,3,48,50,6,104,19,2,1,0,0,0.0,0,0,0.0,24,150,4,25,16,96,3.0,118,262,0,2,3,69,4,4.0,0.0,0.0,6,16.0,6.0,9.0,1.0,28,0,0,0,0,0,705,3
19,11,2022,2022-11-01,6,1,Rio de Janeiro,3304557,Capital,0,0,0,0,0,,0,3,,36,3,0,8,46,24,3,73,19,0,2,1,0,0.0,1,0,0.0,8,104,6,27,9,52,6.0,104,204,0,1,0,153,3,2.0,1.0,0.0,4,37.0,2.0,11.0,1.0,40,4,0,0,0,0,739,3
20,11,2022,2022-11-01,6,1,Rio de Janeiro,3304557,Capital,1,0,1,2,0,,2,0,,26,3,0,15,42,11,7,60,37,3,4,2,0,0.0,0,0,0.0,18,124,9,22,24,12,2.0,96,165,0,1,0,122,1,1.0,0.0,0.0,8,21.0,0.0,2.0,0.0,19,0,0,0,0,0,674,3
21,11,2022,2022-11-01,22,1,Rio de Janeiro,3304557,Capital,7,0,0,7,8,,15,6,,47,5,2,24,57,33,25,115,79,34,7,0,0,0.0,0,0,0.0,31,266,20,23,21,35,0.0,166,265,0,1,0,194,20,7.0,11.0,2.0,49,38.0,5.0,25.0,1.0,42,7,0,0,0,0,1228,3
22,11,2022,2022-11-01,16,1,Rio de Janeiro,3304557,Capital,3,0,0,3,1,,4,0,,51,3,5,24,47,17,12,76,39,19,1,0,0,0.0,0,0,0.0,10,145,17,5,8,14,0.0,135,179,0,2,0,116,4,2.0,2.0,0.0,30,40.0,6.0,9.0,0.0,44,6,0,0,0,0,756,3
23,11,2022,2022-11-01,3,1,Rio de Janeiro,3304557,Capital,0,0,0,0,0,,0,0,,25,1,1,6,47,16,1,64,45,1,3,1,0,0.0,0,0,0.0,18,132,7,6,8,19,3.0,74,117,0,2,0,92,1,1.0,0.0,0.0,8,9.0,1.0,3.0,0.0,22,1,0,0,0,0,512,3
24,11,2022,2022-11-01,3,1,Rio de Janeiro,3304557,Capital,2,0,0,2,2,,4,2,,25,1,3,16,61,23,7,91,46,6,4,0,0,0.0,0,0,0.0,14,161,5,18,11,52,0.0,51,137,0,2,0,93,3,0.0,3.0,0.0,18,13.0,2.0,2.0,0.0,18,2,0,0,0,0,598,3
25,11,2022,2022-11-01,3,1,Rio de Janeiro,3304557,Capital,2,0,0,2,1,,3,5,,34,4,0,14,39,15,7,61,29,3,2,0,0,0.0,0,1,0.0,22,118,3,13,19,21,0.0,78,134,0,1,0,81,16,3.0,6.0,7.0,9,13.0,0.0,5.0,0.0,36,5,0,0,0,0,574,3
26,11,2022,2022-11-01,3,1,Rio de Janeiro,3304557,Capital,1,0,0,1,2,,3,0,,26,3,0,10,37,22,8,67,48,3,2,0,0,0.0,0,0,0.0,34,154,5,6,14,36,1.0,96,158,0,3,1,75,3,2.0,1.0,0.0,16,16.0,8.0,4.0,1.0,23,2,0,0,0,0,626,3
27,11,2022,2022-11-01,41,2,Rio de Janeiro,3304557,Capital,8,1,1,10,8,,18,3,,42,2,3,17,63,37,7,107,119,11,1,1,0,0.0,0,0,0.0,29,268,37,13,6,12,3.0,120,191,0,1,0,103,4,2.0,2.0,0.0,91,59.0,1.0,14.0,0.0,27,5,0,0,0,0,917,3
28,11,2022,2022-11-01,18,2,Rio de Janeiro,3304557,Capital,3,0,0,3,2,,5,2,,30,1,1,10,41,19,0,60,18,4,4,0,0,0.0,0,0,0.0,3,89,10,6,19,9,0.0,45,89,0,1,0,90,0,0.0,0.0,0.0,3,15.0,0.0,2.0,0.0,41,2,0,0,0,0,468,3
29,11,2022,2022-11-01,9,2,Rio de Janeiro,3304557,Capital,1,0,0,1,0,,1,0,,51,5,1,26,136,49,23,208,111,16,6,2,0,0.0,0,0,0.0,50,393,37,37,29,57,0.0,143,303,0,4,0,176,2,0.0,1.0,1.0,27,28.0,2.0,5.0,0.0,56,12,2,0,0,0,1302,3
30,11,2022,2022-11-01,9,2,Rio de Janeiro,3304557,Capital,3,0,0,3,0,,3,5,,37,4,0,15,53,17,6,76,35,2,4,1,0,0.0,0,0,0.0,16,134,33,8,10,10,1.0,43,105,0,3,0,84,0,0.0,0.0,0.0,11,3.0,0.0,7.0,0.0,41,2,0,0,0,0,547,3
31,11,2022,2022-11-01,41,2,Rio de Janeiro,3304557,Capital,1,0,1,2,3,,5,6,,44,2,0,6,39,10,7,56,63,10,5,0,0,0.0,0,0,0.0,10,144,17,0,5,7,0.0,15,44,0,1,0,54,4,0.0,4.0,0.0,43,13.0,6.0,2.0,0.0,25,2,0,0,0,0,421,3
32,11,2022,2022-11-01,18,2,Rio de Janeiro,3304557,Capital,5,0,0,5,2,,7,2,,109,9,0,35,86,23,5,114,54,18,1,1,0,0.0,0,1,0.0,33,222,23,28,32,79,4.0,301,467,0,10,0,357,3,2.0,1.0,0.0,21,21.0,1.0,17.0,2.0,110,12,1,0,0,0,1777,3
33,11,2022,2022-11-01,14,2,Rio de Janeiro,3304557,Capital,2,0,0,2,2,,4,4,,57,3,3,29,40,39,4,83,45,10,5,0,0,1.0,1,0,0.0,16,161,25,9,6,18,5.0,76,139,0,4,0,156,4,1.0,2.0,1.0,14,17.0,2.0,1.0,1.0,71,7,0,0,0,0,913,3
34,11,2022,2022-11-01,14,2,Rio de Janeiro,3304557,Capital,6,0,0,6,4,,10,2,,98,7,1,42,81,33,15,129,57,17,5,1,0,0.0,0,3,0.0,14,226,22,23,10,31,1.0,85,172,0,2,1,198,14,0.0,10.0,4.0,45,51.0,9.0,7.0,2.0,75,7,0,0,0,0,1118,3
35,11,2022,2022-11-01,40,2,Rio de Janeiro,3304557,Capital,7,0,0,7,0,,7,3,,162,17,6,67,52,25,10,87,54,13,1,1,0,0.0,0,2,0.0,19,177,54,20,19,46,2.0,163,304,0,5,0,263,2,0.0,2.0,0.0,18,54.0,6.0,18.0,0.0,215,9,1,0,0,0,1752,3
36,11,2022,2022-11-01,27,2,Rio de Janeiro,3304557,Capital,4,1,0,5,0,,5,1,,102,15,4,24,26,9,6,41,27,7,2,0,0,0.0,0,1,0.0,9,87,14,2,5,9,0.0,41,71,0,4,0,92,4,4.0,0.0,0.0,17,20.0,0.0,7.0,0.0,80,12,1,0,0,0,693,3
37,11,2022,2022-11-01,17,1,Rio de Janeiro,3304557,Capital,3,0,0,3,1,,4,7,,48,6,0,34,17,7,3,27,10,1,2,1,0,0.0,0,0,0.0,9,50,11,13,6,26,2.0,101,159,0,2,0,165,14,2.0,10.0,2.0,14,16.0,6.0,9.0,1.0,55,6,0,0,0,0,842,3
38,11,2022,2022-11-01,16,1,Rio de Janeiro,3304557,Capital,2,0,0,2,0,,2,1,,34,10,1,14,32,21,10,63,80,31,0,0,0,1.0,0,1,0.0,38,214,20,5,3,9,0.0,67,104,0,5,0,108,6,1.0,4.0,1.0,25,32.0,4.0,8.0,2.0,40,5,1,0,1,0,715,3
39,11,2022,2022-11-01,41,2,Rio de Janeiro,3304557,Capital,7,0,1,8,1,,9,1,,40,3,2,18,48,22,9,79,82,15,3,0,0,0.0,0,1,0.0,20,200,16,21,8,12,0.0,47,104,0,0,0,78,3,0.0,3.0,0.0,112,23.0,4.0,1.0,1.0,27,3,1,0,0,0,766,3
40,11,2022,2022-11-01,9,2,Rio de Janeiro,3304557,Capital,1,0,0,1,0,,1,3,,23,2,1,14,63,21,4,88,80,3,2,0,0,0.0,0,1,0.0,22,196,13,5,4,9,0.0,38,69,0,1,0,55,4,0.0,4.0,0.0,13,9.0,0.0,4.0,1.0,24,5,1,0,0,0,513,3
41,11,2022,2022-11-01,18,2,Rio de Janeiro,3304557,Capital,0,0,0,0,0,,0,0,,24,3,2,15,19,13,3,35,31,4,2,0,0,0.0,0,0,0.0,12,84,9,5,18,14,0.0,41,87,0,1,0,96,1,1.0,0.0,0.0,9,7.0,3.0,1.0,0.0,30,2,0,0,0,0,469,3
42,11,2022,2022-11-01,31,2,Rio de Janeiro,3304557,Capital,0,0,0,0,0,,0,1,,55,4,1,21,26,13,3,42,21,0,2,3,0,0.0,0,1,0.0,14,83,55,13,20,48,8.0,142,286,0,3,2,235,35,33.0,2.0,0.0,2,17.0,9.0,6.0,0.0,76,4,0,0,0,0,1101,3
43,11,2022,2022-11-01,27,2,Rio de Janeiro,3304557,Capital,0,0,0,0,0,,0,1,,91,10,4,23,19,5,4,28,6,2,1,2,0,0.0,0,0,0.0,1,40,9,1,2,9,1.0,37,59,0,2,0,57,1,1.0,0.0,0.0,5,6.0,0.0,3.0,1.0,68,8,0,0,0,0,457,3
44,11,2022,2022-11-01,3,1,Rio de Janeiro,3304557,Capital,2,0,0,2,0,,2,1,,27,0,3,13,56,20,5,81,75,20,2,0,0,0.0,0,0,0.0,36,214,13,8,11,15,1.0,69,117,0,0,0,91,3,1.0,2.0,0.0,23,16.0,0.0,2.0,0.0,30,6,0,0,0,0,660,3
48,11,2022,2022-11-01,24,3,Seropédica,3305554,Baixada Fluminense,0,0,0,0,0,,0,0,,26,2,4,5,4,2,0,6,6,2,3,0,0,0.0,0,0,0.0,4,21,5,0,0,8,2.0,16,31,0,1,0,17,24,20.0,3.0,1.0,1,14.0,0.0,8.0,0.0,24,3,0,0,0,0,206,3
50,11,2022,2022-11-01,24,3,Itaguaí,3302007,Baixada Fluminense,1,0,0,1,1,,2,4,,48,3,0,13,5,10,4,19,10,0,2,0,0,0.0,0,2,0.0,7,40,3,5,0,5,3.0,37,53,0,1,0,63,37,33.0,4.0,0.0,12,19.0,3.0,12.0,0.0,30,5,0,0,0,0,404,3
51,11,2022,2022-11-01,24,3,Paracambi,3303609,Baixada Fluminense,1,0,0,1,0,,1,0,,15,0,0,2,2,0,1,3,0,0,0,0,0,0.0,0,0,0.0,1,4,0,0,0,0,3.0,6,9,0,1,0,17,14,10.0,4.0,1.0,0,13.0,1.0,2.0,0.0,24,3,0,0,0,0,113,3
52,11,2022,2022-11-01,20,3,Nova Iguaçu,3303500,Baixada Fluminense,5,0,0,5,1,,6,4,,45,3,1,27,36,19,16,71,39,5,3,0,0,0.0,0,1,0.0,29,148,27,18,5,19,1.0,96,166,0,2,0,146,4,1.0,3.0,0.0,8,29.0,0.0,13.0,1.0,44,4,0,0,0,0,838,3
53,11,2022,2022-11-01,20,3,Mesquita,3302858,Baixada Fluminense,1,0,0,1,1,,2,8,,38,4,2,6,51,28,7,86,22,2,2,1,0,0.0,0,0,0.0,9,122,17,3,2,6,3.0,44,75,0,1,0,49,6,0.0,6.0,0.0,6,28.0,3.0,2.0,0.0,30,3,0,0,0,0,438,3
54,11,2022,2022-11-01,39,3,Belford Roxo,3300456,Baixada Fluminense,4,0,0,4,1,,5,15,,138,16,1,31,99,32,17,148,87,10,2,0,0,0.0,0,0,0.0,25,272,47,10,8,8,3.0,54,130,0,7,1,259,12,0.0,12.0,0.0,40,44.0,7.0,19.0,1.0,128,21,0,0,0,0,1240,3
55,11,2022,2022-11-01,24,3,Queimados,3304144,Baixada Fluminense,0,0,0,0,4,,4,4,,69,10,2,10,21,11,3,35,5,2,1,0,0,0.0,0,1,0.0,2,46,13,5,0,7,1.0,41,67,0,0,0,79,3,0.0,3.0,0.0,4,17.0,0.0,1.0,0.0,63,9,0,0,0,0,455,3
56,11,2022,2022-11-01,20,3,Nova Iguaçu,3303500,Baixada Fluminense,11,0,0,11,4,,15,9,,59,9,2,29,51,24,15,90,35,8,5,1,0,0.0,0,0,0.0,24,163,13,0,2,5,0.0,31,51,0,1,2,82,8,0.0,8.0,0.0,11,21.0,2.0,5.0,0.0,79,5,0,0,0,0,620,3
57,11,2022,2022-11-01,20,3,Nilópolis,3303203,Baixada Fluminense,2,0,0,2,2,,4,0,,45,2,0,9,36,15,1,52,20,4,0,0,0,0.0,0,0,0.0,12,88,13,3,1,10,1.0,58,86,0,0,0,89,3,0.0,2.0,1.0,13,15.0,1.0,7.0,1.0,41,4,0,0,0,0,480,3
58,11,2022,2022-11-01,20,3,Nova Iguaçu,3303500,Baixada Fluminense,5,0,0,5,0,,5,6,,128,11,7,37,48,11,6,65,43,7,2,3,0,0.0,0,0,0.0,13,133,36,5,0,6,0.0,47,94,0,7,1,112,3,1.0,1.0,1.0,18,38.0,1.0,3.0,0.0,96,16,0,0,0,0,922,3
59,11,2022,2022-11-01,15,3,Duque de Caxias,3301702,Baixada Fluminense,13,0,0,13,2,,15,10,,83,9,1,22,170,57,38,265,157,44,13,0,0,1.0,3,10,1.0,48,542,87,36,5,20,0.0,158,306,0,1,0,149,5,0.0,4.0,1.0,136,26.0,2.0,14.0,1.0,66,5,0,0,2,0,1614,3
60,11,2022,2022-11-01,15,3,Duque de Caxias,3301702,Baixada Fluminense,8,0,0,8,3,,11,4,,59,5,5,22,44,15,17,76,91,15,8,2,0,0.0,0,0,0.0,31,223,28,3,1,2,1.0,32,67,0,2,0,56,8,1.0,7.0,0.0,26,44.0,6.0,13.0,0.0,57,9,0,0,0,0,643,3
61,11,2022,2022-11-01,15,3,Duque de Caxias,3301702,Baixada Fluminense,1,0,0,1,0,,1,0,,23,4,0,2,2,0,1,3,9,4,0,0,0,0.0,0,0,0.0,1,17,6,1,1,2,0.0,14,24,0,1,0,24,1,1.0,0.0,0.0,1,1.0,0.0,1.0,0.0,21,4,0,0,0,0,154,3
62,11,2022,2022-11-01,15,3,Duque de Caxias,3301702,Baixada Fluminense,3,0,0,3,3,,6,1,,55,5,2,20,39,23,11,73,36,4,3,3,0,0.0,0,1,0.0,8,128,10,6,0,7,1.0,38,62,0,2,0,91,3,0.0,3.0,0.0,12,17.0,0.0,2.0,0.0,39,7,0,0,0,0,502,3
63,11,2022,2022-11-01,24,3,Japeri,3302270,Baixada Fluminense,1,0,0,1,9,,10,8,,33,12,1,5,6,2,0,8,4,1,0,0,0,0.0,0,0,0.0,0,13,7,0,0,0,0.0,9,16,0,0,0,9,16,8.0,8.0,0.0,5,25.0,2.0,7.0,0.0,19,6,0,0,0,0,176,3
64,11,2022,2022-11-01,21,3,São João de Meriti,3305109,Baixada Fluminense,10,0,1,11,5,,16,7,,83,11,3,31,96,25,45,166,110,30,3,1,0,2.0,0,1,0.0,43,356,59,6,5,8,0.0,57,135,0,4,1,120,15,1.0,12.0,2.0,29,40.0,4.0,14.0,0.0,85,15,1,0,0,0,1046,3
65,11,2022,2022-11-01,34,3,Magé,3302502,Baixada Fluminense,1,0,0,1,0,,1,1,,27,7,0,2,14,4,2,20,6,2,1,1,0,0.0,0,0,0.0,3,33,5,2,1,2,0.0,29,39,0,0,0,41,6,1.0,6.0,0.0,2,8.0,1.0,5.0,0.0,37,0,0,0,0,0,255,3
66,11,2022,2022-11-01,34,3,Magé,3302502,Baixada Fluminense,1,0,0,1,0,,1,0,,66,9,0,15,14,5,6,25,8,2,2,0,0,0.0,0,1,1.0,4,43,12,4,2,7,0.0,50,75,0,3,0,66,0,0.0,0.0,0.0,7,19.0,0.0,8.0,0.0,87,3,2,0,0,0,463,3
67,11,2022,2022-11-01,34,3,Guapimirim,3301850,Baixada Fluminense,2,0,0,2,1,,3,0,,20,2,2,14,4,0,0,4,4,1,2,2,0,0.0,0,1,0.0,2,16,6,1,0,2,0.0,16,25,0,1,0,31,3,2.0,2.0,0.0,5,14.0,0.0,4.0,1.0,24,0,0,0,0,0,212,3
1,12,2022,2022-12-01,5,1,Rio de Janeiro,3304557,Capital,0,0,0,0,0,,0,0,,14,0,0,2,52,18,2,72,2,1,3,0,0,0.0,0,1,0.0,5,84,4,96,12,68,1.0,69,250,0,1,0,86,4,4.0,0.0,0.0,1,9.0,3.0,7.0,2.0,10,1,0,0,0,0,603,3
4,12,2022,2022-12-01,5,1,Rio de Janeiro,3304557,Capital,1,0,0,1,1,,2,1,,24,1,6,14,52,15,12,79,12,0,1,0,0,0.0,0,0,0.0,14,106,2,32,21,79,0.0,144,278,0,1,0,55,8,4.0,4.0,0.0,2,19.0,2.0,9.0,0.0,28,2,0,0,0,0,642,3
5,12,2022,2022-12-01,5,1,Rio de Janeiro,3304557,Capital,1,0,0,1,0,,1,0,,45,2,1,17,133,44,6,183,14,0,7,0,0,0.0,1,2,0.0,21,228,13,81,19,198,5.0,171,487,0,1,0,134,9,6.0,0.0,3.0,5,32.0,2.0,10.0,2.0,36,2,0,0,0,0,1234,3
6,12,2022,2022-12-01,4,1,Rio de Janeiro,3304557,Capital,2,0,0,2,0,,2,0,,23,1,0,30,20,17,8,45,4,1,1,1,0,0.0,0,0,0.0,4,56,6,23,8,54,2.0,68,161,0,0,0,52,0,0.0,0.0,0.0,13,18.0,1.0,3.0,0.0,17,4,0,0,0,0,457,3
7,12,2022,2022-12-01,5,1,Rio de Janeiro,3304557,Capital,0,0,0,0,0,,0,0,,9,0,0,2,25,6,2,33,1,0,0,1,0,0.0,0,0,0.0,4,39,2,6,2,8,2.0,28,48,0,0,0,32,1,1.0,0.0,0.0,2,4.0,1.0,2.0,1.0,4,2,0,0,0,0,184,3
9,12,2022,2022-12-01,2,1,Rio de Janeiro,3304557,Capital,1,0,0,1,0,,1,0,,20,3,1,13,47,29,4,80,31,1,2,3,0,0.0,0,0,2.0,14,133,23,32,17,126,0.0,109,307,0,4,0,125,14,10.0,3.0,1.0,5,27.0,3.0,6.0,0.0,27,4,0,0,0,0,828,3
10,12,2022,2022-12-01,2,1,Rio de Janeiro,3304557,Capital,0,0,0,0,0,,0,2,,42,0,2,9,36,25,8,69,13,1,13,1,0,0.0,0,1,2.0,12,112,15,11,25,127,12.0,165,355,0,6,1,145,2,1.0,1.0,0.0,0,28.0,9.0,4.0,0.0,22,3,0,0,0,0,921,3
11,12,2022,2022-12-01,23,1,Rio de Janeiro,3304557,Capital,2,0,0,2,0,,2,0,,14,1,0,0,0,0,0,0,0,0,0,0,0,0.0,0,0,0.0,0,0,1,0,1,1,0.0,4,7,0,1,0,15,0,0.0,0.0,0.0,0,0.0,0.0,6.0,0.0,5,2,0,0,0,0,73,3
12,12,2022,2022-12-01,19,1,Rio de Janeiro,3304557,Capital,0,0,0,0,0,,0,2,,50,3,0,12,46,50,5,101,0,0,2,0,0,0.0,0,0,2.0,10,115,8,90,13,166,26.0,223,526,0,1,0,199,17,15.0,2.0,0.0,0,60.0,22.0,11.0,13.0,31,5,2,0,0,0,1257,3
13,12,2022,2022-12-01,19,1,Rio de Janeiro,3304557,Capital,1,0,0,1,0,,1,0,,31,0,0,11,23,25,1,49,0,0,2,0,0,0.0,0,0,0.0,3,54,8,26,3,65,10.0,148,260,0,3,0,110,5,5.0,1.0,0.0,1,22.0,8.0,1.0,1.0,15,2,0,0,0,0,623,3
14,12,2022,2022-12-01,23,1,Rio de Janeiro,3304557,Capital,0,0,0,0,0,,0,2,,22,0,1,14,27,13,0,40,2,0,0,0,0,0.0,0,0,0.0,13,55,14,65,5,119,29.0,157,389,0,4,0,143,16,11.0,3.0,2.0,2,33.0,9.0,9.0,1.0,29,4,0,0,0,0,876,3
15,12,2022,2022-12-01,23,1,Rio de Janeiro,3304557,Capital,0,0,0,0,0,,0,0,,23,2,0,9,16,18,0,34,1,2,3,2,0,0.0,0,0,0.0,5,47,9,15,6,126,1.0,86,243,0,2,2,92,1,1.0,0.0,0.0,2,20.0,5.0,1.0,1.0,25,2,1,0,0,0,560,3
16,12,2022,2022-12-01,31,2,Rio de Janeiro,3304557,Capital,0,0,0,0,0,,0,1,,75,14,2,44,58,29,8,95,8,0,0,0,0,0.0,1,0,0.0,30,134,37,33,65,142,3.0,342,622,0,10,0,371,19,16.0,2.0,1.0,6,52.0,22.0,12.0,3.0,72,3,1,0,0,0,1799,3
17,12,2022,2022-12-01,4,1,Rio de Janeiro,3304557,Capital,1,0,0,1,0,,1,0,,33,2,1,26,32,20,52,104,31,4,1,0,0,0.0,0,0,0.0,23,163,11,4,33,49,0.0,97,194,0,7,0,57,10,5.0,5.0,0.0,7,31.0,3.0,5.0,3.0,30,2,1,0,0,0,660,3
18,12,2022,2022-12-01,6,1,Rio de Janeiro,3304557,Capital,0,0,0,0,0,,0,0,,37,2,0,9,65,38,11,114,24,0,3,0,0,0.0,0,0,0.0,14,155,8,17,17,64,3.0,108,217,0,2,0,111,2,1.0,0.0,1.0,5,14.0,3.0,2.0,0.0,24,0,0,0,0,0,694,3
19,12,2022,2022-12-01,6,1,Rio de Janeiro,3304557,Capital,0,0,0,0,0,,0,1,,30,0,0,19,28,21,4,53,18,1,5,0,0,0.0,0,0,0.0,3,80,7,23,13,40,2.0,123,208,0,4,1,152,3,1.0,2.0,0.0,1,35.0,0.0,6.0,2.0,39,5,0,0,0,0,743,3
20,12,2022,2022-12-01,6,1,Rio de Janeiro,3304557,Capital,0,0,0,0,1,,1,0,,29,2,0,10,46,12,3,61,30,0,4,0,0,0.0,0,0,0.0,16,111,10,15,10,25,5.0,133,198,0,2,0,108,5,3.0,1.0,1.0,11,19.0,4.0,3.0,0.0,19,2,0,0,0,0,719,3
21,12,2022,2022-12-01,22,1,Rio de Janeiro,3304557,Capital,4,0,0,4,1,,5,6,,45,1,2,41,53,17,11,81,58,41,2,0,0,0.0,0,1,0.0,27,210,12,19,34,24,0.0,101,190,0,4,0,173,13,1.0,8.0,4.0,39,38.0,5.0,20.0,4.0,41,6,0,0,0,0,998,3
22,12,2022,2022-12-01,16,1,Rio de Janeiro,3304557,Capital,4,0,0,4,3,,7,3,,48,2,1,25,31,18,5,54,29,15,0,0,0,0.0,0,2,0.0,13,113,21,1,16,13,0.0,87,138,0,16,0,131,4,2.0,2.0,0.0,15,31.0,2.0,6.0,1.0,49,1,2,0,0,0,685,3
23,12,2022,2022-12-01,3,1,Rio de Janeiro,3304557,Capital,0,0,0,0,0,,0,0,,19,1,0,9,45,31,5,81,42,1,5,0,0,0.0,0,1,0.0,21,151,11,3,7,11,0.0,84,116,0,5,0,78,1,1.0,0.0,0.0,3,9.0,1.0,3.0,0.0,24,2,0,0,0,0,516,3
24,12,2022,2022-12-01,3,1,Rio de Janeiro,3304557,Capital,2,0,0,2,0,,2,5,,27,1,1,19,37,32,2,71,51,11,0,0,0,0.0,0,0,0.0,12,145,14,8,8,22,0.0,52,104,0,7,0,71,0,0.0,0.0,0.0,13,21.0,0.0,1.0,1.0,28,2,0,0,0,0,546,3
25,12,2022,2022-12-01,3,1,Rio de Janeiro,3304557,Capital,0,0,0,0,0,,0,3,,23,3,0,20,20,20,4,44,31,5,5,1,0,0.0,0,0,0.0,22,108,5,7,8,25,0.0,76,121,0,2,0,94,14,3.0,6.0,5.0,16,21.0,2.0,2.0,0.0,33,9,0,0,0,0,556,3
26,12,2022,2022-12-01,3,1,Rio de Janeiro,3304557,Capital,1,0,0,1,0,,1,1,,34,2,0,7,43,24,2,69,24,3,2,1,0,0.0,0,3,0.0,28,130,8,4,8,30,0.0,75,125,0,4,0,59,9,5.0,0.0,4.0,16,16.0,3.0,2.0,0.0,32,4,0,0,0,0,582,3
27,12,2022,2022-12-01,41,2,Rio de Janeiro,3304557,Capital,1,0,0,1,5,,6,2,,56,5,4,15,66,35,11,112,112,10,0,0,0,0.0,0,2,0.0,29,265,18,10,11,24,3.0,127,193,0,8,0,117,5,0.0,4.0,1.0,85,37.0,1.0,9.0,2.0,40,6,0,0,0,0,1011,3
28,12,2022,2022-12-01,18,2,Rio de Janeiro,3304557,Capital,3,0,0,3,0,,3,0,,44,1,3,13,31,22,1,54,24,2,2,0,0,0.0,0,0,0.0,11,93,12,2,11,21,2.0,33,81,0,12,0,80,4,0.0,4.0,0.0,5,13.0,0.0,8.0,0.0,44,2,1,0,1,0,529,3
29,12,2022,2022-12-01,9,2,Rio de Janeiro,3304557,Capital,3,0,0,3,0,,3,1,,66,2,0,38,153,51,12,216,140,28,2,1,0,0.0,0,0,1.0,62,450,26,38,35,50,0.0,140,289,0,3,0,168,2,0.0,1.0,1.0,36,20.0,0.0,6.0,0.0,52,6,0,0,0,0,1319,3
30,12,2022,2022-12-01,9,2,Rio de Janeiro,3304557,Capital,0,0,0,0,1,,1,2,,57,1,0,9,51,19,1,71,23,2,0,0,0,0.0,0,3,0.0,3,102,29,6,5,16,0.0,52,108,0,3,0,77,4,2.0,2.0,0.0,3,12.0,0.0,4.0,0.0,54,3,0,0,0,0,533,3
31,12,2022,2022-12-01,41,2,Rio de Janeiro,3304557,Capital,2,0,0,2,1,,3,2,,48,4,0,11,42,13,5,60,58,11,0,0,0,0.0,0,0,0.0,19,148,15,3,1,12,2.0,43,76,0,0,0,89,4,1.0,3.0,0.0,52,21.0,1.0,3.0,0.0,39,4,0,0,0,0,560,3
32,12,2022,2022-12-01,18,2,Rio de Janeiro,3304557,Capital,7,0,0,7,3,,10,3,,162,10,1,42,73,31,23,127,51,7,9,2,0,0.0,0,0,0.0,25,221,23,30,50,61,3.0,337,504,0,19,0,418,5,1.0,4.0,0.0,17,35.0,0.0,15.0,2.0,161,14,0,0,1,0,2020,3
33,12,2022,2022-12-01,14,2,Rio de Janeiro,3304557,Capital,2,0,0,2,4,,6,10,,69,5,3,38,51,53,2,106,49,7,2,1,0,0.0,0,1,0.0,17,183,22,4,6,18,3.0,64,117,0,5,0,163,2,0.0,2.0,0.0,8,25.0,1.0,8.0,1.0,56,3,0,0,0,0,1009,3
34,12,2022,2022-12-01,14,2,Rio de Janeiro,3304557,Capital,7,0,1,8,3,,11,5,,150,10,0,23,70,44,12,126,60,25,4,1,0,0.0,0,3,0.0,23,242,19,28,10,34,4.0,104,199,0,4,0,220,12,0.0,10.0,2.0,26,62.0,2.0,9.0,1.0,107,17,0,0,0,0,1235,3
35,12,2022,2022-12-01,40,2,Rio de Janeiro,3304557,Capital,3,0,0,3,0,,3,1,,180,19,6,64,44,16,9,69,50,21,3,2,0,0.0,0,1,1.0,25,172,46,29,19,46,1.0,212,353,0,10,1,225,5,4.0,1.0,0.0,12,48.0,0.0,13.0,3.0,205,15,0,0,0,0,1938,3
36,12,2022,2022-12-01,27,2,Rio de Janeiro,3304557,Capital,1,0,0,1,0,,1,3,,107,8,7,31,14,16,3,33,12,7,0,0,0,0.0,1,1,0.0,8,62,21,5,4,23,0.0,58,111,0,5,0,152,3,2.0,1.0,0.0,10,34.0,0.0,4.0,1.0,90,12,0,0,0,0,782,3
37,12,2022,2022-12-01,17,1,Rio de Janeiro,3304557,Capital,2,0,0,2,1,,3,3,,52,10,2,21,21,6,0,27,22,5,0,2,0,0.0,2,0,0.0,12,70,19,7,4,20,5.0,115,170,0,3,0,202,199,4.0,194.0,1.0,10,19.0,5.0,2.0,0.0,59,7,0,0,0,0,1116,3
38,12,2022,2022-12-01,16,1,Rio de Janeiro,3304557,Capital,0,0,0,0,2,,2,8,,36,6,0,25,33,28,9,70,33,19,2,1,0,0.0,0,1,0.0,19,145,23,4,8,16,0.0,38,89,0,5,0,96,3,0.0,3.0,0.0,16,25.0,0.0,10.0,0.0,47,7,1,0,0,0,570,3
39,12,2022,2022-12-01,41,2,Rio de Janeiro,3304557,Capital,0,0,0,0,0,,0,0,,46,3,0,7,49,14,24,87,89,14,0,1,0,0.0,0,1,0.0,25,217,20,20,7,20,0.0,63,130,0,0,0,58,7,0.0,5.0,2.0,106,24.0,2.0,1.0,0.0,23,3,0,0,0,0,787,3
40,12,2022,2022-12-01,9,2,Rio de Janeiro,3304557,Capital,3,0,0,3,0,,3,3,,37,1,2,5,58,33,5,96,58,4,1,1,0,0.0,0,3,0.0,31,194,14,7,1,7,1.0,34,64,0,2,0,50,3,0.0,3.0,0.0,17,15.0,0.0,3.0,0.0,29,2,0,0,0,0,508,3
41,12,2022,2022-12-01,18,2,Rio de Janeiro,3304557,Capital,2,0,0,2,0,,2,1,,31,1,0,23,36,12,1,49,26,5,2,0,0,0.0,0,0,0.0,9,91,9,10,10,18,1.0,56,104,0,6,0,84,2,1.0,0.0,1.0,10,9.0,0.0,0.0,0.0,43,6,0,0,0,0,566,3
42,12,2022,2022-12-01,31,2,Rio de Janeiro,3304557,Capital,1,0,0,1,0,,1,0,,68,9,0,41,30,14,4,48,19,0,6,1,0,1.0,0,0,0.0,7,82,54,19,29,61,10.0,123,296,0,6,2,276,32,30.0,1.0,1.0,11,24.0,8.0,7.0,0.0,77,7,1,0,0,0,1289,3
43,12,2022,2022-12-01,27,2,Rio de Janeiro,3304557,Capital,2,0,0,2,0,,2,3,,68,7,7,37,20,6,9,35,4,1,7,1,0,0.0,0,0,0.0,5,53,13,3,3,8,0.0,44,71,0,5,1,57,1,0.0,1.0,0.0,4,15.0,0.0,1.0,0.0,82,6,0,0,0,0,511,3
44,12,2022,2022-12-01,3,1,Rio de Janeiro,3304557,Capital,5,0,0,5,3,,8,3,,33,3,0,28,47,8,2,57,40,12,0,3,0,0.0,0,0,0.0,46,158,18,5,3,24,0.0,64,114,0,3,0,74,4,1.0,2.0,1.0,8,19.0,3.0,3.0,1.0,17,3,0,0,0,0,636,3
48,12,2022,2022-12-01,24,3,Seropédica,3305554,Baixada Fluminense,1,0,0,1,0,,1,0,,32,4,2,14,3,4,1,8,6,2,0,0,0,0.0,0,0,0.0,4,20,0,1,0,4,2.0,14,21,0,1,2,16,7,6.0,1.0,0.0,2,21.0,1.0,2.0,0.0,19,5,0,0,0,0,181,3
50,12,2022,2022-12-01,24,3,Itaguaí,3302007,Baixada Fluminense,5,1,0,6,0,,6,4,,51,5,7,10,16,10,0,26,10,2,2,2,0,0.0,0,0,0.0,8,50,11,5,1,12,1.0,40,70,0,2,0,56,50,48.0,2.0,0.0,6,16.0,0.0,10.0,0.0,36,6,2,0,0,0,484,3
51,12,2022,2022-12-01,24,3,Paracambi,3303609,Baixada Fluminense,0,0,0,0,0,,0,0,,28,3,0,3,0,1,0,1,1,1,1,0,0,0.0,0,0,0.0,2,6,1,1,0,1,0.0,4,7,0,1,0,21,16,12.0,3.0,1.0,0,14.0,0.0,2.0,0.0,26,2,0,0,0,0,139,3
52,12,2022,2022-12-01,20,3,Nova Iguaçu,3303500,Baixada Fluminense,0,0,0,0,0,,0,1,,65,4,0,21,50,17,8,75,33,4,5,2,0,0.0,0,3,0.0,27,149,32,14,6,30,2.0,163,247,0,0,0,154,5,2.0,3.0,0.0,10,40.0,0.0,12.0,1.0,54,9,0,0,0,0,892,3
53,12,2022,2022-12-01,20,3,Mesquita,3302858,Baixada Fluminense,2,0,0,2,3,,5,9,,47,11,1,11,51,22,11,84,16,0,3,1,0,0.0,0,0,0.0,8,112,30,9,1,10,2.0,55,107,0,4,0,73,9,0.0,8.0,1.0,11,30.0,0.0,4.0,0.0,45,7,1,0,0,0,556,3
54,12,2022,2022-12-01,39,3,Belford Roxo,3300456,Baixada Fluminense,5,0,0,5,3,,8,12,,141,8,0,24,101,27,24,152,111,15,8,2,0,0.0,0,1,0.0,18,307,49,16,2,16,1.0,43,127,0,9,2,248,7,1.0,6.0,0.0,36,26.0,10.0,18.0,0.0,138,24,1,0,0,0,1239,3
55,12,2022,2022-12-01,24,3,Queimados,3304144,Baixada Fluminense,0,0,0,0,7,,7,4,,69,7,1,12,18,10,3,31,8,0,2,0,0,0.0,0,1,0.0,3,45,17,2,0,5,0.0,59,83,0,2,0,61,6,2.0,4.0,0.0,6,27.0,3.0,3.0,0.0,79,9,0,0,0,0,488,3
56,12,2022,2022-12-01,20,3,Nova Iguaçu,3303500,Baixada Fluminense,15,0,1,16,3,,19,1,,97,11,0,19,52,18,18,88,37,5,6,2,0,0.0,0,1,0.0,31,170,29,2,0,9,1.0,35,76,0,4,0,73,5,0.0,5.0,0.0,15,29.0,2.0,11.0,0.0,87,13,2,0,0,0,695,3
57,12,2022,2022-12-01,20,3,Nilópolis,3303203,Baixada Fluminense,2,0,0,2,0,,2,2,,70,0,1,12,56,13,1,70,18,6,0,1,0,0.0,0,0,0.0,12,107,14,7,0,15,2.0,62,100,0,0,0,105,5,1.0,5.0,0.0,6,27.0,0.0,3.0,0.0,45,7,0,0,0,0,568,3
58,12,2022,2022-12-01,20,3,Nova Iguaçu,3303500,Baixada Fluminense,11,0,0,11,5,,16,6,,150,8,3,29,73,28,22,123,45,3,3,1,0,0.0,0,1,1.0,30,207,30,1,2,10,0.0,60,103,0,3,0,151,4,2.0,2.0,0.0,17,37.0,0.0,7.0,0.0,114,14,0,0,0,0,1061,3
59,12,2022,2022-12-01,15,3,Duque de Caxias,3301702,Baixada Fluminense,4,0,0,4,2,,6,8,,109,5,0,32,149,65,36,250,146,50,6,1,0,0.0,1,15,0.0,51,520,76,53,14,25,0.0,233,401,0,1,0,169,9,3.0,6.0,0.0,105,68.0,4.0,8.0,0.0,79,8,0,0,0,0,1692,3
60,12,2022,2022-12-01,15,3,Duque de Caxias,3301702,Baixada Fluminense,7,0,0,7,2,,9,4,,61,3,3,18,45,14,13,72,96,32,1,1,0,0.0,0,0,0.0,26,228,22,2,1,7,0.0,40,72,0,1,0,50,2,1.0,1.0,0.0,33,30.0,6.0,19.0,0.0,44,15,0,0,0,0,654,3
61,12,2022,2022-12-01,15,3,Duque de Caxias,3301702,Baixada Fluminense,1,0,0,1,0,,1,1,,29,3,2,8,5,4,1,10,9,1,0,1,0,0.0,0,0,0.0,0,21,4,1,0,2,1.0,17,25,0,1,0,28,0,0.0,0.0,0.0,1,10.0,0.0,1.0,0.0,19,2,1,0,0,0,179,3
62,12,2022,2022-12-01,15,3,Duque de Caxias,3301702,Baixada Fluminense,1,0,0,1,0,,1,1,,47,6,0,8,39,10,8,57,44,13,1,2,0,0.0,0,0,0.0,13,130,18,2,1,5,1.0,23,50,0,3,0,73,6,0.0,6.0,0.0,19,24.0,1.0,6.0,0.0,41,7,0,0,0,0,476,3
63,12,2022,2022-12-01,24,3,Japeri,3302270,Baixada Fluminense,0,0,0,0,6,,6,3,,30,6,0,3,5,3,1,9,6,1,1,0,0,0.0,0,0,0.0,2,19,3,0,1,2,0.0,9,15,0,0,0,13,6,3.0,3.0,0.0,2,16.0,0.0,1.0,0.0,25,2,0,0,0,0,158,3
64,12,2022,2022-12-01,21,3,São João de Meriti,3305109,Baixada Fluminense,7,0,0,7,1,,8,5,,112,5,3,31,100,15,58,173,101,38,5,2,0,0.0,0,0,0.0,45,364,48,11,12,9,0.0,73,153,0,1,1,99,18,1.0,16.0,1.0,18,50.0,3.0,3.0,0.0,64,17,0,0,0,0,1084,3
65,12,2022,2022-12-01,34,3,Magé,3302502,Baixada Fluminense,2,0,0,2,0,,2,1,,17,5,2,9,7,3,1,11,5,1,3,0,0,0.0,0,0,0.0,0,20,6,1,3,2,2.0,27,41,0,0,0,45,2,0.0,2.0,0.0,2,7.0,0.0,2.0,0.0,26,1,0,0,0,0,232,3
66,12,2022,2022-12-01,34,3,Magé,3302502,Baixada Fluminense,3,0,0,3,0,,3,1,,85,10,0,24,12,7,1,20,6,3,1,1,0,0.0,0,0,0.0,1,32,15,3,0,6,2.0,54,80,0,0,0,68,0,0.0,0.0,0.0,3,26.0,2.0,7.0,0.0,70,4,0,0,0,0,449,3
67,12,2022,2022-12-01,34,3,Guapimirim,3301850,Baixada Fluminense,0,0,0,0,0,,0,1,,23,2,1,14,3,2,0,5,2,2,0,4,0,0.0,0,0,0.0,0,13,1,0,0,2,0.0,19,22,0,1,0,26,8,2.0,5.0,1.0,1,14.0,1.0,4.0,0.0,30,0,0,0,0,0,207,3
1,1,2023,2023-01-01,5,1,Rio de Janeiro,3304557,Capital,0,0,0,0,0,,0,0,,12,0,0,2,46,14,3,63,2,0,0,0,0,0.0,0,4,0.0,3,72,7,141,17,111,5.0,76,357,0,5,0,124,2,2.0,0.0,0.0,0,16.0,1.0,5.0,0.0,12,2,0,0,0,0,772,3
4,1,2023,2023-01-01,5,1,Rio de Janeiro,3304557,Capital,0,0,0,0,0,,0,2,,24,0,1,6,65,17,23,105,2,1,0,0,0,0.0,0,0,0.0,8,116,1,44,38,84,0.0,111,278,0,2,0,42,7,1.0,5.0,1.0,2,25.0,1.0,9.0,1.0,14,4,0,0,0,0,614,3
5,1,2023,2023-01-01,5,1,Rio de Janeiro,3304557,Capital,1,0,1,2,0,,2,0,,56,3,0,10,120,51,6,177,4,0,3,1,0,0.0,0,0,0.0,24,209,9,125,15,193,9.0,162,513,0,1,0,128,12,7.0,3.0,2.0,5,24.0,5.0,14.0,1.0,30,4,0,0,0,0,1258,3
6,1,2023,2023-01-01,4,1,Rio de Janeiro,3304557,Capital,2,0,0,2,0,,2,1,,32,2,1,16,10,8,3,21,3,0,0,0,0,0.0,0,0,0.0,1,25,4,16,18,40,0.0,41,119,0,0,0,46,1,1.0,0.0,0.0,5,14.0,2.0,2.0,2.0,19,3,0,0,0,0,360,3
7,1,2023,2023-01-01,5,1,Rio de Janeiro,3304557,Capital,1,0,0,1,0,,1,0,,21,0,0,1,14,7,2,23,3,1,0,0,0,0.0,0,0,0.0,3,30,1,10,3,12,1.0,18,45,0,1,0,40,3,1.0,2.0,0.0,1,6.0,0.0,0.0,1.0,18,1,0,0,0,0,232,3
9,1,2023,2023-01-01,2,1,Rio de Janeiro,3304557,Capital,0,0,0,0,0,,0,1,,30,1,0,20,50,31,10,91,9,0,1,0,0,0.0,0,0,0.0,4,105,20,66,9,207,4.0,133,439,0,3,1,159,18,17.0,1.0,0.0,3,31.0,3.0,5.0,0.0,26,4,0,0,0,0,1013,3
10,1,2023,2023-01-01,2,1,Rio de Janeiro,3304557,Capital,0,0,0,0,0,,0,0,,20,0,2,19,30,12,4,46,5,0,3,0,0,0.0,0,2,4.0,9,69,21,18,33,109,11.0,186,378,0,9,0,146,7,6.0,1.0,0.0,3,20.0,2.0,5.0,0.0,31,5,1,0,0,0,925,3
11,1,2023,2023-01-01,23,1,Rio de Janeiro,3304557,Capital,3,0,0,3,0,,3,0,,10,0,0,4,0,1,0,1,0,0,0,0,0,0.0,0,0,0.0,0,1,1,2,1,0,0.0,6,10,0,2,0,26,2,2.0,0.0,0.0,1,15.0,0.0,1.0,0.0,12,4,0,0,0,0,99,3
12,1,2023,2023-01-01,19,1,Rio de Janeiro,3304557,Capital,2,0,0,2,0,,2,0,,42,0,1,9,54,74,4,132,0,0,4,1,0,0.0,0,0,4.0,18,159,15,148,13,286,37.0,253,752,0,3,0,215,17,14.0,3.0,0.0,1,42.0,17.0,10.0,6.0,38,9,0,0,0,0,1534,3
13,1,2023,2023-01-01,19,1,Rio de Janeiro,3304557,Capital,0,0,0,0,0,,0,0,,17,3,0,2,14,13,0,27,0,0,1,0,0,0.0,0,0,0.0,7,35,10,60,6,94,10.0,190,370,0,3,0,101,5,4.0,1.0,0.0,2,22.0,1.0,1.0,0.0,15,8,0,0,0,0,710,3
14,1,2023,2023-01-01,23,1,Rio de Janeiro,3304557,Capital,0,0,0,0,0,,0,0,,12,2,0,15,35,12,1,48,0,0,2,0,0,0.0,0,0,2.0,9,61,28,77,4,146,33.0,171,459,0,3,0,190,10,7.0,3.0,0.0,4,37.0,14.0,3.0,4.0,16,12,0,0,0,0,971,3
15,1,2023,2023-01-01,23,1,Rio de Janeiro,3304557,Capital,0,0,0,0,0,,0,0,,19,1,0,12,11,15,3,29,3,0,2,0,0,0.0,0,0,0.0,2,36,10,13,4,59,2.0,47,135,0,2,0,121,4,2.0,2.0,0.0,6,9.0,7.0,4.0,1.0,16,2,0,0,0,0,474,3
16,1,2023,2023-01-01,31,2,Rio de Janeiro,3304557,Capital,2,0,0,2,0,,2,0,,80,4,1,29,72,28,10,110,7,0,3,1,0,0.0,0,0,0.0,22,143,60,48,50,154,10.0,329,651,0,9,0,413,13,12.0,1.0,0.0,7,91.0,30.0,23.0,5.0,71,5,0,0,0,0,1871,3
17,1,2023,2023-01-01,4,1,Rio de Janeiro,3304557,Capital,1,0,0,1,1,,2,0,,26,2,0,23,31,15,14,60,17,1,1,1,0,0.0,0,1,0.0,7,88,9,9,24,55,0.0,112,209,0,1,0,38,4,2.0,2.0,0.0,2,19.0,5.0,13.0,1.0,36,7,1,0,0,0,655,3
18,1,2023,2023-01-01,6,1,Rio de Janeiro,3304557,Capital,0,0,0,0,0,,0,1,,18,0,0,13,31,22,5,58,11,0,0,0,0,0.0,0,0,0.0,7,76,8,19,11,60,1.0,96,195,0,0,0,94,6,6.0,0.0,0.0,3,9.0,3.0,1.0,1.0,21,0,0,0,0,0,588,3
19,1,2023,2023-01-01,6,1,Rio de Janeiro,3304557,Capital,1,0,0,1,0,,1,3,,22,2,1,17,28,20,0,48,8,0,3,1,0,0.0,0,1,0.0,9,70,7,44,10,32,2.0,116,211,0,2,0,222,7,4.0,3.0,0.0,4,32.0,8.0,7.0,0.0,33,7,2,0,0,0,822,3
20,1,2023,2023-01-01,6,1,Rio de Janeiro,3304557,Capital,0,0,0,0,0,,0,0,,39,0,0,8,39,9,2,50,11,1,0,1,0,1.0,0,0,0.0,12,76,8,8,16,20,9.0,119,180,0,0,0,128,11,7.0,3.0,1.0,9,15.0,0.0,3.0,0.0,25,1,0,0,0,0,649,3
21,1,2023,2023-01-01,22,1,Rio de Janeiro,3304557,Capital,3,0,0,3,1,,4,10,,64,8,4,37,59,15,23,97,69,38,3,0,0,0.0,0,1,0.0,25,233,22,30,27,15,0.0,202,296,0,4,1,228,19,9.0,8.0,2.0,61,43.0,3.0,24.0,3.0,45,9,0,0,0,0,1333,3
22,1,2023,2023-01-01,16,1,Rio de Janeiro,3304557,Capital,2,0,0,2,3,,5,3,,59,1,2,16,45,7,2,54,15,13,4,0,0,0.0,0,1,0.0,8,95,22,11,7,16,0.0,111,167,0,17,0,111,9,2.0,7.0,0.0,18,38.0,0.0,8.0,1.0,57,7,0,0,0,0,749,3
23,1,2023,2023-01-01,3,1,Rio de Janeiro,3304557,Capital,1,0,0,1,0,,1,0,,10,1,0,4,28,21,0,49,16,0,0,0,0,0.0,0,0,0.0,6,71,8,13,5,19,1.0,66,112,0,4,0,67,0,0.0,0.0,0.0,4,6.0,3.0,6.0,1.0,17,1,0,0,0,0,425,3
24,1,2023,2023-01-01,3,1,Rio de Janeiro,3304557,Capital,1,0,0,1,1,,2,2,,36,5,0,15,50,28,2,80,53,1,0,1,0,0.0,0,2,0.0,17,154,15,9,6,22,1.0,53,106,0,4,0,93,5,0.0,1.0,4.0,11,17.0,2.0,3.0,0.0,34,2,0,0,0,0,583,3
25,1,2023,2023-01-01,3,1,Rio de Janeiro,3304557,Capital,0,0,0,0,1,,1,0,,27,3,2,6,26,13,5,44,11,2,2,0,0,0.0,0,0,0.0,16,75,4,8,8,28,0.0,75,123,0,3,0,84,21,2.0,12.0,7.0,22,23.0,2.0,8.0,0.0,42,6,0,0,0,0,554,3
26,1,2023,2023-01-01,3,1,Rio de Janeiro,3304557,Capital,2,0,0,2,0,,2,7,,30,2,1,13,29,22,1,52,27,1,0,1,0,0.0,0,0,0.0,9,90,7,9,12,12,0.0,79,119,0,2,0,91,6,1.0,3.0,2.0,9,12.0,4.0,4.0,2.0,31,5,0,0,0,0,542,3
27,1,2023,2023-01-01,41,2,Rio de Janeiro,3304557,Capital,1,0,1,2,1,,3,0,,45,3,1,19,57,33,3,93,99,5,1,0,0,0.0,0,1,1.0,29,229,15,6,6,9,1.0,110,147,0,4,0,120,4,0.0,4.0,0.0,34,31.0,1.0,9.0,0.0,43,9,1,0,0,0,844,3
28,1,2023,2023-01-01,18,2,Rio de Janeiro,3304557,Capital,0,0,0,0,1,,1,1,,40,2,0,6,19,14,3,36,22,1,0,1,0,1.0,0,0,0.0,4,65,17,3,18,15,0.0,55,108,0,2,0,97,7,4.0,2.0,1.0,4,10.0,2.0,4.0,0.0,29,8,2,0,0,0,541,3
29,1,2023,2023-01-01,9,2,Rio de Janeiro,3304557,Capital,7,1,0,8,4,,12,5,,58,5,1,22,87,36,12,135,110,5,4,0,0,1.0,0,1,0.0,41,297,26,24,26,26,0.0,145,247,0,2,0,179,9,2.0,5.0,2.0,43,38.0,2.0,9.0,0.0,67,7,1,0,0,0,1168,3
30,1,2023,2023-01-01,9,2,Rio de Janeiro,3304557,Capital,1,0,0,1,1,,2,0,,40,3,0,8,41,20,3,64,27,1,1,1,0,0.0,0,1,0.0,11,106,28,14,9,12,0.0,39,102,0,5,0,100,3,0.0,3.0,0.0,2,13.0,1.0,1.0,0.0,53,1,0,0,0,0,552,3
31,1,2023,2023-01-01,41,2,Rio de Janeiro,3304557,Capital,2,0,0,2,1,,3,8,,39,0,1,8,53,21,7,81,61,1,1,2,0,0.0,1,1,0.0,28,176,15,3,8,9,1.0,34,70,0,1,0,96,8,0.0,8.0,0.0,40,53.0,3.0,4.0,0.0,48,3,0,0,0,0,596,3
32,1,2023,2023-01-01,18,2,Rio de Janeiro,3304557,Capital,13,0,0,13,2,,15,5,,133,16,8,27,52,33,8,93,47,7,3,0,0,0.0,0,1,0.0,34,185,24,17,49,81,1.0,320,492,0,21,0,305,13,3.0,5.0,6.0,29,57.0,1.0,16.0,2.0,150,14,0,0,0,0,1964,3
33,1,2023,2023-01-01,14,2,Rio de Janeiro,3304557,Capital,4,0,0,4,1,,5,1,,90,4,4,20,35,20,4,59,41,6,6,0,0,0.0,0,1,0.0,12,125,21,4,2,11,5.0,50,93,0,3,0,169,5,2.0,3.0,0.0,18,34.0,0.0,4.0,0.0,77,4,0,0,0,0,971,3
34,1,2023,2023-01-01,14,2,Rio de Janeiro,3304557,Capital,8,1,0,9,5,,14,2,,107,9,0,37,57,21,4,82,72,18,2,1,0,0.0,0,2,0.0,25,202,22,11,6,18,4.0,77,138,0,6,0,223,17,6.0,11.0,0.0,33,44.0,2.0,22.0,0.0,80,4,0,0,0,0,1109,3
35,1,2023,2023-01-01,40,2,Rio de Janeiro,3304557,Capital,3,1,0,4,0,,4,5,,196,11,4,42,55,24,10,89,46,12,3,3,0,0.0,0,0,0.0,26,179,52,26,20,38,4.0,201,341,0,7,0,394,3,2.0,1.0,0.0,39,86.0,0.0,28.0,0.0,228,24,0,0,0,0,2130,3
36,1,2023,2023-01-01,27,2,Rio de Janeiro,3304557,Capital,1,0,0,1,1,,2,6,,92,9,2,17,16,6,4,26,27,5,2,2,0,0.0,0,0,0.0,8,70,26,8,7,7,1.0,54,103,0,3,0,95,2,0.0,2.0,0.0,20,27.0,0.0,10.0,0.0,85,12,1,0,0,0,662,3
37,1,2023,2023-01-01,17,1,Rio de Janeiro,3304557,Capital,5,0,0,5,0,,5,8,,45,5,0,27,18,4,1,23,6,1,0,1,0,0.0,0,0,0.0,4,35,20,9,5,17,3.0,90,144,0,6,0,172,25,5.0,19.0,1.0,11,18.0,3.0,4.0,0.0,59,3,0,0,0,0,766,3
38,1,2023,2023-01-01,16,1,Rio de Janeiro,3304557,Capital,4,0,0,4,0,,4,1,,34,6,1,11,54,23,3,80,21,7,5,0,0,0.0,0,0,0.0,19,132,17,12,3,11,1.0,47,91,0,4,0,96,7,1.0,4.0,2.0,56,17.0,0.0,8.0,0.0,30,11,0,0,0,0,640,3
39,1,2023,2023-01-01,41,2,Rio de Janeiro,3304557,Capital,4,0,0,4,2,,6,2,,42,3,1,3,49,20,28,97,55,7,2,1,0,0.0,0,0,0.0,15,177,12,16,10,23,0.0,61,122,0,1,0,88,2,2.0,0.0,0.0,64,9.0,0.0,2.0,1.0,15,2,1,0,0,0,695,3
40,1,2023,2023-01-01,9,2,Rio de Janeiro,3304557,Capital,3,0,0,3,0,,3,0,,42,3,1,5,40,12,5,57,66,2,3,2,0,0.0,0,0,0.0,25,155,8,5,7,9,1.0,39,69,0,1,0,90,2,0.0,2.0,0.0,41,9.0,1.0,4.0,0.0,41,0,0,0,0,0,556,3
41,1,2023,2023-01-01,18,2,Rio de Janeiro,3304557,Capital,2,0,0,2,1,,3,4,,30,2,1,28,22,9,4,35,16,4,9,0,0,0.0,0,0,1.0,8,73,7,9,12,23,0.0,73,124,0,8,0,91,10,2.0,7.0,1.0,9,17.0,0.0,6.0,0.0,40,4,0,0,0,0,626,3
42,1,2023,2023-01-01,31,2,Rio de Janeiro,3304557,Capital,1,0,0,1,0,,1,0,,49,11,2,28,44,15,5,64,21,1,3,1,0,0.0,0,0,0.0,13,103,58,20,29,72,15.0,151,345,0,6,0,282,57,53.0,3.0,1.0,15,34.0,2.0,9.0,0.0,90,2,0,0,0,0,1422,3
43,1,2023,2023-01-01,27,2,Rio de Janeiro,3304557,Capital,2,0,0,2,0,,2,0,,82,13,2,36,13,6,8,27,5,0,5,1,0,0.0,0,0,0.0,0,38,9,2,2,19,0.0,51,83,0,7,0,78,0,0.0,0.0,0.0,8,15.0,1.0,3.0,1.0,84,7,0,0,0,0,598,3
44,1,2023,2023-01-01,3,1,Rio de Janeiro,3304557,Capital,0,0,0,0,0,,0,0,,38,2,1,17,21,15,3,39,45,4,0,2,0,0.0,0,0,0.0,26,116,15,2,4,13,2.0,64,100,0,6,0,48,3,1.0,2.0,0.0,22,24.0,2.0,6.0,0.0,17,5,0,0,0,0,577,3
48,1,2023,2023-01-01,24,3,Seropédica,3305554,Baixada Fluminense,4,0,0,4,0,,4,5,,37,6,3,4,5,1,0,6,4,1,5,0,0,1.0,0,0,0.0,3,20,7,4,1,4,0.0,19,35,0,1,0,50,6,3.0,3.0,0.0,2,19.0,0.0,5.0,0.0,24,5,0,0,0,0,249,3
50,1,2023,2023-01-01,24,3,Itaguaí,3302007,Baixada Fluminense,2,0,0,2,5,,7,5,,46,3,0,10,9,7,0,16,4,0,1,2,0,0.0,0,1,0.0,3,27,13,4,2,8,1.0,37,65,0,2,0,64,17,13.0,4.0,0.0,10,22.0,0.0,11.0,0.0,46,6,1,0,0,0,416,3
51,1,2023,2023-01-01,24,3,Paracambi,3303609,Baixada Fluminense,1,0,0,1,0,,1,0,,10,0,1,11,2,0,0,2,0,0,0,0,0,0.0,0,1,0.0,0,3,0,1,0,1,0.0,6,8,0,1,0,15,10,7.0,2.0,2.0,1,3.0,0.0,1.0,0.0,19,0,0,0,0,0,92,3
52,1,2023,2023-01-01,20,3,Nova Iguaçu,3303500,Baixada Fluminense,3,0,1,4,0,,4,2,,48,4,1,13,30,27,10,67,40,2,3,0,0,1.0,1,2,0.0,27,143,23,10,3,7,2.0,106,151,0,1,1,180,8,7.0,1.0,0.0,7,40.0,0.0,9.0,0.0,54,11,0,0,0,0,910,3
53,1,2023,2023-01-01,20,3,Mesquita,3302858,Baixada Fluminense,3,0,0,3,1,,4,5,,59,7,0,7,35,20,22,77,28,0,2,1,0,0.0,0,0,0.0,6,114,16,8,3,14,3.0,41,85,0,4,0,87,10,1.0,7.0,2.0,8,23.0,2.0,1.0,0.0,40,7,0,0,0,0,537,3
54,1,2023,2023-01-01,39,3,Belford Roxo,3300456,Baixada Fluminense,14,0,0,14,1,,15,14,,151,14,1,28,106,26,21,153,91,9,2,1,0,0.0,0,3,0.0,21,280,44,18,3,13,1.0,68,147,0,21,0,213,18,2.0,16.0,0.0,48,65.0,4.0,16.0,1.0,150,13,0,0,0,0,1303,3
55,1,2023,2023-01-01,24,3,Queimados,3304144,Baixada Fluminense,1,0,0,1,3,,4,7,,76,4,1,15,26,5,2,33,5,1,1,1,0,0.0,1,3,0.0,3,48,12,5,2,5,0.0,53,77,0,0,0,72,2,0.0,1.0,1.0,6,24.0,4.0,4.0,0.0,72,6,0,0,0,0,479,3
56,1,2023,2023-01-01,20,3,Nova Iguaçu,3303500,Baixada Fluminense,7,0,0,7,4,,11,3,,84,16,2,23,66,25,11,102,23,7,5,2,0,0.0,0,1,0.0,25,165,23,2,0,8,0.0,60,93,0,1,0,80,9,0.0,9.0,0.0,13,28.0,2.0,16.0,0.0,80,11,0,0,0,0,730,3
57,1,2023,2023-01-01,20,3,Nilópolis,3303203,Baixada Fluminense,1,0,0,1,0,,1,1,,47,2,1,11,52,10,3,65,7,1,0,1,0,0.0,0,1,0.0,7,82,20,13,0,9,0.0,57,99,0,2,0,93,8,5.0,3.0,0.0,8,15.0,7.0,3.0,0.0,35,2,0,0,0,0,481,3
58,1,2023,2023-01-01,20,3,Nova Iguaçu,3303500,Baixada Fluminense,5,0,0,5,1,,6,0,,132,20,5,30,68,12,10,90,50,7,2,1,0,0.0,0,0,0.0,16,166,20,4,2,9,0.0,67,102,0,1,0,114,5,1.0,4.0,0.0,18,31.0,4.0,8.0,0.0,133,14,0,0,0,0,979,3
59,1,2023,2023-01-01,15,3,Duque de Caxias,3301702,Baixada Fluminense,6,0,0,6,4,,10,3,,102,11,3,34,153,69,32,254,99,46,2,4,0,0.0,1,12,1.0,35,454,62,53,7,31,2.0,181,336,0,0,0,174,6,2.0,4.0,0.0,111,39.0,2.0,8.0,0.0,88,21,1,0,0,0,1670,3
60,1,2023,2023-01-01,15,3,Duque de Caxias,3301702,Baixada Fluminense,5,0,0,5,4,,9,8,,58,10,6,24,35,17,18,70,63,23,2,0,0,0.0,0,0,0.0,21,179,20,1,1,4,0.0,31,57,0,3,0,87,11,1.0,10.0,0.0,27,25.0,2.0,14.0,0.0,55,10,0,0,0,0,670,3
61,1,2023,2023-01-01,15,3,Duque de Caxias,3301702,Baixada Fluminense,0,0,0,0,0,,0,0,,29,2,0,5,6,4,1,11,5,4,0,0,0,0.0,0,0,0.0,2,22,3,2,0,1,1.0,15,22,0,0,0,23,0,0.0,0.0,0.0,1,9.0,0.0,2.0,0.0,25,0,0,0,0,0,174,3
62,1,2023,2023-01-01,15,3,Duque de Caxias,3301702,Baixada Fluminense,5,0,0,5,2,,7,1,,64,7,1,13,33,14,16,63,23,3,2,2,0,0.0,0,1,0.0,4,98,8,3,2,4,0.0,27,44,0,5,0,103,5,0.0,5.0,0.0,14,15.0,0.0,1.0,0.0,49,7,0,0,0,0,479,3
63,1,2023,2023-01-01,24,3,Japeri,3302270,Baixada Fluminense,3,0,0,3,6,,9,0,,43,4,0,0,7,0,0,7,7,0,0,0,0,0.0,0,0,0.0,1,15,4,0,0,6,0.0,6,16,0,1,0,15,10,4.0,6.0,0.0,2,20.0,2.0,3.0,0.0,31,3,0,0,0,0,184,3
64,1,2023,2023-01-01,21,3,São João de Meriti,3305109,Baixada Fluminense,12,0,1,13,2,,15,9,,111,16,1,25,139,36,76,251,87,27,6,0,0,1.0,0,1,0.0,52,425,42,12,6,16,0.0,127,203,0,3,0,234,12,0.0,12.0,0.0,33,57.0,8.0,9.0,1.0,131,12,0,0,0,0,1508,3
65,1,2023,2023-01-01,34,3,Magé,3302502,Baixada Fluminense,1,0,0,1,1,,2,8,,27,3,1,12,6,2,0,8,5,1,0,0,0,0.0,1,0,0.0,1,16,7,3,0,3,2.0,27,42,0,0,0,38,12,0.0,12.0,0.0,2,16.0,2.0,3.0,0.0,33,4,0,0,0,0,256,3
66,1,2023,2023-01-01,34,3,Magé,3302502,Baixada Fluminense,3,0,0,3,0,,3,6,,85,7,2,19,13,3,3,19,4,1,0,1,0,0.0,0,0,0.0,5,30,10,7,0,13,3.0,38,71,0,0,0,40,0,0.0,0.0,0.0,4,24.0,0.0,8.0,0.0,74,4,1,0,0,0,423,3
67,1,2023,2023-01-01,34,3,Guapimirim,3301850,Baixada Fluminense,0,0,0,0,1,,1,1,,24,1,1,22,4,0,0,4,4,2,0,0,0,0.0,0,0,0.0,1,11,1,1,0,1,2.0,17,22,0,1,0,44,9,4.0,5.0,0.0,3,7.0,3.0,5.0,0.0,19,3,0,0,0,0,245,3
1,2,2023,2023-02-01,5,1,Rio de Janeiro,3304557,Capital,0,0,1,1,0,,1,0,,15,3,0,15,135,29,4,168,1,0,0,0,0,0.0,0,1,0.0,3,173,5,411,21,292,3.0,97,829,0,3,0,71,2,2.0,0.0,0.0,1,20.0,2.0,9.0,1.0,15,0,0,0,0,0,1298,3
4,2,2023,2023-02-01,5,1,Rio de Janeiro,3304557,Capital,1,0,0,1,0,,1,0,,32,2,2,10,49,25,14,88,5,1,0,0,0,0.0,0,0,0.0,2,96,5,53,23,94,0.0,88,263,0,1,0,32,3,1.0,2.0,0.0,7,14.0,6.0,14.0,2.0,20,1,0,0,0,0,619,3
5,2,2023,2023-02-01,5,1,Rio de Janeiro,3304557,Capital,0,0,0,0,0,,0,0,,66,2,0,9,153,78,7,238,4,0,3,0,0,0.0,0,1,0.0,11,257,13,227,7,401,3.0,177,828,0,4,1,109,6,6.0,0.0,0.0,2,55.0,7.0,20.0,2.0,37,6,0,0,0,0,1601,3
6,2,2023,2023-02-01,4,1,Rio de Janeiro,3304557,Capital,2,0,0,2,2,,4,7,,33,1,0,21,20,6,4,30,4,0,1,1,0,0.0,0,0,0.0,5,41,5,33,17,61,2.0,76,194,0,1,0,45,2,1.0,1.0,0.0,14,9.0,1.0,3.0,2.0,22,0,0,0,0,0,513,3
7,2,2023,2023-02-01,5,1,Rio de Janeiro,3304557,Capital,0,0,0,0,0,,0,0,,18,1,0,9,19,8,3,30,0,0,0,0,0,0.0,0,0,0.0,5,35,11,55,1,90,2.0,28,187,0,0,0,31,7,1.0,2.0,4.0,3,4.0,1.0,3.0,1.0,10,1,0,0,0,0,367,3
9,2,2023,2023-02-01,2,1,Rio de Janeiro,3304557,Capital,0,0,0,0,0,,0,0,,40,1,2,12,105,51,29,185,20,0,3,0,0,0.0,0,0,1.0,12,221,15,157,7,344,12.0,184,719,0,1,0,153,6,6.0,0.0,0.0,3,26.0,5.0,3.0,0.0,20,2,0,0,0,0,1381,3
10,2,2023,2023-02-01,2,1,Rio de Janeiro,3304557,Capital,0,0,0,0,0,,0,0,,25,2,3,13,45,20,12,77,10,1,0,1,0,0.0,0,0,0.0,7,96,11,32,24,182,19.0,189,457,0,6,1,166,1,1.0,0.0,0.0,0,16.0,5.0,3.0,1.0,36,6,1,0,0,0,1049,3
11,2,2023,2023-02-01,23,1,Rio de Janeiro,3304557,Capital,0,0,0,0,0,,0,0,,13,4,0,1,0,0,0,0,0,0,0,0,0,0.0,0,0,0.0,0,0,0,2,0,1,0.0,7,10,0,1,0,18,1,1.0,0.0,0.0,0,16.0,0.0,1.0,0.0,13,2,0,0,0,0,79,3
12,2,2023,2023-02-01,19,1,Rio de Janeiro,3304557,Capital,2,0,0,2,0,,2,3,,33,5,0,9,32,31,4,67,0,0,4,1,0,0.0,0,1,2.0,14,89,8,120,10,171,18.0,215,542,0,3,1,189,13,9.0,4.0,0.0,3,46.0,9.0,15.0,6.0,37,11,0,0,0,0,1199,3
13,2,2023,2023-02-01,19,1,Rio de Janeiro,3304557,Capital,0,0,0,0,0,,0,0,,29,2,0,5,18,7,1,26,0,0,0,1,0,0.0,0,0,0.0,4,31,12,42,3,37,8.0,96,198,0,4,0,94,6,5.0,0.0,1.0,1,12.0,8.0,0.0,2.0,12,1,0,0,0,0,513,3
14,2,2023,2023-02-01,23,1,Rio de Janeiro,3304557,Capital,1,0,0,1,2,,3,0,,30,1,2,8,33,26,1,60,0,0,1,2,0,0.0,0,0,0.0,17,80,19,113,2,308,27.0,214,683,0,5,0,189,11,10.0,1.0,0.0,2,27.0,9.0,5.0,2.0,20,9,0,0,0,0,1251,3
15,2,2023,2023-02-01,23,1,Rio de Janeiro,3304557,Capital,0,0,0,0,0,,0,0,,19,2,1,18,9,8,1,18,7,0,0,0,0,0.0,0,0,0.0,2,27,5,44,7,101,4.0,54,215,0,4,0,102,7,5.0,2.0,0.0,1,16.0,0.0,4.0,1.0,27,1,0,0,0,0,567,3
16,2,2023,2023-02-01,31,2,Rio de Janeiro,3304557,Capital,0,0,0,0,3,,3,4,,79,3,4,38,46,20,5,71,3,0,1,0,0,0.0,0,0,1.0,17,93,36,38,28,124,4.0,273,503,0,5,0,378,15,9.0,6.0,0.0,9,69.0,25.0,14.0,11.0,92,5,0,0,0,0,1629,3
17,2,2023,2023-02-01,4,1,Rio de Janeiro,3304557,Capital,3,0,0,3,0,,3,0,,28,2,1,16,20,10,29,59,7,1,3,0,0,0.0,0,0,0.0,6,76,14,4,19,36,1.0,99,173,0,3,0,41,4,2.0,2.0,0.0,14,28.0,1.0,4.0,3.0,13,2,0,0,0,0,593,3
18,2,2023,2023-02-01,6,1,Rio de Janeiro,3304557,Capital,0,0,0,0,0,,0,0,,23,0,1,16,44,38,10,92,16,0,3,0,0,0.0,0,0,0.0,9,120,3,16,8,95,1.0,83,206,0,0,0,59,7,7.0,0.0,0.0,1,17.0,1.0,3.0,1.0,14,2,0,0,0,0,654,3
19,2,2023,2023-02-01,6,1,Rio de Janeiro,3304557,Capital,1,0,0,1,0,,1,1,,32,2,0,13,21,11,1,33,14,0,2,0,0,0.0,0,1,1.0,3,54,2,33,12,28,1.0,85,161,0,8,0,173,5,2.0,3.0,1.0,1,20.0,0.0,12.0,2.0,34,3,0,0,0,0,710,3
20,2,2023,2023-02-01,6,1,Rio de Janeiro,3304557,Capital,0,0,0,0,0,,0,4,,36,0,0,9,19,17,6,42,19,0,0,2,0,0.0,0,0,0.0,11,74,5,19,11,20,2.0,99,156,0,3,0,108,6,4.0,1.0,1.0,3,15.0,2.0,3.0,1.0,42,2,0,0,0,0,629,3
21,2,2023,2023-02-01,22,1,Rio de Janeiro,3304557,Capital,1,0,0,1,1,,2,5,,59,5,3,35,44,9,12,65,56,27,5,0,0,0.0,0,0,0.0,20,173,19,16,29,30,1.0,177,272,0,2,0,146,9,2.0,4.0,3.0,59,32.0,1.0,23.0,1.0,50,8,0,0,0,0,1164,3
22,2,2023,2023-02-01,16,1,Rio de Janeiro,3304557,Capital,2,0,0,2,0,,2,3,,58,4,1,17,36,6,6,48,12,8,3,0,0,0.0,0,0,0.0,3,74,12,6,11,10,2.0,101,142,0,6,1,109,6,1.0,4.0,1.0,12,25.0,0.0,12.0,2.0,50,9,0,0,0,0,710,3
23,2,2023,2023-02-01,3,1,Rio de Janeiro,3304557,Capital,1,0,0,1,2,,3,0,,20,1,0,4,33,14,1,48,18,0,0,0,0,0.0,0,0,0.0,12,78,10,5,8,14,2.0,72,111,0,2,0,54,1,1.0,0.0,0.0,4,8.0,5.0,2.0,3.0,23,3,0,0,0,0,428,3
24,2,2023,2023-02-01,3,1,Rio de Janeiro,3304557,Capital,1,0,0,1,3,,4,0,,16,0,0,8,33,26,3,62,56,1,2,1,0,0.0,0,0,0.0,14,136,7,11,13,17,0.0,43,91,0,1,0,73,4,0.0,3.0,1.0,6,14.0,0.0,2.0,0.0,44,5,0,0,0,0,524,3
25,2,2023,2023-02-01,3,1,Rio de Janeiro,3304557,Capital,1,0,0,1,2,,3,1,,25,4,0,15,10,16,5,31,16,5,2,1,0,0.0,0,0,0.0,13,68,7,5,7,28,0.0,49,96,0,0,0,58,15,6.0,9.0,0.0,12,23.0,0.0,2.0,0.0,36,6,0,0,0,0,422,3
26,2,2023,2023-02-01,3,1,Rio de Janeiro,3304557,Capital,0,0,0,0,0,,0,0,,28,4,0,17,26,14,4,44,11,1,2,1,0,0.0,0,1,0.0,17,77,1,10,3,24,0.0,75,113,0,2,0,58,3,1.0,1.0,1.0,6,17.0,5.0,0.0,1.0,30,4,0,0,0,0,508,3
27,2,2023,2023-02-01,41,2,Rio de Janeiro,3304557,Capital,2,0,0,2,4,,6,0,,41,2,1,10,56,29,8,93,102,6,5,0,0,0.0,1,0,0.0,22,229,28,5,2,18,0.0,97,150,0,4,0,102,5,2.0,3.0,0.0,18,31.0,1.0,7.0,0.0,52,11,1,1,0,0,794,3
28,2,2023,2023-02-01,18,2,Rio de Janeiro,3304557,Capital,3,0,0,3,2,,5,5,,45,3,0,5,15,3,2,20,32,0,0,1,0,0.0,0,0,0.0,8,61,1,6,11,13,0.0,36,67,0,3,0,92,5,0.0,5.0,0.0,14,25.0,1.0,4.0,0.0,32,4,0,0,0,0,464,3
29,2,2023,2023-02-01,9,2,Rio de Janeiro,3304557,Capital,2,0,0,2,3,,5,0,,56,3,2,17,105,27,10,142,74,5,6,0,0,0.0,0,1,0.0,40,268,17,46,24,40,1.0,130,258,0,5,0,144,4,0.0,4.0,0.0,44,30.0,2.0,5.0,1.0,37,3,0,0,0,0,1072,3
30,2,2023,2023-02-01,9,2,Rio de Janeiro,3304557,Capital,3,0,0,3,0,,3,0,,51,2,0,13,55,10,1,66,15,3,1,0,0,0.0,0,1,0.0,9,95,23,25,4,21,1.0,34,108,0,2,0,72,4,0.0,4.0,0.0,5,11.0,3.0,3.0,0.0,43,1,0,0,1,0,522,3
31,2,2023,2023-02-01,41,2,Rio de Janeiro,3304557,Capital,3,0,0,3,2,,5,3,,46,0,2,5,50,6,8,64,55,12,2,1,0,0.0,0,0,0.0,15,149,12,4,3,5,1.0,26,51,0,1,0,59,6,1.0,3.0,2.0,34,61.0,0.0,1.0,1.0,31,6,0,0,0,0,519,3
32,2,2023,2023-02-01,18,2,Rio de Janeiro,3304557,Capital,8,0,0,8,6,,14,14,,160,10,2,36,53,20,7,80,27,8,3,3,0,0.0,1,0,0.0,36,158,34,17,40,36,3.0,286,416,0,12,0,284,11,1.0,9.0,1.0,16,73.0,1.0,30.0,3.0,148,17,0,0,0,0,1753,3
33,2,2023,2023-02-01,14,2,Rio de Janeiro,3304557,Capital,13,0,0,13,1,,14,4,,81,6,0,22,35,19,3,57,44,16,3,1,0,0.0,0,0,0.0,11,132,23,7,3,17,0.0,54,104,0,1,0,125,3,1.0,2.0,0.0,21,23.0,2.0,7.0,1.0,60,8,1,0,0,0,858,3
34,2,2023,2023-02-01,14,2,Rio de Janeiro,3304557,Capital,10,0,0,10,8,,18,2,,96,7,1,16,56,28,8,92,52,5,2,0,0,0.0,0,0,1.0,20,172,19,18,10,28,5.0,79,159,0,4,0,71,19,2.0,13.0,5.0,50,47.0,2.0,20.0,0.0,80,6,1,0,0,0,962,3
35,2,2023,2023-02-01,40,2,Rio de Janeiro,3304557,Capital,3,1,0,4,0,,4,5,,229,9,1,64,60,31,5,96,26,11,2,0,0,1.0,0,0,0.0,24,160,35,49,13,63,3.0,178,341,0,2,0,310,0,0.0,0.0,0.0,15,84.0,3.0,24.0,0.0,173,25,0,0,0,0,1967,3
36,2,2023,2023-02-01,27,2,Rio de Janeiro,3304557,Capital,1,0,0,1,0,,1,3,,128,8,7,22,12,14,6,32,17,1,1,0,0,0.0,0,0,0.0,5,56,19,4,4,12,1.0,46,86,0,2,0,107,0,0.0,0.0,0.0,20,38.0,0.0,8.0,1.0,81,10,1,0,0,0,763,3
37,2,2023,2023-02-01,17,1,Rio de Janeiro,3304557,Capital,2,0,0,2,0,,2,0,,41,3,1,13,10,6,2,18,4,3,0,1,0,0.0,2,0,0.0,1,29,12,21,3,20,4.0,68,128,0,5,0,98,7,1.0,5.0,1.0,11,24.0,2.0,6.0,2.0,53,10,0,0,0,0,586,3
38,2,2023,2023-02-01,16,1,Rio de Janeiro,3304557,Capital,1,0,0,1,2,,3,2,,55,1,0,24,36,20,3,59,42,17,1,1,0,0.0,0,1,1.0,17,139,14,4,4,8,0.0,40,70,0,4,0,70,12,0.0,8.0,4.0,63,17.0,5.0,4.0,1.0,34,6,0,0,0,0,596,3
39,2,2023,2023-02-01,41,2,Rio de Janeiro,3304557,Capital,5,0,0,5,0,,5,0,,29,6,1,13,51,12,16,79,45,5,1,1,0,0.0,0,0,0.0,12,143,12,7,5,19,0.0,51,94,0,0,1,53,2,0.0,1.0,1.0,35,21.0,1.0,5.0,1.0,19,4,0,0,0,0,544,3
40,2,2023,2023-02-01,9,2,Rio de Janeiro,3304557,Capital,5,0,0,5,0,,5,0,,32,2,1,12,44,10,14,68,48,7,0,0,0,0.0,0,0,0.0,13,136,4,5,6,8,1.0,45,69,0,0,0,46,1,0.0,1.0,0.0,48,5.0,0.0,3.0,0.0,24,2,0,0,0,0,490,3
41,2,2023,2023-02-01,18,2,Rio de Janeiro,3304557,Capital,1,0,0,1,5,,6,1,,42,2,0,11,28,11,4,43,10,2,2,0,0,0.0,0,0,0.0,6,63,7,9,12,11,1.0,69,109,0,6,0,89,4,2.0,2.0,0.0,9,17.0,3.0,3.0,0.0,48,4,0,0,0,0,614,3
42,2,2023,2023-02-01,31,2,Rio de Janeiro,3304557,Capital,6,0,0,6,0,,6,1,,89,4,1,33,30,17,1,48,7,1,1,1,0,0.0,0,0,1.0,7,66,56,21,18,70,19.0,155,339,0,5,0,173,37,34.0,2.0,1.0,12,37.0,15.0,7.0,2.0,82,8,0,0,0,0,1172,3
43,2,2023,2023-02-01,27,2,Rio de Janeiro,3304557,Capital,3,0,0,3,0,,3,2,,91,7,0,23,22,14,2,38,5,1,6,1,0,1.0,0,2,0.0,2,56,12,2,8,11,1.0,43,77,0,3,0,53,1,1.0,0.0,0.0,6,10.0,0.0,3.0,0.0,84,8,0,0,0,0,527,3
44,2,2023,2023-02-01,3,1,Rio de Janeiro,3304557,Capital,1,0,0,1,0,,1,0,,20,4,1,20,29,6,2,37,32,5,0,1,0,0.0,0,0,0.0,13,88,9,10,5,21,0.0,66,111,0,0,0,44,4,1.0,3.0,0.0,13,7.0,1.0,7.0,0.0,17,1,1,0,0,0,530,3
48,2,2023,2023-02-01,24,3,Seropédica,3305554,Baixada Fluminense,2,0,0,2,0,,2,1,,23,3,0,7,2,0,0,2,2,1,0,2,0,0.0,0,0,0.0,1,8,2,1,0,3,0.0,13,19,0,2,0,25,5,2.0,3.0,0.0,3,29.0,0.0,7.0,2.0,20,2,1,0,0,0,206,3
50,2,2023,2023-02-01,24,3,Itaguaí,3302007,Baixada Fluminense,5,0,0,5,1,,6,1,,36,4,2,5,19,7,1,27,2,0,2,0,0,0.0,0,0,0.0,9,40,10,3,0,18,1.0,33,65,0,2,2,37,5,4.0,1.0,0.0,12,21.0,0.0,10.0,0.0,44,8,1,1,0,0,408,3
51,2,2023,2023-02-01,24,3,Paracambi,3303609,Baixada Fluminense,0,0,0,0,0,,0,1,,26,2,1,1,1,0,0,1,1,1,0,0,0,0.0,0,0,0.0,1,4,1,0,0,5,0.0,8,14,0,0,0,8,6,4.0,2.0,0.0,1,6.0,2.0,2.0,0.0,26,2,0,0,0,0,107,3
52,2,2023,2023-02-01,20,3,Nova Iguaçu,3303500,Baixada Fluminense,0,0,0,0,0,,0,1,,58,6,1,21,43,18,5,66,40,1,5,0,0,0.0,0,0,0.0,20,132,43,7,5,11,0.0,103,169,0,2,0,115,2,2.0,0.0,0.0,11,34.0,3.0,6.0,0.0,51,4,0,0,0,0,787,3
53,2,2023,2023-02-01,20,3,Mesquita,3302858,Baixada Fluminense,2,0,0,2,0,,2,0,,55,1,1,25,34,10,7,51,16,2,1,0,0,0.0,0,0,0.0,5,75,14,6,1,6,3.0,31,61,0,3,0,62,7,1.0,5.0,1.0,7,6.0,2.0,1.0,0.0,36,2,0,0,0,0,447,3
54,2,2023,2023-02-01,39,3,Belford Roxo,3300456,Baixada Fluminense,11,0,0,11,6,,17,17,,139,8,2,37,95,26,13,134,82,9,3,4,0,0.0,0,1,0.0,20,253,37,10,3,13,1.0,55,119,0,12,0,163,13,0.0,13.0,0.0,33,45.0,1.0,13.0,0.0,105,22,0,0,0,0,1132,3
55,2,2023,2023-02-01,24,3,Queimados,3304144,Baixada Fluminense,2,0,0,2,1,,3,4,,89,5,0,9,20,15,1,36,6,3,7,0,0,0.0,0,1,0.0,4,57,16,2,0,8,1.0,42,69,0,1,0,67,2,0.0,2.0,0.0,8,13.0,0.0,4.0,0.0,67,8,1,0,0,0,477,3
56,2,2023,2023-02-01,20,3,Nova Iguaçu,3303500,Baixada Fluminense,13,0,0,13,1,,14,13,,77,6,2,18,44,13,6,63,21,1,3,2,0,0.0,1,0,0.0,13,104,15,2,0,4,3.0,30,54,0,10,3,58,6,2.0,4.0,0.0,14,29.0,0.0,6.0,1.0,65,5,0,0,0,0,567,3
57,2,2023,2023-02-01,20,3,Nilópolis,3303203,Baixada Fluminense,1,0,0,1,0,,1,3,,47,8,0,6,28,14,1,43,6,1,0,1,0,0.0,0,0,0.0,11,62,8,6,2,4,0.0,57,77,0,1,0,67,2,1.0,1.0,0.0,4,8.0,0.0,7.0,0.0,57,6,0,0,0,0,430,3
58,2,2023,2023-02-01,20,3,Nova Iguaçu,3303500,Baixada Fluminense,15,0,0,15,0,,15,6,,174,11,2,20,43,11,3,57,47,3,0,3,0,0.0,0,0,1.0,19,130,26,4,1,3,1.0,60,95,0,4,0,121,3,0.0,2.0,1.0,15,45.0,2.0,6.0,0.0,103,23,1,0,0,0,965,3
59,2,2023,2023-02-01,15,3,Duque de Caxias,3301702,Baixada Fluminense,4,0,0,4,3,,7,2,,121,4,4,34,125,39,18,182,115,53,4,1,0,0.0,0,3,0.0,25,383,73,43,9,29,0.0,152,306,0,2,0,150,7,0.0,7.0,0.0,81,64.0,3.0,9.0,1.0,98,20,1,0,0,0,1540,3
60,2,2023,2023-02-01,15,3,Duque de Caxias,3301702,Baixada Fluminense,8,0,0,8,5,,13,8,,73,3,4,16,24,5,9,38,52,32,2,1,0,0.0,0,0,0.0,7,132,22,5,0,1,1.0,14,43,0,1,0,52,9,0.0,9.0,0.0,18,25.0,6.0,20.0,1.0,60,7,0,0,0,0,553,3
61,2,2023,2023-02-01,15,3,Duque de Caxias,3301702,Baixada Fluminense,3,0,0,3,0,,3,1,,25,1,0,2,2,2,1,5,5,3,0,0,0,0.0,0,0,0.0,2,15,3,0,0,4,1.0,9,17,0,0,0,21,0,0.0,0.0,0.0,0,2.0,0.0,1.0,0.0,21,1,0,0,0,0,124,3
62,2,2023,2023-02-01,15,3,Duque de Caxias,3301702,Baixada Fluminense,1,0,0,1,1,,2,4,,64,4,0,5,23,8,6,37,17,6,1,1,0,0.0,0,0,0.0,10,72,9,1,1,6,2.0,21,40,0,2,0,64,7,0.0,7.0,0.0,9,12.0,0.0,2.0,0.0,48,10,0,0,0,0,392,3
63,2,2023,2023-02-01,24,3,Japeri,3302270,Baixada Fluminense,2,0,0,2,2,,4,1,,53,6,0,6,3,3,1,7,3,1,1,1,0,0.0,0,0,1.0,4,18,3,0,2,2,0.0,9,16,0,1,0,16,8,5.0,3.0,0.0,10,14.0,4.0,6.0,3.0,33,3,0,0,0,0,221,3
64,2,2023,2023-02-01,21,3,São João de Meriti,3305109,Baixada Fluminense,13,0,0,13,5,,18,6,,144,16,0,36,99,14,23,136,64,17,1,1,0,0.0,0,2,0.0,49,270,46,11,6,3,0.0,67,133,0,0,0,151,16,0.0,14.0,2.0,23,42.0,8.0,5.0,1.0,121,11,1,0,0,0,1108,3
65,2,2023,2023-02-01,34,3,Magé,3302502,Baixada Fluminense,5,0,0,5,1,,6,4,,21,5,1,8,4,2,2,8,2,0,0,1,0,0.0,0,1,0.0,0,12,10,1,0,10,1.0,28,50,0,0,0,37,2,0.0,2.0,0.0,1,5.0,0.0,4.0,0.0,22,0,0,0,0,0,211,3
66,2,2023,2023-02-01,34,3,Magé,3302502,Baixada Fluminense,5,0,0,5,0,,5,20,,68,6,1,23,12,6,1,19,1,1,0,1,0,0.0,0,0,0.0,0,22,13,0,0,9,3.0,21,46,0,2,0,45,6,6.0,0.0,0.0,4,19.0,0.0,9.0,0.0,59,6,0,0,0,0,377,3
67,2,2023,2023-02-01,34,3,Guapimirim,3301850,Baixada Fluminense,0,0,0,0,0,,0,0,,12,3,1,4,4,1,0,5,3,0,0,1,0,0.0,0,0,0.0,0,9,7,1,0,4,1.0,15,28,0,2,0,28,7,2.0,5.0,0.0,6,9.0,4.0,8.0,0.0,24,4,0,0,0,0,202,3
1,3,2023,2023-03-01,5,1,Rio de Janeiro,3304557,Capital,0,0,0,0,0,,0,1,,11,1,0,5,43,8,2,53,2,0,0,0,0,0.0,0,4,0.0,8,67,7,155,15,90,4.0,84,355,0,3,0,91,1,1.0,0.0,0.0,0,41.0,1.0,12.0,2.0,12,1,1,0,0,0,771,3
4,3,2023,2023-03-01,5,1,Rio de Janeiro,3304557,Capital,1,0,0,1,1,,2,2,,26,1,2,18,54,9,11,74,6,0,1,0,0,0.0,0,0,0.0,9,90,7,41,30,62,2.0,112,254,0,0,0,43,14,6.0,7.0,1.0,4,36.0,3.0,18.0,1.0,26,8,0,0,0,0,657,3
5,3,2023,2023-03-01,5,1,Rio de Janeiro,3304557,Capital,3,0,0,3,0,,3,1,,49,4,2,19,62,41,1,104,1,0,0,1,0,0.0,0,1,0.0,6,113,13,101,13,122,8.0,132,389,0,1,0,86,10,8.0,2.0,0.0,2,32.0,2.0,10.0,2.0,38,7,0,0,0,0,980,3
6,3,2023,2023-03-01,4,1,Rio de Janeiro,3304557,Capital,3,1,0,4,0,,4,0,,40,2,0,20,21,9,9,39,12,1,1,0,0,0.0,0,0,0.0,9,62,7,18,20,57,2.0,48,152,0,0,0,70,0,0.0,0.0,0.0,8,11.0,3.0,4.0,0.0,25,3,0,0,0,0,487,3
7,3,2023,2023-03-01,5,1,Rio de Janeiro,3304557,Capital,1,0,0,1,0,,1,0,,5,1,0,3,11,4,0,15,6,0,0,1,0,0.0,0,0,0.0,4,26,9,13,2,9,0.0,30,63,0,4,0,36,0,0.0,0.0,0.0,6,4.0,0.0,5.0,0.0,14,6,2,0,0,0,257,3
9,3,2023,2023-03-01,2,1,Rio de Janeiro,3304557,Capital,1,0,0,1,0,,1,5,,35,2,0,13,46,28,6,80,26,1,3,2,0,0.0,0,2,2.0,19,135,23,47,8,108,9.0,141,336,0,5,0,170,9,7.0,2.0,0.0,5,19.0,16.0,2.0,2.0,42,7,0,0,0,0,966,3
10,3,2023,2023-03-01,2,1,Rio de Janeiro,3304557,Capital,1,0,0,1,0,,1,2,,26,7,0,18,44,23,8,75,19,0,7,0,0,0.0,0,1,3.0,14,119,31,17,31,82,20.0,185,366,0,4,2,183,1,1.0,0.0,0.0,1,22.0,7.0,3.0,0.0,33,6,2,0,0,0,1024,3
11,3,2023,2023-03-01,23,1,Rio de Janeiro,3304557,Capital,0,0,0,0,0,,0,0,,12,1,0,1,1,0,0,1,0,0,0,0,0,0.0,0,0,0.0,0,1,1,6,1,1,0.0,6,15,0,1,0,18,0,0.0,0.0,0.0,0,5.0,0.0,1.0,0.0,7,3,0,0,0,0,95,3
12,3,2023,2023-03-01,19,1,Rio de Janeiro,3304557,Capital,0,0,0,0,0,,0,5,,41,0,2,16,33,25,5,63,3,0,0,1,0,0.0,0,2,1.0,8,78,18,109,7,114,17.0,200,465,0,5,0,232,13,9.0,3.0,1.0,5,67.0,14.0,14.0,14.0,42,6,1,0,0,0,1226,3
13,3,2023,2023-03-01,19,1,Rio de Janeiro,3304557,Capital,0,0,0,0,0,,0,0,,18,0,0,8,9,13,0,22,0,0,1,3,0,0.0,0,0,0.0,8,34,8,22,5,31,7.0,99,172,0,1,0,115,4,4.0,0.0,0.0,1,19.0,3.0,4.0,1.0,16,2,0,0,0,0,515,3
14,3,2023,2023-03-01,23,1,Rio de Janeiro,3304557,Capital,2,0,0,2,0,,2,0,,11,0,0,13,32,18,4,54,4,0,6,0,0,0.0,0,0,1.0,6,71,18,51,7,139,33.0,162,410,0,4,0,190,6,5.0,0.0,1.0,4,18.0,7.0,8.0,4.0,19,6,0,0,0,0,966,3
15,3,2023,2023-03-01,23,1,Rio de Janeiro,3304557,Capital,0,0,0,0,0,,0,3,,28,1,4,11,10,4,3,17,4,1,1,2,0,0.0,0,0,0.0,4,29,10,21,14,57,10.0,63,175,0,5,1,137,8,7.0,1.0,0.0,9,16.0,9.0,6.0,1.0,27,1,0,0,0,0,643,3
16,3,2023,2023-03-01,31,2,Rio de Janeiro,3304557,Capital,5,0,0,5,2,,7,1,,71,2,3,51,62,19,8,89,4,0,6,0,0,0.0,0,1,0.0,28,128,63,26,35,104,7.0,295,530,0,6,0,465,18,15.0,3.0,0.0,5,69.0,25.0,16.0,14.0,82,4,0,0,0,0,1836,3
17,3,2023,2023-03-01,4,1,Rio de Janeiro,3304557,Capital,4,0,0,4,0,,4,13,,30,4,4,44,33,16,26,75,24,5,1,0,0,0.0,0,0,1.0,14,120,20,10,17,44,0.0,126,217,0,1,0,50,3,0.0,3.0,0.0,5,23.0,3.0,8.0,2.0,23,4,1,0,1,0,648,3
18,3,2023,2023-03-01,6,1,Rio de Janeiro,3304557,Capital,0,0,0,0,0,,0,6,,29,1,0,25,59,37,9,105,23,0,4,0,0,0.0,0,0,1.0,22,155,12,25,9,149,4.0,131,330,0,1,0,102,2,2.0,0.0,0.0,6,28.0,9.0,7.0,0.0,24,3,0,0,0,0,871,3
19,3,2023,2023-03-01,6,1,Rio de Janeiro,3304557,Capital,1,0,0,1,0,,1,3,,27,0,0,14,32,31,2,65,25,0,1,3,0,0.0,0,1,0.0,10,105,9,40,6,38,2.0,137,232,0,10,1,235,5,2.0,2.0,1.0,1,33.0,5.0,10.0,1.0,33,4,0,0,0,0,1025,3
20,3,2023,2023-03-01,6,1,Rio de Janeiro,3304557,Capital,2,0,0,2,0,,2,10,,53,6,5,12,31,14,2,47,23,0,4,0,0,0.0,0,1,0.0,13,88,13,26,24,33,3.0,125,224,0,6,0,169,5,2.0,3.0,0.0,3,24.0,4.0,5.0,1.0,30,3,0,0,0,0,808,3
21,3,2023,2023-03-01,22,1,Rio de Janeiro,3304557,Capital,3,0,0,3,0,,3,1,,56,4,5,48,41,25,10,76,77,34,2,0,0,0.0,0,0,0.0,26,215,26,25,27,32,0.0,136,246,0,3,0,152,27,4.0,12.0,12.0,68,40.0,1.0,38.0,4.0,53,14,0,0,0,0,1254,3
22,3,2023,2023-03-01,16,1,Rio de Janeiro,3304557,Capital,4,0,0,4,6,,10,8,,58,6,1,26,35,11,7,53,27,12,0,4,0,0.0,0,0,0.0,12,108,28,5,8,9,0.0,86,136,0,5,1,140,11,1.0,8.0,2.0,32,36.0,2.0,9.0,1.0,63,9,0,0,0,0,815,3
23,3,2023,2023-03-01,3,1,Rio de Janeiro,3304557,Capital,0,0,0,0,0,,0,1,,19,1,0,9,29,10,1,40,22,0,0,1,0,1.0,0,0,0.0,12,76,7,9,12,23,1.0,77,129,0,3,0,72,1,1.0,0.0,0.0,2,13.0,4.0,2.0,2.0,21,2,0,0,0,0,487,3
24,3,2023,2023-03-01,3,1,Rio de Janeiro,3304557,Capital,5,0,0,5,3,,8,4,,27,1,0,19,46,31,10,87,54,0,1,0,0,0.0,0,1,1.0,23,167,17,39,17,130,1.0,83,287,0,2,1,119,1,1.0,0.0,0.0,6,31.0,4.0,3.0,0.0,38,4,0,0,0,0,825,3
25,3,2023,2023-03-01,3,1,Rio de Janeiro,3304557,Capital,2,0,0,2,2,,4,0,,26,0,0,15,23,13,16,52,19,9,0,0,0,0.0,0,0,0.0,18,98,10,3,9,19,1.0,66,108,0,1,0,71,18,1.0,13.0,4.0,24,29.0,1.0,8.0,2.0,34,3,0,0,0,0,510,3
26,3,2023,2023-03-01,3,1,Rio de Janeiro,3304557,Capital,0,0,0,0,1,,1,0,,31,4,2,17,29,12,5,46,18,4,0,1,0,0.0,0,0,0.0,19,88,3,13,3,56,0.0,92,167,0,3,0,79,5,2.0,1.0,2.0,8,23.0,0.0,10.0,1.0,33,6,0,0,0,0,686,3
27,3,2023,2023-03-01,41,2,Rio de Janeiro,3304557,Capital,2,0,0,2,2,,4,2,,64,3,1,17,70,33,22,125,111,13,0,1,0,1.0,0,1,0.0,16,268,30,7,9,17,2.0,94,159,0,3,0,156,8,0.0,8.0,0.0,24,30.0,4.0,7.0,3.0,54,4,0,0,0,0,966,3
28,3,2023,2023-03-01,18,2,Rio de Janeiro,3304557,Capital,2,0,0,2,4,,6,5,,42,9,0,11,18,18,2,38,41,5,3,1,0,0.0,0,0,0.0,7,95,6,3,18,15,3.0,42,87,0,6,0,116,5,0.0,3.0,2.0,7,20.0,0.0,8.0,1.0,52,4,0,0,0,0,651,3
29,3,2023,2023-03-01,9,2,Rio de Janeiro,3304557,Capital,4,0,0,4,1,,5,0,,59,6,0,23,112,57,13,182,90,8,6,1,0,0.0,1,0,0.0,45,333,29,33,23,33,2.0,139,259,0,0,0,185,7,2.0,5.0,0.0,38,23.0,3.0,12.0,1.0,71,8,1,0,0,0,1249,3
30,3,2023,2023-03-01,9,2,Rio de Janeiro,3304557,Capital,0,0,1,1,0,,1,1,,42,6,1,23,54,23,3,80,28,4,1,0,0,0.0,0,0,0.0,6,119,22,17,9,8,1.0,42,99,0,5,0,113,3,0.0,3.0,0.0,7,16.0,3.0,9.0,0.0,60,6,0,0,0,0,642,3
31,3,2023,2023-03-01,41,2,Rio de Janeiro,3304557,Capital,3,0,0,3,0,,3,3,,37,3,1,8,66,26,10,102,69,14,1,1,0,0.0,0,1,0.0,27,215,19,5,5,13,0.0,34,76,0,1,0,89,3,0.0,3.0,0.0,47,17.0,6.0,6.0,1.0,50,9,0,0,0,0,701,3
32,3,2023,2023-03-01,18,2,Rio de Janeiro,3304557,Capital,26,0,0,26,9,,35,9,,146,10,2,41,85,29,1,115,51,7,3,1,0,0.0,0,0,0.0,40,217,22,22,35,58,3.0,290,430,0,9,0,348,17,2.0,13.0,2.0,19,59.0,9.0,32.0,3.0,160,15,1,0,0,0,1944,3
33,3,2023,2023-03-01,14,2,Rio de Janeiro,3304557,Capital,3,0,0,3,0,,3,5,,87,6,3,36,35,23,6,64,66,18,3,1,0,0.0,0,0,0.0,17,169,26,5,3,28,5.0,48,115,0,1,0,172,9,0.0,9.0,0.0,22,25.0,0.0,6.0,0.0,78,7,2,0,0,0,1063,3
34,3,2023,2023-03-01,14,2,Rio de Janeiro,3304557,Capital,9,0,0,9,8,,17,2,,126,7,1,39,78,31,6,115,80,19,2,2,0,0.0,0,0,0.0,29,247,18,16,9,24,0.0,121,188,0,6,0,167,26,1.0,14.0,12.0,39,42.0,6.0,25.0,1.0,102,13,0,0,0,0,1403,3
35,3,2023,2023-03-01,40,2,Rio de Janeiro,3304557,Capital,2,0,0,2,2,,4,9,,188,24,2,70,52,27,5,84,51,15,3,0,0,0.0,0,0,0.0,32,185,71,32,18,66,7.0,188,382,0,13,0,344,1,1.0,0.0,0.0,40,68.0,2.0,24.0,1.0,257,21,1,0,0,0,2284,3
36,3,2023,2023-03-01,27,2,Rio de Janeiro,3304557,Capital,3,0,0,3,1,,4,4,,141,18,6,20,13,13,5,31,20,6,0,0,0,0.0,0,0,0.0,8,65,37,3,4,22,1.0,50,117,0,1,0,141,0,0.0,0.0,0.0,11,30.0,1.0,13.0,1.0,99,11,1,0,0,0,882,3
37,3,2023,2023-03-01,17,1,Rio de Janeiro,3304557,Capital,0,0,0,0,0,,0,0,,58,3,3,23,15,3,6,24,6,1,0,1,0,0.0,1,1,0.0,4,38,19,14,10,16,0.0,83,142,0,3,0,152,6,5.0,1.0,0.0,39,15.0,4.0,5.0,0.0,66,5,0,1,0,0,756,3
38,3,2023,2023-03-01,16,1,Rio de Janeiro,3304557,Capital,2,0,1,3,4,,7,5,,47,8,0,24,27,21,3,51,49,33,3,0,0,1.0,0,1,0.0,19,157,21,2,6,7,0.0,32,68,0,4,0,72,14,0.0,11.0,3.0,57,21.0,0.0,9.0,0.0,44,6,0,0,0,0,650,3
39,3,2023,2023-03-01,41,2,Rio de Janeiro,3304557,Capital,9,0,0,9,1,,10,1,,46,10,4,20,61,40,29,130,103,14,0,0,0,0.0,0,0,0.0,22,269,19,16,10,21,0.0,63,129,0,1,0,86,8,1.0,6.0,1.0,37,28.0,0.0,5.0,0.0,36,10,1,0,0,0,797,3
40,3,2023,2023-03-01,9,2,Rio de Janeiro,3304557,Capital,3,0,0,3,1,,4,1,,39,8,1,21,55,23,27,105,81,3,0,1,0,0.0,0,0,0.0,12,202,15,10,4,14,0.0,44,87,0,0,0,88,2,0.0,2.0,0.0,106,7.0,0.0,3.0,0.0,28,2,0,0,0,0,688,3
41,3,2023,2023-03-01,18,2,Rio de Janeiro,3304557,Capital,1,0,0,1,3,,4,3,,42,1,2,16,34,21,3,58,25,6,4,0,0,0.0,0,1,0.0,9,103,8,7,10,17,3.0,73,118,0,4,0,107,5,0.0,4.0,1.0,11,24.0,1.0,6.0,0.0,41,1,0,0,0,0,721,3
42,3,2023,2023-03-01,31,2,Rio de Janeiro,3304557,Capital,2,1,0,3,0,,3,0,,83,3,0,38,44,14,6,64,19,2,1,2,0,0.0,0,0,0.0,10,98,69,19,24,102,15.0,151,380,0,10,1,365,40,37.0,3.0,0.0,9,37.0,1.0,11.0,2.0,113,7,1,0,0,0,1563,3
43,3,2023,2023-03-01,27,2,Rio de Janeiro,3304557,Capital,2,0,0,2,0,,2,5,,101,15,1,27,21,12,3,36,1,4,5,1,0,0.0,0,0,0.0,2,49,22,2,11,18,0.0,38,91,0,8,0,88,3,2.0,1.0,0.0,10,16.0,0.0,10.0,0.0,104,13,0,0,0,0,713,3
44,3,2023,2023-03-01,3,1,Rio de Janeiro,3304557,Capital,1,0,0,1,1,,2,2,,29,4,0,22,35,11,4,50,45,6,4,0,0,0.0,1,0,0.0,11,117,12,11,8,25,0.0,112,168,0,1,0,60,4,1.0,3.0,0.0,19,10.0,0.0,13.0,0.0,41,4,0,0,0,0,711,3
48,3,2023,2023-03-01,24,3,Seropédica,3305554,Baixada Fluminense,0,0,0,0,0,,0,0,,32,10,0,10,3,1,0,4,7,4,0,3,0,0.0,0,0,0.0,0,18,5,0,0,3,1.0,17,26,0,3,1,38,8,5.0,3.0,0.0,5,23.0,0.0,15.0,0.0,27,3,0,0,0,0,294,3
50,3,2023,2023-03-01,24,3,Itaguaí,3302007,Baixada Fluminense,0,0,0,0,0,,0,3,,51,5,0,12,11,11,2,24,4,0,4,2,0,0.0,0,1,0.0,2,37,8,5,3,8,1.0,36,61,0,1,0,77,8,3.0,5.0,0.0,9,23.0,1.0,10.0,0.0,69,8,0,0,0,0,478,3
51,3,2023,2023-03-01,24,3,Paracambi,3303609,Baixada Fluminense,0,0,0,0,1,,1,2,,20,5,0,10,2,0,0,2,0,0,0,0,0,0.0,0,0,0.0,1,3,1,0,0,4,2.0,12,19,0,0,0,17,8,6.0,2.0,0.0,1,10.0,0.0,6.0,0.0,28,1,0,0,0,0,132,3
52,3,2023,2023-03-01,20,3,Nova Iguaçu,3303500,Baixada Fluminense,0,0,0,0,0,,0,2,,63,5,0,31,49,30,8,87,41,0,4,1,0,0.0,0,3,0.0,23,159,44,7,6,19,2.0,141,219,0,7,0,169,3,3.0,0.0,0.0,10,47.0,3.0,16.0,1.0,73,9,0,0,0,0,1015,3
53,3,2023,2023-03-01,20,3,Mesquita,3302858,Baixada Fluminense,3,0,0,3,0,,3,2,,72,5,3,18,60,13,9,82,32,0,0,0,0,0.0,0,0,0.0,6,120,19,6,3,9,3.0,44,84,0,4,0,95,14,0.0,13.0,1.0,11,32.0,5.0,9.0,0.0,68,4,0,0,0,0,649,3
54,3,2023,2023-03-01,39,3,Belford Roxo,3300456,Baixada Fluminense,12,0,0,12,5,,17,7,,141,16,3,38,120,40,18,178,97,16,5,1,0,0.0,0,3,0.0,27,327,52,20,9,6,1.0,96,184,0,10,0,186,11,1.0,10.0,0.0,47,44.0,0.0,20.0,0.0,159,24,1,0,0,0,1390,3
55,3,2023,2023-03-01,24,3,Queimados,3304144,Baixada Fluminense,3,0,0,3,3,,6,6,,78,6,3,9,27,8,0,35,3,0,1,2,0,1.0,0,2,0.0,2,46,16,3,2,8,4.0,63,96,0,6,0,73,2,0.0,2.0,0.0,6,28.0,0.0,5.0,0.0,92,6,0,0,0,0,589,3
56,3,2023,2023-03-01,20,3,Nova Iguaçu,3303500,Baixada Fluminense,10,0,0,10,2,,12,1,,81,8,2,35,42,21,3,66,35,20,3,5,0,0.0,0,1,0.0,19,149,15,3,2,8,1.0,37,66,0,3,0,96,12,2.0,11.0,0.0,23,40.0,5.0,14.0,1.0,112,7,0,0,0,0,763,3
57,3,2023,2023-03-01,20,3,Nilópolis,3303203,Baixada Fluminense,2,0,0,2,0,,2,4,,60,6,0,13,47,18,4,69,11,1,1,0,0,0.0,0,0,0.0,6,88,12,8,1,12,2.0,76,111,0,2,0,89,6,4.0,2.0,0.0,6,26.0,2.0,14.0,0.0,48,3,0,0,0,0,596,3
58,3,2023,2023-03-01,20,3,Nova Iguaçu,3303500,Baixada Fluminense,11,0,0,11,0,,11,5,,157,20,3,28,71,18,11,100,74,8,4,1,0,0.0,0,0,0.0,16,203,44,8,2,8,0.0,58,120,0,5,0,154,4,1.0,2.0,1.0,21,45.0,0.0,13.0,1.0,134,20,2,0,0,0,1235,3
59,3,2023,2023-03-01,15,3,Duque de Caxias,3301702,Baixada Fluminense,5,0,0,5,2,,7,2,,127,8,8,43,148,48,54,250,186,59,3,1,0,0.0,0,10,0.0,54,563,76,38,7,23,0.0,183,327,0,4,1,141,5,2.0,3.0,0.0,143,60.0,0.0,8.0,0.0,100,21,0,0,0,0,1872,3
60,3,2023,2023-03-01,15,3,Duque de Caxias,3301702,Baixada Fluminense,24,1,1,26,7,,33,3,,78,11,3,14,32,15,13,60,90,48,0,1,0,0.0,0,0,0.0,16,215,22,0,0,5,0.0,42,69,0,1,0,56,12,1.0,11.0,0.0,33,41.0,4.0,13.0,1.0,70,10,0,0,0,0,725,3
61,3,2023,2023-03-01,15,3,Duque de Caxias,3301702,Baixada Fluminense,1,0,0,1,0,,1,3,,32,5,0,3,2,1,1,4,5,1,0,1,0,0.0,0,0,0.0,3,14,4,3,1,2,1.0,20,31,0,0,0,22,1,1.0,0.0,0.0,3,7.0,0.0,3.0,0.0,27,0,0,0,0,0,178,3
62,3,2023,2023-03-01,15,3,Duque de Caxias,3301702,Baixada Fluminense,3,0,0,3,1,,4,11,,43,3,0,17,26,20,3,49,31,9,1,1,0,0.0,0,0,0.0,10,101,12,5,3,5,1.0,32,58,0,0,0,98,9,0.0,9.0,0.0,23,26.0,2.0,5.0,0.0,55,6,0,0,0,0,486,3
63,3,2023,2023-03-01,24,3,Japeri,3302270,Baixada Fluminense,0,0,0,0,1,,1,3,,31,2,0,4,3,3,1,7,4,0,0,2,0,0.0,0,0,0.0,3,16,8,2,1,1,0.0,17,29,0,1,0,10,5,3.0,2.0,0.0,4,30.0,0.0,9.0,0.0,38,4,0,0,0,0,224,3
64,3,2023,2023-03-01,21,3,São João de Meriti,3305109,Baixada Fluminense,9,0,0,9,4,,13,9,,134,13,0,45,121,42,48,211,112,26,5,2,0,1.0,0,1,0.0,64,422,43,15,5,6,0.0,115,184,0,0,0,241,25,4.0,16.0,5.0,33,62.0,8.0,15.0,0.0,119,19,1,0,0,0,1497,3
65,3,2023,2023-03-01,34,3,Magé,3302502,Baixada Fluminense,4,0,0,4,0,,4,3,,28,1,2,3,4,3,1,8,7,1,1,0,0,0.0,0,0,0.0,0,17,12,1,4,3,1.0,21,42,0,1,0,32,10,0.0,10.0,0.0,2,13.0,1.0,4.0,0.0,44,4,0,0,0,0,260,3
66,3,2023,2023-03-01,34,3,Magé,3302502,Baixada Fluminense,1,0,0,1,0,,1,1,,74,10,5,23,9,3,1,13,7,3,1,1,0,0.0,0,1,0.0,4,30,15,10,1,9,0.0,33,68,0,1,1,37,12,7.0,5.0,0.0,5,21.0,0.0,11.0,1.0,60,8,1,1,0,0,439,3
67,3,2023,2023-03-01,34,3,Guapimirim,3301850,Baixada Fluminense,1,0,0,1,0,,1,0,,24,5,7,12,1,1,0,2,3,1,1,1,0,0.0,0,0,0.0,0,8,7,1,0,3,1.0,19,31,0,5,0,29,6,2.0,3.0,1.0,8,11.0,1.0,3.0,0.0,22,1,0,0,0,0,241,3
1,4,2023,2023-04-01,5,1,Rio de Janeiro,3304557,Capital,0,0,0,0,0,,0,0,,8,0,0,3,32,9,2,43,0,0,0,0,0,0.0,0,2,0.0,2,47,5,62,21,47,2.0,45,182,0,5,0,52,2,0.0,1.0,1.0,0,86.0,16.0,5.0,0.0,20,0,0,0,0,0,480,3
4,4,2023,2023-04-01,5,1,Rio de Janeiro,3304557,Capital,1,1,0,2,0,,2,0,,23,1,2,9,35,3,4,42,2,0,0,0,0,0.0,0,0,0.0,6,50,6,41,21,62,3.0,128,261,0,0,0,43,12,4.0,8.0,0.0,1,31.0,1.0,13.0,1.0,20,4,0,0,0,0,550,3
5,4,2023,2023-04-01,5,1,Rio de Janeiro,3304557,Capital,3,0,0,3,0,,3,0,,47,0,0,6,65,23,3,91,0,0,2,1,0,0.0,0,0,0.0,5,99,17,58,19,67,6.0,113,280,0,4,0,47,8,6.0,2.0,0.0,1,30.0,0.0,12.0,0.0,35,5,0,0,0,0,730,3
6,4,2023,2023-04-01,4,1,Rio de Janeiro,3304557,Capital,0,0,0,0,0,,0,4,,14,1,0,18,25,13,3,41,7,0,0,0,0,0.0,0,0,0.0,6,54,7,27,24,50,0.0,86,194,0,0,0,25,2,1.0,1.0,0.0,5,12.0,1.0,5.0,2.0,18,2,0,0,0,0,442,3
7,4,2023,2023-04-01,5,1,Rio de Janeiro,3304557,Capital,0,0,0,0,0,,0,0,,9,0,0,1,2,1,2,5,5,0,0,0,0,0.0,0,0,0.0,3,13,3,7,0,8,0.0,24,42,0,1,0,26,7,2.0,3.0,2.0,2,6.0,1.0,4.0,0.0,20,1,1,0,0,0,171,3
9,4,2023,2023-04-01,2,1,Rio de Janeiro,3304557,Capital,1,0,0,1,0,,1,1,,35,1,1,18,39,18,12,69,10,0,4,1,0,0.0,0,1,2.0,11,98,28,25,7,88,5.0,84,237,0,6,0,108,3,2.0,1.0,0.0,4,39.0,5.0,5.0,2.0,36,3,0,0,0,0,768,3
10,4,2023,2023-04-01,2,1,Rio de Janeiro,3304557,Capital,0,0,1,1,0,,1,0,,25,0,0,29,41,17,4,62,2,0,10,0,0,0.0,0,0,0.0,12,86,23,15,19,85,22.0,176,340,0,10,0,129,5,4.0,1.0,0.0,0,21.0,13.0,4.0,1.0,39,2,1,0,0,0,880,3
11,4,2023,2023-04-01,23,1,Rio de Janeiro,3304557,Capital,0,0,0,0,0,,0,0,,8,1,0,1,0,0,0,0,0,0,0,0,0,0.0,0,0,0.0,0,0,2,0,2,3,0.0,12,19,0,0,0,16,2,0.0,2.0,0.0,0,15.0,0.0,2.0,0.0,9,3,0,0,0,0,83,3
12,4,2023,2023-04-01,19,1,Rio de Janeiro,3304557,Capital,0,0,0,0,0,,0,0,,33,3,0,13,27,25,2,54,2,0,4,1,0,0.0,0,2,0.0,9,72,13,64,18,107,17.0,146,365,0,4,0,189,5,4.0,1.0,0.0,2,32.0,18.0,8.0,5.0,22,8,1,0,0,0,937,3
13,4,2023,2023-04-01,19,1,Rio de Janeiro,3304557,Capital,0,0,0,0,0,,0,0,,25,3,0,5,8,4,1,13,2,0,0,0,0,0.0,0,0,0.0,4,19,7,20,4,23,7.0,81,142,0,1,0,97,2,2.0,0.0,0.0,1,24.0,2.0,6.0,0.0,14,1,0,0,0,0,421,3
14,4,2023,2023-04-01,23,1,Rio de Janeiro,3304557,Capital,0,0,0,0,0,,0,1,,12,0,1,9,19,14,0,33,1,0,1,1,0,0.0,0,0,1.0,3,40,9,54,12,131,30.0,135,371,0,1,0,149,5,3.0,2.0,0.0,1,27.0,6.0,7.0,7.0,24,8,0,0,0,0,824,3
15,4,2023,2023-04-01,23,1,Rio de Janeiro,3304557,Capital,0,0,0,0,0,,0,0,,18,0,0,11,9,4,2,15,3,0,2,1,0,0.0,0,0,0.0,4,25,10,15,12,59,5.0,60,161,0,1,0,115,6,5.0,2.0,0.0,5,13.0,4.0,5.0,2.0,13,0,1,0,0,0,502,3
16,4,2023,2023-04-01,31,2,Rio de Janeiro,3304557,Capital,1,0,0,1,0,,1,2,,56,2,1,28,44,20,10,74,2,1,4,2,0,0.0,0,0,1.0,12,96,50,32,29,136,7.0,229,483,0,3,1,352,45,44.0,1.0,0.0,15,58.0,16.0,13.0,13.0,77,3,1,0,0,0,1596,3
17,4,2023,2023-04-01,4,1,Rio de Janeiro,3304557,Capital,0,0,0,0,0,,0,1,,14,3,2,21,22,11,23,56,16,2,1,0,0,0.0,0,0,0.0,10,85,15,5,21,48,1.0,82,172,0,3,0,58,2,0.0,2.0,0.0,9,33.0,7.0,13.0,1.0,14,3,1,0,0,0,545,3
18,4,2023,2023-04-01,6,1,Rio de Janeiro,3304557,Capital,1,0,0,1,0,,1,3,,9,1,1,21,48,51,12,111,17,2,1,0,0,0.0,0,0,1.0,12,144,10,37,13,132,6.0,181,379,0,0,0,71,14,10.0,4.0,0.0,1,26.0,4.0,23.0,3.0,36,5,0,0,0,0,906,3
19,4,2023,2023-04-01,6,1,Rio de Janeiro,3304557,Capital,1,0,0,1,0,,1,1,,24,1,0,8,36,24,0,60,15,0,5,0,0,0.0,0,0,1.0,13,94,7,29,15,57,4.0,134,246,0,3,0,163,7,4.0,3.0,0.0,8,43.0,19.0,5.0,3.0,38,4,0,0,0,0,893,3
20,4,2023,2023-04-01,6,1,Rio de Janeiro,3304557,Capital,0,0,0,0,0,,0,4,,31,1,0,12,14,8,0,22,23,1,3,1,0,0.0,0,0,0.0,7,57,14,9,27,31,4.0,102,187,0,1,0,81,2,1.0,1.0,0.0,3,22.0,6.0,5.0,1.0,26,3,1,0,0,0,629,3
21,4,2023,2023-04-01,22,1,Rio de Janeiro,3304557,Capital,10,0,0,10,4,,14,4,,49,3,2,44,35,18,3,56,55,16,5,0,0,0.0,0,1,0.0,31,164,15,23,34,30,1.0,161,264,0,3,0,153,34,4.0,18.0,12.0,86,96.0,2.0,37.0,2.0,43,9,0,0,0,0,1229,3
22,4,2023,2023-04-01,16,1,Rio de Janeiro,3304557,Capital,4,0,0,4,2,,6,3,,54,2,4,18,46,15,5,66,62,11,11,1,0,0.0,0,1,0.0,13,165,22,7,13,15,0.0,93,150,0,2,1,161,8,2.0,6.0,0.0,22,33.0,2.0,11.0,1.0,43,8,0,0,1,0,815,3
23,4,2023,2023-04-01,3,1,Rio de Janeiro,3304557,Capital,0,0,0,0,0,,0,0,,13,2,0,7,19,17,3,39,30,2,1,0,0,0.0,0,0,0.0,24,96,13,8,8,13,1.0,59,102,0,0,0,41,0,0.0,0.0,0.0,3,9.0,8.0,3.0,1.0,28,6,0,0,0,0,435,3
24,4,2023,2023-04-01,3,1,Rio de Janeiro,3304557,Capital,1,0,0,1,2,,3,2,,44,2,0,13,53,25,1,79,78,1,0,0,0,0.0,0,2,1.0,29,190,17,11,10,59,0.0,67,164,0,1,0,79,1,1.0,0.0,0.0,5,14.0,0.0,0.0,0.0,34,2,0,0,0,0,653,3
25,4,2023,2023-04-01,3,1,Rio de Janeiro,3304557,Capital,1,0,0,1,1,,2,5,,26,2,4,16,21,15,8,44,24,6,3,1,0,0.0,0,0,0.0,24,102,9,10,9,20,1.0,75,124,0,1,0,47,11,0.0,8.0,3.0,19,26.0,0.0,2.0,1.0,27,2,0,0,0,0,499,3
26,4,2023,2023-04-01,3,1,Rio de Janeiro,3304557,Capital,0,0,0,0,0,,0,0,,19,3,0,10,27,12,1,40,37,2,0,0,0,0.0,1,0,0.0,19,99,4,12,7,49,1.0,71,144,0,2,1,75,2,2.0,0.0,0.0,7,13.0,3.0,3.0,1.0,26,2,0,0,0,0,574,3
27,4,2023,2023-04-01,41,2,Rio de Janeiro,3304557,Capital,5,0,0,5,5,,10,0,,53,1,2,24,79,31,6,116,139,6,5,1,0,0.0,0,1,0.0,32,300,30,13,12,17,0.0,79,151,0,1,0,144,4,1.0,3.0,0.0,31,47.0,1.0,12.0,0.0,50,2,0,0,0,0,968,3
28,4,2023,2023-04-01,18,2,Rio de Janeiro,3304557,Capital,2,0,0,2,4,,6,0,,32,2,0,10,13,13,1,27,61,4,0,0,0,1.0,0,0,0.0,6,99,7,3,9,13,0.0,40,72,0,8,0,119,2,1.0,1.0,0.0,10,12.0,2.0,8.0,0.0,43,6,0,0,0,0,554,3
29,4,2023,2023-04-01,9,2,Rio de Janeiro,3304557,Capital,2,1,0,3,5,,8,1,,66,2,1,12,119,41,11,171,109,8,3,2,0,0.0,0,0,0.0,44,337,22,28,24,38,1.0,153,266,0,0,0,147,2,2.0,0.0,0.0,45,39.0,0.0,3.0,0.0,62,9,0,0,0,0,1155,3
30,4,2023,2023-04-01,9,2,Rio de Janeiro,3304557,Capital,3,0,0,3,0,,3,2,,36,2,0,14,40,17,14,71,42,3,1,0,0,0.0,0,0,0.0,6,123,17,10,8,18,0.0,42,95,0,2,0,90,3,0.0,3.0,0.0,3,10.0,3.0,3.0,0.0,49,4,0,0,0,0,541,3
31,4,2023,2023-04-01,41,2,Rio de Janeiro,3304557,Capital,3,0,0,3,0,,3,1,,37,7,0,9,62,12,13,87,43,8,0,0,0,0.0,0,0,0.0,14,152,18,10,6,7,0.0,49,90,0,2,0,65,4,1.0,2.0,1.0,36,18.0,2.0,2.0,2.0,43,5,0,0,0,0,562,3
32,4,2023,2023-04-01,18,2,Rio de Janeiro,3304557,Capital,6,0,0,6,2,,8,2,,162,8,1,41,54,17,3,74,40,4,5,2,0,0.0,0,2,0.0,32,159,31,18,25,70,2.0,282,428,0,6,0,332,12,3.0,8.0,1.0,22,62.0,1.0,12.0,1.0,204,10,1,0,0,0,1830,3
33,4,2023,2023-04-01,14,2,Rio de Janeiro,3304557,Capital,7,0,0,7,1,,8,2,,60,4,2,47,27,28,3,58,46,12,0,1,0,0.0,0,0,0.0,7,124,19,4,4,10,4.0,46,87,0,5,0,116,9,0.0,9.0,0.0,10,30.0,1.0,9.0,3.0,78,5,0,0,0,0,858,3
34,4,2023,2023-04-01,14,2,Rio de Janeiro,3304557,Capital,3,0,0,3,5,,8,8,,112,6,4,45,46,25,9,80,61,9,1,0,0,0.0,0,0,0.0,19,170,18,22,6,21,4.0,83,154,0,3,0,127,16,0.0,12.0,4.0,48,81.0,4.0,10.0,2.0,79,10,0,0,1,0,1010,3
35,4,2023,2023-04-01,40,2,Rio de Janeiro,3304557,Capital,4,0,0,4,0,,4,3,,187,14,4,78,63,23,4,90,37,11,3,4,0,0.0,0,1,1.0,25,172,74,26,30,48,3.0,159,340,0,14,1,210,1,1.0,0.0,0.0,24,54.0,3.0,28.0,1.0,253,21,2,0,0,0,1962,3
36,4,2023,2023-04-01,27,2,Rio de Janeiro,3304557,Capital,7,0,0,7,0,,7,1,,82,13,4,23,17,15,2,34,17,5,2,0,0,0.0,0,0,0.0,11,69,22,1,3,8,2.0,29,65,0,2,0,90,3,3.0,0.0,0.0,17,26.0,0.0,4.0,0.0,86,10,0,0,0,0,685,3
37,4,2023,2023-04-01,17,1,Rio de Janeiro,3304557,Capital,1,0,0,1,0,,1,0,,33,3,2,27,15,9,4,28,12,2,1,0,0,0.0,0,0,0.0,9,52,10,17,10,30,4.0,92,163,0,2,0,147,3,1.0,2.0,0.0,20,22.0,6.0,8.0,0.0,67,4,1,0,0,0,689,3
38,4,2023,2023-04-01,16,1,Rio de Janeiro,3304557,Capital,1,0,1,2,1,,3,10,,46,6,2,16,48,15,4,67,73,23,0,1,0,0.0,0,0,0.0,21,185,23,1,6,2,0.0,44,76,0,3,0,46,13,1.0,9.0,4.0,62,35.0,1.0,5.0,0.0,53,4,0,0,0,0,658,3
39,4,2023,2023-04-01,41,2,Rio de Janeiro,3304557,Capital,9,0,0,9,3,,12,5,,30,4,3,14,61,29,21,111,59,16,0,0,0,0.0,0,0,0.0,24,210,7,14,2,13,0.0,70,106,0,1,0,64,8,1.0,5.0,2.0,58,27.0,1.0,5.0,1.0,27,1,0,0,0,0,697,3
40,4,2023,2023-04-01,9,2,Rio de Janeiro,3304557,Capital,2,1,0,3,2,,5,2,,36,4,0,17,49,26,12,87,55,6,2,0,0,0.0,0,0,0.0,17,167,4,11,3,12,0.0,24,54,0,3,0,63,4,1.0,3.0,0.0,82,16.0,0.0,3.0,0.0,43,4,0,0,0,0,587,3
41,4,2023,2023-04-01,18,2,Rio de Janeiro,3304557,Capital,0,0,0,0,3,,3,0,,26,3,0,23,23,15,0,38,11,6,2,0,0,0.0,0,0,0.0,8,65,7,7,12,12,1.0,74,113,0,4,0,81,5,0.0,5.0,0.0,4,23.0,2.0,5.0,1.0,47,4,0,0,0,0,591,3
42,4,2023,2023-04-01,31,2,Rio de Janeiro,3304557,Capital,7,0,0,7,1,,8,6,,67,4,1,86,44,17,9,70,15,3,3,1,0,0.0,1,1,1.0,12,107,33,23,18,88,8.0,136,306,0,5,0,250,36,32.0,4.0,0.0,6,25.0,10.0,5.0,0.0,100,7,1,0,0,0,1297,3
43,4,2023,2023-04-01,27,2,Rio de Janeiro,3304557,Capital,3,0,1,4,0,,4,0,,74,6,2,43,21,7,2,30,3,1,1,1,0,0.0,0,0,0.0,5,41,15,0,5,9,0.0,48,77,0,2,0,85,1,0.0,0.0,1.0,5,9.0,0.0,4.0,0.0,91,8,0,0,0,0,575,3
44,4,2023,2023-04-01,3,1,Rio de Janeiro,3304557,Capital,1,0,0,1,0,,1,0,,25,0,0,34,30,17,1,48,60,3,0,0,0,0.0,0,2,1.0,24,138,11,3,11,19,0.0,85,129,0,1,0,52,5,2.0,2.0,1.0,18,12.0,0.0,2.0,0.0,18,6,1,0,0,0,604,3
48,4,2023,2023-04-01,24,3,Seropédica,3305554,Baixada Fluminense,4,0,0,4,0,,4,3,,16,2,1,12,7,5,0,12,4,1,0,0,0,0.0,0,1,0.0,3,21,3,1,0,1,3.0,9,17,0,1,0,13,1,0.0,1.0,0.0,7,14.0,2.0,9.0,0.0,41,3,0,0,0,0,213,3
50,4,2023,2023-04-01,24,3,Itaguaí,3302007,Baixada Fluminense,3,0,0,3,1,,4,2,,41,3,1,4,14,8,0,22,8,0,0,1,0,0.0,0,1,0.0,2,34,9,1,0,7,3.0,35,55,0,1,0,66,9,7.0,2.0,0.0,3,16.0,0.0,9.0,1.0,44,2,1,0,0,0,397,3
51,4,2023,2023-04-01,24,3,Paracambi,3303609,Baixada Fluminense,0,0,0,0,0,,0,1,,15,2,1,2,0,0,0,0,0,0,0,0,0,0.0,0,0,0.0,0,0,2,0,0,3,0.0,11,16,0,0,0,21,8,4.0,3.0,1.0,3,8.0,0.0,2.0,0.0,21,1,1,0,0,0,131,3
52,4,2023,2023-04-01,20,3,Nova Iguaçu,3303500,Baixada Fluminense,4,0,0,4,1,,5,2,,64,2,2,17,32,31,8,71,56,1,3,0,0,0.0,0,2,1.0,12,146,26,10,2,16,0.0,98,152,0,5,0,163,3,3.0,0.0,0.0,6,25.0,2.0,8.0,0.0,79,7,0,0,0,0,856,3
53,4,2023,2023-04-01,20,3,Mesquita,3302858,Baixada Fluminense,2,0,0,2,1,,3,1,,53,6,0,16,39,15,8,62,22,2,0,0,0,0.0,0,2,0.0,11,99,14,3,3,7,4.0,40,71,0,0,0,77,9,2.0,7.0,1.0,11,16.0,4.0,8.0,0.0,49,5,0,0,0,0,511,3
54,4,2023,2023-04-01,39,3,Belford Roxo,3300456,Baixada Fluminense,16,0,0,16,4,,20,9,,136,12,3,31,103,32,23,158,117,8,2,1,0,0.0,0,2,1.0,34,323,47,16,5,22,2.0,58,150,0,8,3,184,18,2.0,14.0,2.0,38,45.0,3.0,19.0,0.0,145,15,0,0,0,0,1325,3
55,4,2023,2023-04-01,24,3,Queimados,3304144,Baixada Fluminense,0,0,0,0,1,,1,3,,70,6,2,16,22,6,1,29,4,4,3,3,0,0.0,0,0,0.0,2,45,17,4,2,8,0.0,53,84,0,2,0,57,4,1.0,3.0,0.0,4,22.0,0.0,8.0,1.0,104,8,0,0,0,0,495,3
56,4,2023,2023-04-01,20,3,Nova Iguaçu,3303500,Baixada Fluminense,17,0,0,17,1,,18,5,,74,14,1,17,41,21,8,70,48,19,2,0,0,0.0,0,1,0.0,14,154,15,4,0,7,5.0,50,81,0,1,0,78,10,0.0,10.0,0.0,30,43.0,5.0,2.0,0.0,82,10,2,0,0,0,685,3
57,4,2023,2023-04-01,20,3,Nilópolis,3303203,Baixada Fluminense,1,0,0,1,0,,1,4,,51,3,2,18,38,14,0,52,26,4,1,0,0,1.0,0,0,0.0,4,88,17,5,3,13,1.0,67,106,0,1,0,70,5,0.0,4.0,1.0,10,11.0,2.0,3.0,1.0,44,5,0,0,0,0,516,3
58,4,2023,2023-04-01,20,3,Nova Iguaçu,3303500,Baixada Fluminense,9,0,0,9,2,,11,6,,149,13,6,16,63,26,7,96,52,10,4,2,0,1.0,0,0,0.0,19,184,23,5,1,9,1.0,61,100,0,1,0,141,8,2.0,6.0,0.0,11,33.0,7.0,14.0,0.0,136,12,0,0,0,0,1093,3
59,4,2023,2023-04-01,15,3,Duque de Caxias,3301702,Baixada Fluminense,5,0,1,6,3,,9,8,,96,9,0,39,118,50,42,210,141,46,7,0,0,0.0,2,5,0.0,45,456,78,41,5,25,0.0,170,319,0,1,0,143,8,1.0,7.0,0.0,151,50.0,4.0,12.0,4.0,82,16,0,0,0,0,1641,3
60,4,2023,2023-04-01,15,3,Duque de Caxias,3301702,Baixada Fluminense,5,0,0,5,13,,18,3,,68,4,6,10,15,19,8,42,102,53,1,3,0,0.0,0,1,0.0,10,212,28,1,0,5,0.0,25,59,0,1,0,44,10,0.0,9.0,1.0,31,30.0,4.0,13.0,1.0,54,6,0,0,0,0,644,3
61,4,2023,2023-04-01,15,3,Duque de Caxias,3301702,Baixada Fluminense,2,0,0,2,0,,2,0,,24,0,0,3,1,0,0,1,10,4,1,0,0,0.0,0,0,0.0,0,16,5,3,0,2,1.0,9,20,0,0,0,28,1,1.0,0.0,0.0,1,4.0,1.0,0.0,0.0,20,4,0,0,0,0,160,3
62,4,2023,2023-04-01,15,3,Duque de Caxias,3301702,Baixada Fluminense,2,0,0,2,0,,2,2,,34,3,0,9,27,16,5,48,39,9,0,2,0,0.0,0,0,0.0,9,107,11,2,0,7,2.0,25,47,0,1,0,65,6,0.0,5.0,1.0,8,11.0,1.0,1.0,1.0,40,5,0,0,0,0,396,3
63,4,2023,2023-04-01,24,3,Japeri,3302270,Baixada Fluminense,3,0,0,3,3,,6,6,,30,4,0,4,6,2,0,8,6,0,1,0,0,0.0,0,0,0.0,5,20,2,1,0,3,1.0,13,20,0,2,0,15,8,3.0,5.0,0.0,1,14.0,2.0,3.0,0.0,40,1,0,0,0,0,192,3
64,4,2023,2023-04-01,21,3,São João de Meriti,3305109,Baixada Fluminense,11,0,0,11,3,,14,4,,98,7,1,37,88,23,41,152,102,31,8,1,0,1.0,0,2,0.0,44,341,53,5,3,3,0.0,71,135,0,1,0,189,13,0.0,12.0,1.0,22,62.0,7.0,15.0,1.0,90,11,1,0,0,0,1165,3
65,4,2023,2023-04-01,34,3,Magé,3302502,Baixada Fluminense,2,0,0,2,0,,2,1,,27,4,4,5,3,0,2,5,4,0,2,1,0,0.0,0,0,0.0,1,13,12,1,1,3,1.0,17,35,0,1,0,32,23,5.0,16.0,2.0,2,28.0,3.0,5.0,0.0,29,3,0,0,0,0,248,3
66,4,2023,2023-04-01,34,3,Magé,3302502,Baixada Fluminense,2,0,0,2,0,,2,4,,71,11,0,23,6,8,0,14,6,1,0,1,0,0.0,0,0,0.0,4,26,16,3,1,3,2.0,25,50,0,1,0,33,21,18.0,3.0,0.0,4,14.0,0.0,10.0,2.0,61,1,0,0,0,0,390,3
67,4,2023,2023-04-01,34,3,Guapimirim,3301850,Baixada Fluminense,0,1,0,1,0,,1,1,,18,11,0,3,4,0,0,4,2,0,1,1,0,0.0,0,1,0.0,0,9,8,1,0,2,0.0,17,28,0,2,0,43,3,2.0,1.0,0.0,3,6.0,0.0,4.0,0.0,38,0,0,0,0,0,225,3
1,5,2023,2023-05-01,5,1,Rio de Janeiro,3304557,Capital,0,0,0,0,0,,0,2,,5,0,1,10,32,8,3,43,1,0,1,0,0,0.0,0,1,0.0,10,56,9,74,21,54,2.0,75,235,0,1,0,74,3,3.0,0.0,0.0,2,21.0,0.0,8.0,1.0,11,0,0,0,0,0,587,3
4,5,2023,2023-05-01,5,1,Rio de Janeiro,3304557,Capital,1,0,0,1,1,,2,0,,12,0,1,14,35,14,19,68,2,0,2,1,0,0.0,0,0,0.0,13,86,4,52,26,68,6.0,113,269,0,0,0,39,18,8.0,10.0,0.0,4,34.0,2.0,12.0,7.0,14,1,0,0,0,0,662,3
5,5,2023,2023-05-01,5,1,Rio de Janeiro,3304557,Capital,1,0,2,3,0,,3,0,,39,0,1,5,84,35,1,120,2,0,8,0,0,0.0,0,0,0.0,15,145,14,90,13,95,11.0,146,369,0,2,0,77,12,9.0,2.0,1.0,1,109.0,2.0,5.0,2.0,31,5,1,0,0,0,915,3
6,5,2023,2023-05-01,4,1,Rio de Janeiro,3304557,Capital,1,0,0,1,0,,1,0,,23,4,1,36,20,5,18,43,11,0,1,0,0,0.0,0,0,0.0,16,71,6,33,28,67,3.0,97,234,0,1,0,81,1,0.0,1.0,0.0,5,22.0,11.0,6.0,2.0,32,5,0,0,0,0,610,3
7,5,2023,2023-05-01,5,1,Rio de Janeiro,3304557,Capital,0,0,0,0,0,,0,2,,8,1,0,3,11,2,2,15,1,0,0,1,0,0.0,0,0,0.0,8,25,1,3,0,7,0.0,31,42,0,2,0,26,2,1.0,1.0,0.0,2,7.0,0.0,0.0,0.0,9,2,0,0,0,0,182,3
9,5,2023,2023-05-01,2,1,Rio de Janeiro,3304557,Capital,1,0,0,1,0,,1,3,,18,1,0,23,38,30,14,82,13,0,4,0,0,0.0,0,0,2.0,14,115,24,32,14,73,15.0,120,278,0,2,0,121,16,11.0,4.0,1.0,4,27.0,4.0,7.0,3.0,13,6,0,0,0,0,822,3
10,5,2023,2023-05-01,2,1,Rio de Janeiro,3304557,Capital,1,0,0,1,1,,2,0,,22,2,0,21,36,18,4,58,8,0,14,1,0,0.0,0,2,1.0,12,96,26,16,28,79,14.0,170,333,0,10,0,166,9,7.0,2.0,0.0,2,28.0,6.0,2.0,0.0,32,2,1,0,0,0,947,3
11,5,2023,2023-05-01,23,1,Rio de Janeiro,3304557,Capital,0,0,0,0,0,,0,0,,13,0,0,3,0,0,0,0,0,0,0,0,0,0.0,0,0,0.0,0,0,2,1,3,1,0.0,2,9,0,0,0,14,1,0.0,1.0,0.0,0,2.0,0.0,1.0,0.0,12,2,0,0,0,0,78,3
12,5,2023,2023-05-01,19,1,Rio de Janeiro,3304557,Capital,0,0,0,0,0,,0,0,,32,2,0,8,35,24,1,60,0,0,4,2,0,0.0,0,1,1.0,11,79,10,106,10,137,21.0,155,439,0,4,0,187,6,5.0,1.0,0.0,0,23.0,5.0,10.0,8.0,37,2,0,0,0,0,1097,3
13,5,2023,2023-05-01,19,1,Rio de Janeiro,3304557,Capital,0,0,0,0,0,,0,0,,24,0,0,7,11,15,0,26,0,0,2,0,0,0.0,1,0,0.0,1,30,5,30,6,57,17.0,99,214,0,4,0,108,9,8.0,1.0,0.0,2,32.0,7.0,2.0,1.0,5,1,0,0,0,0,535,3
14,5,2023,2023-05-01,23,1,Rio de Janeiro,3304557,Capital,0,0,0,0,0,,0,0,,9,1,1,12,10,21,1,32,0,0,0,2,0,0.0,0,0,1.0,4,39,8,41,18,139,31.0,139,376,0,2,0,169,4,2.0,1.0,1.0,1,37.0,7.0,11.0,4.0,20,11,1,0,0,0,856,3
15,5,2023,2023-05-01,23,1,Rio de Janeiro,3304557,Capital,0,0,0,0,0,,0,0,,25,3,0,11,6,12,5,23,0,0,0,2,0,0.0,0,1,0.0,4,30,10,13,17,77,3.0,63,183,0,2,0,113,5,5.0,0.0,0.0,4,5.0,3.0,5.0,2.0,17,2,0,0,0,0,526,3
16,5,2023,2023-05-01,31,2,Rio de Janeiro,3304557,Capital,6,0,0,6,0,,6,3,,59,3,3,53,50,30,14,94,12,1,1,3,0,0.0,0,0,0.0,23,134,42,30,55,119,11.0,291,548,0,2,1,381,51,43.0,8.0,0.0,6,98.0,15.0,33.0,9.0,75,8,1,0,0,0,1839,3
17,5,2023,2023-05-01,4,1,Rio de Janeiro,3304557,Capital,1,0,0,1,0,,1,4,,30,1,1,32,26,17,26,69,31,1,0,0,0,0.0,0,0,1.0,17,119,13,12,19,60,0.0,94,198,0,0,0,53,6,3.0,2.0,1.0,11,28.0,1.0,8.0,0.0,23,3,0,0,0,0,684,3
18,5,2023,2023-05-01,6,1,Rio de Janeiro,3304557,Capital,0,0,0,0,1,,1,0,,23,2,3,14,28,43,9,80,11,0,5,0,0,0.0,0,0,0.0,19,115,12,27,16,160,1.0,159,375,0,4,0,82,8,8.0,0.0,0.0,6,13.0,1.0,8.0,1.0,38,2,0,0,0,0,863,3
19,5,2023,2023-05-01,6,1,Rio de Janeiro,3304557,Capital,1,0,0,1,0,,1,0,,24,3,1,19,38,30,2,70,7,0,5,0,0,0.0,0,0,0.0,3,85,11,24,18,70,3.0,120,246,0,3,0,160,4,2.0,2.0,0.0,1,35.0,4.0,6.0,2.0,42,2,0,0,0,0,867,3
20,5,2023,2023-05-01,6,1,Rio de Janeiro,3304557,Capital,2,0,0,2,0,,2,2,,31,1,0,16,36,15,4,55,19,0,4,2,0,0.0,0,1,0.0,9,90,17,9,35,33,1.0,132,227,0,1,0,120,2,0.0,2.0,0.0,2,16.0,6.0,2.0,0.0,34,5,0,0,0,0,736,3
21,5,2023,2023-05-01,22,1,Rio de Janeiro,3304557,Capital,8,0,1,9,2,,11,11,,50,7,4,37,54,26,17,97,70,9,4,1,0,2.0,0,0,1.0,39,223,21,15,32,32,1.0,139,240,0,2,0,189,22,7.0,10.0,5.0,142,59.0,2.0,26.0,6.0,38,5,0,0,0,0,1368,3
22,5,2023,2023-05-01,16,1,Rio de Janeiro,3304557,Capital,11,0,0,11,2,,13,4,,47,5,2,28,41,16,6,63,35,14,8,1,0,0.0,0,1,0.0,12,134,18,6,17,5,1.0,101,148,0,5,1,158,8,2.0,6.0,0.0,68,39.0,1.0,7.0,1.0,46,5,0,0,0,0,910,3
23,5,2023,2023-05-01,3,1,Rio de Janeiro,3304557,Capital,0,0,0,0,0,,0,0,,21,1,0,9,45,20,3,68,36,1,0,0,0,0.0,0,1,0.0,16,122,8,5,8,14,0.0,71,106,0,0,0,61,0,0.0,0.0,0.0,4,9.0,3.0,3.0,0.0,21,3,0,0,0,0,505,3
24,5,2023,2023-05-01,3,1,Rio de Janeiro,3304557,Capital,0,0,0,0,0,,0,0,,30,1,1,16,45,36,6,87,55,0,0,0,0,0.0,0,0,0.0,24,166,13,14,8,59,0.0,95,189,0,1,0,84,2,1.0,1.0,0.0,16,14.0,0.0,2.0,0.0,43,3,0,0,0,0,701,3
25,5,2023,2023-05-01,3,1,Rio de Janeiro,3304557,Capital,1,0,1,2,2,,4,6,,46,0,0,17,20,14,10,44,31,1,1,0,0,0.0,0,0,0.0,35,112,3,4,20,22,1.0,72,122,0,6,0,71,17,4.0,9.0,4.0,37,32.0,2.0,7.0,2.0,37,1,0,0,0,0,637,3
26,5,2023,2023-05-01,3,1,Rio de Janeiro,3304557,Capital,1,0,0,1,0,,1,0,,28,1,0,16,43,23,5,71,48,1,0,0,0,0.0,0,0,0.0,21,141,6,12,5,48,0.0,59,130,0,2,0,72,7,4.0,2.0,1.0,16,15.0,2.0,2.0,1.0,29,4,0,0,0,0,653,3
27,5,2023,2023-05-01,41,2,Rio de Janeiro,3304557,Capital,5,0,0,5,1,,6,2,,26,5,0,18,80,22,8,110,115,9,3,0,0,0.0,0,0,0.0,27,264,20,7,17,14,1.0,106,165,0,3,0,175,4,0.0,4.0,0.0,58,28.0,2.0,4.0,0.0,53,2,1,0,0,0,1007,3
28,5,2023,2023-05-01,18,2,Rio de Janeiro,3304557,Capital,1,0,0,1,1,,2,1,,47,1,0,7,14,13,4,31,26,8,1,1,0,0.0,0,0,0.0,8,75,1,4,16,16,2.0,53,92,0,4,0,124,3,1.0,2.0,0.0,7,32.0,3.0,5.0,0.0,37,5,0,0,0,0,571,3
29,5,2023,2023-05-01,9,2,Rio de Janeiro,3304557,Capital,1,0,0,1,1,,2,1,,26,5,1,28,90,34,16,140,99,3,4,2,0,0.0,0,0,0.0,31,279,18,46,35,40,1.0,148,288,0,3,0,161,3,1.0,2.0,0.0,47,55.0,2.0,0.0,1.0,42,5,0,0,0,0,1135,3
30,5,2023,2023-05-01,9,2,Rio de Janeiro,3304557,Capital,0,0,0,0,0,,0,1,,50,3,1,18,45,25,5,75,58,1,2,0,0,0.0,0,0,0.0,15,151,23,11,5,6,0.0,42,87,0,2,0,87,1,0.0,0.0,1.0,7,26.0,0.0,1.0,1.0,47,3,0,0,0,0,580,3
31,5,2023,2023-05-01,41,2,Rio de Janeiro,3304557,Capital,2,0,0,2,1,,3,0,,31,5,1,26,61,27,12,100,45,7,1,0,0,0.0,0,0,0.0,19,172,20,2,15,9,1.0,46,93,0,1,0,92,8,1.0,6.0,1.0,42,21.0,3.0,3.0,0.0,37,0,0,0,0,0,676,3
32,5,2023,2023-05-01,18,2,Rio de Janeiro,3304557,Capital,15,0,0,15,0,,15,1,,145,3,5,44,65,39,11,115,45,11,3,2,0,0.0,0,1,0.0,33,210,34,19,62,59,7.0,323,504,0,6,0,370,21,6.0,10.0,5.0,25,71.0,1.0,20.0,1.0,137,17,0,0,0,0,2125,3
33,5,2023,2023-05-01,14,2,Rio de Janeiro,3304557,Capital,6,0,0,6,1,,7,1,,84,8,4,57,40,23,2,65,60,9,6,0,0,1.0,0,2,0.0,10,153,23,10,2,22,5.0,63,125,0,1,0,127,5,0.0,5.0,0.0,29,37.0,3.0,6.0,2.0,67,4,0,0,0,0,956,3
34,5,2023,2023-05-01,14,2,Rio de Janeiro,3304557,Capital,6,0,0,6,7,,13,5,,93,8,2,44,52,34,6,92,75,18,2,1,0,0.0,0,0,0.0,22,210,24,26,9,31,1.0,100,191,0,3,0,239,21,3.0,13.0,5.0,51,59.0,3.0,22.0,1.0,96,10,1,0,0,0,1279,3
35,5,2023,2023-05-01,40,2,Rio de Janeiro,3304557,Capital,5,0,0,5,0,,5,7,,176,22,5,85,47,18,3,68,39,15,7,1,0,1.0,0,0,0.0,21,152,76,24,19,60,4.0,227,410,0,11,2,246,3,2.0,1.0,0.0,24,75.0,3.0,28.0,4.0,268,19,0,0,0,0,2152,3
36,5,2023,2023-05-01,27,2,Rio de Janeiro,3304557,Capital,6,0,0,6,0,,6,2,,99,11,3,38,29,23,4,56,18,3,2,1,0,0.0,0,0,0.0,5,85,27,8,10,12,2.0,68,127,0,1,0,157,2,2.0,0.0,0.0,20,53.0,0.0,15.0,1.0,119,13,3,0,0,0,1012,3
37,5,2023,2023-05-01,17,1,Rio de Janeiro,3304557,Capital,0,0,0,0,0,,0,4,,49,6,0,20,16,4,0,20,16,0,1,0,0,0.0,1,0,0.0,5,43,16,10,8,13,4.0,94,145,0,2,0,169,9,7.0,3.0,0.0,22,22.0,7.0,6.0,1.0,63,5,0,1,0,0,736,3
38,5,2023,2023-05-01,16,1,Rio de Janeiro,3304557,Capital,2,0,1,3,1,,4,1,,55,3,3,26,37,15,4,56,56,5,3,0,0,0.0,0,0,0.0,27,147,22,2,12,5,0.0,52,93,0,1,0,87,14,3.0,12.0,0.0,76,52.0,1.0,13.0,3.0,37,8,0,0,0,0,759,3
39,5,2023,2023-05-01,41,2,Rio de Janeiro,3304557,Capital,2,0,0,2,3,,5,2,,25,1,1,14,70,27,30,127,73,9,0,0,0,0.0,0,0,0.0,30,239,12,9,5,13,0.0,87,126,0,1,0,106,15,1.0,13.0,1.0,106,28.0,1.0,13.0,1.0,9,4,0,0,0,0,861,3
40,5,2023,2023-05-01,9,2,Rio de Janeiro,3304557,Capital,1,0,1,2,0,,2,2,,43,3,0,24,42,29,15,86,47,5,3,0,0,0.0,0,1,0.0,21,163,15,8,4,6,0.0,41,74,0,4,0,68,5,1.0,4.0,0.0,28,13.0,2.0,6.0,0.0,29,1,1,0,0,0,543,3
41,5,2023,2023-05-01,18,2,Rio de Janeiro,3304557,Capital,1,0,0,1,2,,3,4,,38,2,1,20,21,30,4,55,23,4,4,0,0,0.0,0,0,0.0,13,99,8,4,15,25,2.0,77,131,0,4,0,127,3,1.0,2.0,0.0,18,18.0,1.0,5.0,0.0,50,6,0,0,0,0,753,3
42,5,2023,2023-05-01,31,2,Rio de Janeiro,3304557,Capital,5,0,0,5,0,,5,5,,61,2,4,52,50,12,3,65,8,0,3,0,0,0.0,0,1,1.0,9,87,54,26,23,60,12.0,169,344,0,14,1,300,38,35.0,3.0,0.0,4,28.0,5.0,13.0,1.0,84,5,1,0,0,0,1442,3
43,5,2023,2023-05-01,27,2,Rio de Janeiro,3304557,Capital,3,0,0,3,0,,3,3,,57,9,2,28,16,1,6,23,7,0,4,0,0,0.0,0,0,0.0,3,37,9,4,5,7,2.0,43,70,0,2,0,88,1,0.0,1.0,0.0,6,17.0,1.0,3.0,0.0,88,4,1,0,0,0,546,3
44,5,2023,2023-05-01,3,1,Rio de Janeiro,3304557,Capital,7,0,0,7,3,,10,7,,27,3,1,19,30,34,2,66,96,2,1,1,0,0.0,0,0,0.0,36,202,9,7,14,24,0.0,99,153,0,0,0,56,4,2.0,2.0,0.0,30,18.0,0.0,4.0,0.0,28,3,1,0,0,0,717,3
48,5,2023,2023-05-01,24,3,Seropédica,3305554,Baixada Fluminense,7,0,0,7,0,,7,1,,19,1,4,10,0,2,0,2,8,5,0,0,0,0.0,0,0,0.0,2,17,3,0,1,4,1.0,17,26,0,3,0,42,1,1.0,0.0,0.0,3,21.0,1.0,10.0,0.0,16,5,0,0,0,0,243,3
50,5,2023,2023-05-01,24,3,Itaguaí,3302007,Baixada Fluminense,3,0,0,3,0,,3,3,,47,2,0,7,16,10,1,27,3,0,3,3,0,1.0,0,0,0.0,2,39,1,7,1,9,1.0,34,53,0,0,0,78,10,5.0,5.0,0.0,8,28.0,3.0,9.0,0.0,38,1,0,0,0,0,432,3
51,5,2023,2023-05-01,24,3,Paracambi,3303609,Baixada Fluminense,1,0,0,1,0,,1,2,,20,2,0,0,0,0,0,0,0,0,0,0,0,0.0,0,1,0.0,1,2,0,0,0,3,2.0,18,23,0,0,0,21,12,6.0,5.0,1.0,0,18.0,0.0,3.0,0.0,19,1,1,0,0,0,147,3
52,5,2023,2023-05-01,20,3,Nova Iguaçu,3303500,Baixada Fluminense,0,0,0,0,0,,0,2,,73,2,1,31,42,31,5,78,49,5,5,2,0,0.0,0,4,0.0,21,164,50,5,7,23,2.0,97,184,0,3,0,111,3,3.0,0.0,0.0,12,48.0,1.0,15.0,0.0,56,9,0,0,0,0,830,3
53,5,2023,2023-05-01,20,3,Mesquita,3302858,Baixada Fluminense,0,0,0,0,0,,0,0,,38,3,1,14,43,22,13,78,21,3,7,0,0,0.0,0,1,0.0,7,117,26,4,2,7,4.0,48,91,0,1,0,85,6,2.0,4.0,1.0,7,20.0,0.0,4.0,1.0,47,6,0,0,0,0,554,3
54,5,2023,2023-05-01,39,3,Belford Roxo,3300456,Baixada Fluminense,12,0,0,12,5,,17,11,,118,6,6,40,93,39,25,157,128,15,2,1,0,0.0,0,1,1.0,25,330,50,16,9,14,0.0,71,160,0,12,0,214,20,1.0,19.0,0.0,57,82.0,8.0,24.0,0.0,139,20,1,0,0,0,1414,3
55,5,2023,2023-05-01,24,3,Queimados,3304144,Baixada Fluminense,3,0,0,3,0,,3,0,,79,5,5,26,19,11,0,30,3,1,0,8,0,1.0,0,0,0.0,6,49,5,2,4,8,2.0,50,71,0,6,0,76,4,4.0,0.0,0.0,5,42.0,4.0,2.0,0.0,69,8,0,0,0,0,553,3
56,5,2023,2023-05-01,20,3,Nova Iguaçu,3303500,Baixada Fluminense,3,0,0,3,1,,4,10,,65,18,3,20,47,28,3,78,31,9,3,1,0,0.0,0,1,0.0,24,147,15,1,0,7,1.0,36,60,0,2,0,96,16,2.0,14.0,0.0,25,53.0,2.0,9.0,0.0,74,9,0,0,0,0,688,3
57,5,2023,2023-05-01,20,3,Nilópolis,3303203,Baixada Fluminense,2,0,0,2,0,,2,0,,38,4,1,12,42,24,4,70,22,1,0,0,0,0.0,0,0,0.0,13,106,14,4,2,3,4.0,88,115,0,1,0,63,4,3.0,1.0,0.0,5,17.0,0.0,13.0,1.0,51,7,1,0,0,0,559,3
58,5,2023,2023-05-01,20,3,Nova Iguaçu,3303500,Baixada Fluminense,8,0,1,9,0,,9,4,,125,21,3,33,78,30,6,114,51,7,2,4,0,0.0,0,0,0.0,33,211,39,1,1,8,1.0,62,112,0,5,0,119,3,2.0,2.0,0.0,22,64.0,0.0,17.0,1.0,113,19,0,0,0,0,1115,3
59,5,2023,2023-05-01,15,3,Duque de Caxias,3301702,Baixada Fluminense,5,0,0,5,3,,8,17,,76,1,3,40,143,42,35,220,183,31,8,0,0,1.0,0,3,0.0,60,506,71,38,11,31,2.0,178,331,0,1,0,121,15,3.0,12.0,0.0,181,96.0,7.0,12.0,1.0,84,10,0,0,0,0,1737,3
60,5,2023,2023-05-01,15,3,Duque de Caxias,3301702,Baixada Fluminense,10,0,0,10,4,,14,5,,61,4,4,25,35,18,4,57,112,54,2,1,0,0.0,0,0,1.0,21,248,34,2,1,5,2.0,27,71,0,1,1,57,13,1.0,11.0,1.0,50,43.0,8.0,29.0,0.0,36,6,0,0,0,0,736,3
61,5,2023,2023-05-01,15,3,Duque de Caxias,3301702,Baixada Fluminense,1,0,0,1,0,,1,3,,22,1,3,14,1,3,0,4,8,3,0,0,0,0.0,0,0,1.0,1,17,2,1,0,2,2.0,8,15,0,1,0,38,1,1.0,0.0,0.0,1,8.0,0.0,2.0,0.0,18,4,1,0,0,0,183,3
62,5,2023,2023-05-01,15,3,Duque de Caxias,3301702,Baixada Fluminense,0,0,0,0,0,,0,1,,49,3,1,18,29,10,2,41,51,23,2,1,0,0.0,0,0,0.0,12,130,10,3,0,14,2.0,33,62,0,2,0,79,7,0.0,6.0,1.0,9,23.0,2.0,9.0,0.0,42,5,0,0,0,0,518,3
63,5,2023,2023-05-01,24,3,Japeri,3302270,Baixada Fluminense,5,0,0,5,2,,7,1,,29,4,0,4,2,3,0,5,5,1,0,0,0,0.0,0,0,0.0,2,13,4,1,0,2,1.0,10,18,0,0,0,12,7,4.0,2.0,1.0,3,14.0,0.0,7.0,0.0,32,0,0,0,0,0,209,3
64,5,2023,2023-05-01,21,3,São João de Meriti,3305109,Baixada Fluminense,10,0,0,10,4,,14,11,,121,6,2,39,77,36,56,169,140,26,5,4,0,0.0,0,0,0.0,44,388,41,10,4,10,0.0,87,152,0,1,0,175,19,0.0,15.0,4.0,29,83.0,9.0,12.0,0.0,80,9,0,0,0,0,1282,3
65,5,2023,2023-05-01,34,3,Magé,3302502,Baixada Fluminense,3,0,0,3,1,,4,4,,29,3,0,10,3,2,0,5,4,3,2,0,0,0.0,0,0,0.0,2,16,10,5,0,7,0.0,18,40,0,0,0,22,21,8.0,12.0,2.0,1,25.0,3.0,4.0,0.0,22,1,0,0,0,0,247,3
66,5,2023,2023-05-01,34,3,Magé,3302502,Baixada Fluminense,0,0,1,1,0,,1,3,,51,6,0,27,10,6,0,16,9,1,3,2,0,0.0,0,0,0.0,5,36,15,5,1,4,3.0,54,82,0,0,0,57,27,19.0,6.0,2.0,7,40.0,0.0,9.0,0.0,60,9,0,0,0,0,517,3
67,5,2023,2023-05-01,34,3,Guapimirim,3301850,Baixada Fluminense,4,0,0,4,0,,4,2,,14,11,2,27,1,2,1,4,3,1,0,3,0,0.0,0,0,0.0,3,14,1,2,0,0,1.0,25,29,0,2,0,38,13,5.0,8.0,0.0,2,12.0,3.0,6.0,0.0,29,3,0,0,0,0,253,3
1,6,2023,2023-06-01,5,1,Rio de Janeiro,3304557,Capital,1,0,0,1,0,,1,0,,7,0,0,6,30,11,3,44,1,0,1,0,0,0.0,0,0,2.0,2,50,3,69,12,53,1.0,67,205,0,0,0,71,0,0.0,0.0,0.0,0,51.0,0.0,4.0,0.0,15,4,0,0,0,0,531,3
4,6,2023,2023-06-01,5,1,Rio de Janeiro,3304557,Capital,1,0,0,1,0,,1,0,,20,1,1,13,28,11,31,70,1,0,1,0,0,0.0,0,0,0.0,18,90,12,35,21,78,1.0,136,283,0,0,0,39,11,3.0,7.0,1.0,2,25.0,3.0,9.0,0.0,11,2,0,0,0,0,621,3
5,6,2023,2023-06-01,5,1,Rio de Janeiro,3304557,Capital,0,0,0,0,0,,0,0,,34,5,0,6,79,22,0,101,3,1,3,2,0,0.0,0,0,0.0,9,119,17,79,16,114,7.0,116,349,0,1,0,77,16,7.0,7.0,2.0,1,46.0,3.0,11.0,3.0,28,4,0,0,0,0,872,3
6,6,2023,2023-06-01,4,1,Rio de Janeiro,3304557,Capital,2,0,0,2,0,,2,1,,29,0,0,19,18,11,10,39,13,0,5,0,0,0.0,0,1,0.0,10,68,10,29,32,85,0.0,63,219,0,0,0,77,4,1.0,2.0,1.0,19,6.0,5.0,9.0,3.0,22,2,0,0,0,0,597,3
7,6,2023,2023-06-01,5,1,Rio de Janeiro,3304557,Capital,0,0,0,0,0,,0,0,,16,2,0,2,4,1,2,7,1,0,1,1,0,0.0,0,0,1.0,6,17,6,6,2,3,0.0,31,48,0,1,0,31,2,1.0,1.0,0.0,10,17.0,0.0,0.0,0.0,14,1,0,0,0,0,208,3
9,6,2023,2023-06-01,2,1,Rio de Janeiro,3304557,Capital,0,0,0,0,0,,0,1,,30,2,2,13,28,28,8,64,14,0,3,2,0,0.0,0,0,3.0,17,103,14,38,9,95,8.0,124,288,0,2,0,88,11,11.0,0.0,0.0,7,18.0,9.0,3.0,7.0,22,5,1,0,0,0,785,3
10,6,2023,2023-06-01,2,1,Rio de Janeiro,3304557,Capital,0,0,0,0,0,,0,2,,25,1,1,13,20,22,7,49,5,1,7,0,0,0.0,0,0,1.0,10,73,27,26,22,72,13.0,145,305,0,5,0,143,9,8.0,1.0,0.0,2,19.0,12.0,6.0,5.0,27,1,0,0,0,0,832,3
11,6,2023,2023-06-01,23,1,Rio de Janeiro,3304557,Capital,0,0,0,0,0,,0,0,,15,3,0,2,0,0,1,1,0,0,0,0,0,0.0,0,0,0.0,0,1,1,4,1,5,0.0,8,19,0,4,0,44,2,0.0,2.0,0.0,2,3.0,0.0,1.0,1.0,12,1,0,0,0,0,143,3
12,6,2023,2023-06-01,19,1,Rio de Janeiro,3304557,Capital,0,0,0,0,0,,0,2,,28,0,1,9,25,15,1,41,1,0,1,0,0,0.0,0,0,1.0,6,50,9,65,11,89,13.0,158,345,0,2,0,189,11,8.0,4.0,0.0,4,39.0,7.0,9.0,9.0,25,2,1,0,0,0,897,3
13,6,2023,2023-06-01,19,1,Rio de Janeiro,3304557,Capital,0,0,0,0,0,,0,0,,21,0,0,11,11,7,1,19,1,0,2,1,0,0.0,0,2,1.0,3,29,2,26,4,36,14.0,92,174,0,3,0,103,3,2.0,1.0,0.0,1,19.0,8.0,3.0,0.0,15,0,0,0,0,0,461,3
14,6,2023,2023-06-01,23,1,Rio de Janeiro,3304557,Capital,0,0,0,0,0,,0,0,,11,2,0,12,22,8,0,30,1,0,2,0,0,0.0,0,0,0.0,5,38,8,46,10,104,15.0,110,293,0,5,0,167,8,4.0,3.0,1.0,1,28.0,10.0,10.0,2.0,16,3,0,0,0,0,751,3
15,6,2023,2023-06-01,23,1,Rio de Janeiro,3304557,Capital,0,0,0,0,0,,0,0,,8,1,0,18,15,6,2,23,1,0,1,1,0,0.0,0,0,0.0,1,27,7,14,16,51,3.0,62,153,0,4,0,95,4,4.0,0.0,0.0,2,15.0,2.0,4.0,1.0,15,1,1,0,0,0,496,3
16,6,2023,2023-06-01,31,2,Rio de Janeiro,3304557,Capital,5,0,0,5,0,,5,0,,49,4,1,44,34,30,10,74,14,0,3,0,0,0.0,1,0,0.0,18,110,24,38,58,140,9.0,289,558,0,4,0,340,30,28.0,3.0,0.0,5,72.0,15.0,19.0,10.0,69,3,0,0,0,0,1705,3
17,6,2023,2023-06-01,4,1,Rio de Janeiro,3304557,Capital,2,0,0,2,2,,4,1,,21,3,0,24,29,9,16,54,16,0,1,0,0,0.0,0,0,0.0,20,91,16,13,32,50,0.0,136,247,0,3,0,38,5,1.0,4.0,0.0,10,23.0,0.0,65.0,1.0,24,3,0,0,0,0,677,3
18,6,2023,2023-06-01,6,1,Rio de Janeiro,3304557,Capital,1,0,0,1,0,,1,1,,27,0,1,15,38,47,5,90,4,1,1,1,0,0.0,0,0,0.0,13,110,6,30,10,163,3.0,122,334,0,0,0,74,6,6.0,0.0,0.0,3,16.0,4.0,4.0,1.0,15,1,0,0,0,0,797,3
19,6,2023,2023-06-01,6,1,Rio de Janeiro,3304557,Capital,0,0,0,0,1,,1,0,,28,2,0,15,36,28,5,69,11,0,5,0,0,0.0,0,0,0.0,16,101,9,11,17,51,2.0,157,247,0,6,0,161,4,3.0,1.0,0.0,3,34.0,1.0,5.0,4.0,40,3,0,0,0,0,831,3
20,6,2023,2023-06-01,6,1,Rio de Janeiro,3304557,Capital,1,0,0,1,0,,1,1,,15,0,0,14,29,18,1,48,21,0,1,0,0,0.0,0,0,0.0,4,74,11,16,19,24,4.0,161,235,0,2,0,89,3,1.0,2.0,0.0,3,25.0,8.0,5.0,1.0,22,3,0,1,0,0,707,3
21,6,2023,2023-06-01,22,1,Rio de Janeiro,3304557,Capital,2,0,0,2,3,,5,1,,45,4,5,36,31,25,11,67,58,17,2,0,0,0.0,0,0,0.0,26,170,21,17,28,31,0.0,100,197,0,3,0,109,18,3.0,12.0,4.0,72,34.0,3.0,25.0,4.0,39,9,0,0,0,0,908,3
22,6,2023,2023-06-01,16,1,Rio de Janeiro,3304557,Capital,2,0,0,2,0,,2,0,,41,8,3,17,37,18,5,60,19,8,5,0,0,0.0,1,1,0.0,8,102,11,9,10,12,0.0,114,156,0,1,0,119,9,4.0,3.0,2.0,18,23.0,0.0,12.0,0.0,47,7,0,0,0,0,730,3
23,6,2023,2023-06-01,3,1,Rio de Janeiro,3304557,Capital,0,0,0,0,0,,0,0,,14,3,0,6,43,18,4,65,34,0,1,0,0,0.0,0,0,0.0,13,113,11,10,5,13,0.0,69,108,0,0,0,53,2,1.0,1.0,0.0,5,11.0,3.0,6.0,1.0,24,3,0,0,0,0,456,3
24,6,2023,2023-06-01,3,1,Rio de Janeiro,3304557,Capital,1,0,0,1,2,,3,3,,24,1,2,18,57,22,4,83,36,1,2,0,0,0.0,0,0,0.0,18,140,7,13,9,48,0.0,59,136,0,3,0,77,1,1.0,0.0,0.0,18,22.0,1.0,1.0,1.0,39,2,2,0,0,0,614,3
25,6,2023,2023-06-01,3,1,Rio de Janeiro,3304557,Capital,0,0,0,0,1,,1,0,,22,2,2,8,26,27,10,63,33,2,1,0,0,0.0,0,0,0.0,21,120,1,3,19,23,0.0,47,93,0,0,0,48,15,3.0,8.0,4.0,20,21.0,6.0,9.0,1.0,28,2,0,0,0,0,498,3
26,6,2023,2023-06-01,3,1,Rio de Janeiro,3304557,Capital,0,0,0,0,2,,2,4,,17,2,1,23,26,37,4,67,29,4,0,0,0,0.0,0,0,0.0,25,125,5,9,11,59,1.0,79,164,0,3,0,69,3,0.0,3.0,0.0,18,25.0,4.0,6.0,1.0,21,1,0,0,0,0,598,3
27,6,2023,2023-06-01,41,2,Rio de Janeiro,3304557,Capital,4,0,2,6,4,,10,1,,34,3,1,14,44,28,9,81,63,4,4,1,0,0.0,0,0,0.0,22,175,23,5,13,16,1.0,78,136,0,2,0,120,7,4.0,3.0,0.0,25,61.0,4.0,10.0,1.0,45,3,0,0,0,0,774,3
28,6,2023,2023-06-01,18,2,Rio de Janeiro,3304557,Capital,3,0,0,3,4,,7,1,,26,1,1,8,16,7,3,26,8,1,2,0,0,0.0,0,0,0.0,5,42,6,3,11,9,1.0,55,85,0,4,0,110,5,0.0,5.0,0.0,6,11.0,1.0,6.0,0.0,49,3,0,0,0,0,449,3
29,6,2023,2023-06-01,9,2,Rio de Janeiro,3304557,Capital,9,0,0,9,3,,12,3,,39,8,2,25,79,44,25,148,30,3,0,2,0,0.0,0,0,0.0,26,209,27,27,19,30,0.0,133,236,0,3,0,198,8,5.0,3.0,0.0,13,35.0,0.0,8.0,1.0,58,13,1,0,0,0,1056,3
30,6,2023,2023-06-01,9,2,Rio de Janeiro,3304557,Capital,1,0,0,1,1,,2,0,,43,2,0,17,44,26,12,82,37,1,2,0,0,0.0,0,1,0.0,7,130,15,10,9,14,2.0,44,94,0,1,0,85,2,1.0,1.0,0.0,12,9.0,0.0,2.0,0.0,46,3,0,0,0,0,552,3
31,6,2023,2023-06-01,41,2,Rio de Janeiro,3304557,Capital,2,0,0,2,0,,2,0,,54,4,0,19,48,31,11,90,54,10,0,1,0,0.0,0,1,0.0,30,186,11,5,6,17,0.0,39,78,0,1,0,89,6,1.0,4.0,1.0,39,13.0,0.0,0.0,0.0,48,2,0,0,0,0,643,3
32,6,2023,2023-06-01,18,2,Rio de Janeiro,3304557,Capital,8,0,0,8,3,,11,5,,111,12,0,26,51,16,7,74,49,2,5,0,0,0.0,0,0,0.0,37,167,13,10,30,56,4.0,326,439,0,9,0,294,16,4.0,9.0,3.0,23,52.0,1.0,14.0,3.0,162,16,0,0,0,0,1793,3
33,6,2023,2023-06-01,14,2,Rio de Janeiro,3304557,Capital,2,1,0,3,3,,6,2,,64,10,4,40,45,29,2,76,43,11,1,0,0,0.0,0,0,0.0,24,155,23,7,0,18,1.0,53,102,0,7,0,112,7,2.0,5.0,0.0,18,49.0,2.0,13.0,0.0,76,4,1,0,0,0,893,3
34,6,2023,2023-06-01,14,2,Rio de Janeiro,3304557,Capital,4,0,0,4,4,,8,9,,99,12,1,38,43,33,9,85,60,15,3,1,0,0.0,0,1,0.0,16,181,25,32,3,38,1.0,86,185,0,1,0,191,14,0.0,14.0,0.0,40,64.0,5.0,49.0,2.0,73,11,0,0,0,0,1208,3
35,6,2023,2023-06-01,40,2,Rio de Janeiro,3304557,Capital,3,0,0,3,0,,3,10,,178,18,6,83,43,26,8,77,36,5,4,5,0,0.0,0,1,0.0,19,147,80,38,24,30,3.0,181,356,0,11,0,238,1,0.0,1.0,0.0,24,73.0,0.0,11.0,1.0,211,18,0,0,0,0,1962,3
36,6,2023,2023-06-01,27,2,Rio de Janeiro,3304557,Capital,10,0,0,10,1,,11,6,,113,5,3,48,25,16,2,43,10,3,2,3,0,0.0,0,0,0.0,6,67,21,2,2,13,2.0,50,90,0,7,3,158,3,1.0,2.0,0.0,30,29.0,2.0,4.0,0.0,78,7,0,0,0,0,923,3
37,6,2023,2023-06-01,17,1,Rio de Janeiro,3304557,Capital,1,0,0,1,0,,1,1,,47,0,1,31,9,7,2,18,11,1,0,0,0,0.0,0,0,0.0,5,35,12,15,10,15,0.0,87,139,0,3,0,144,11,10.0,1.0,0.0,36,13.0,5.0,5.0,1.0,65,7,0,0,0,0,721,3
38,6,2023,2023-06-01,16,1,Rio de Janeiro,3304557,Capital,0,0,0,0,1,,1,1,,51,4,4,27,33,9,5,47,51,4,0,0,0,0.0,0,0,0.0,20,122,28,8,4,6,0.0,27,73,0,1,0,62,9,1.0,7.0,1.0,29,14.0,1.0,5.0,2.0,36,6,1,0,0,0,513,3
39,6,2023,2023-06-01,41,2,Rio de Janeiro,3304557,Capital,5,0,0,5,4,,9,0,,48,4,3,10,67,16,30,113,64,7,2,1,0,0.0,0,0,0.0,23,210,17,8,7,11,3.0,86,132,0,0,0,79,5,0.0,5.0,0.0,91,30.0,3.0,14.0,3.0,36,6,0,0,0,0,815,3
40,6,2023,2023-06-01,9,2,Rio de Janeiro,3304557,Capital,1,0,0,1,1,,2,0,,42,3,0,12,40,17,12,69,25,6,1,0,0,0.0,0,0,0.0,13,114,14,11,3,11,1.0,20,60,0,0,0,65,4,0.0,3.0,1.0,9,21.0,3.0,14.0,0.0,29,1,0,0,0,0,460,3
41,6,2023,2023-06-01,18,2,Rio de Janeiro,3304557,Capital,1,0,0,1,0,,1,4,,18,3,0,16,23,24,2,49,11,1,2,0,0,0.0,0,0,0.0,15,78,6,7,14,12,2.0,80,121,0,1,0,122,3,1.0,2.0,0.0,12,22.0,3.0,3.0,0.0,43,2,0,0,0,0,603,3
42,6,2023,2023-06-01,31,2,Rio de Janeiro,3304557,Capital,8,0,0,8,1,,9,2,,57,4,1,27,35,12,3,50,11,1,5,2,0,1.0,0,3,0.0,17,90,30,13,29,34,4.0,109,219,0,7,1,250,24,22.0,2.0,0.0,8,35.0,12.0,10.0,3.0,83,2,0,0,0,0,1157,3
43,6,2023,2023-06-01,27,2,Rio de Janeiro,3304557,Capital,1,0,0,1,0,,1,3,,58,9,3,45,13,6,1,20,1,0,4,1,0,0.0,0,0,0.0,4,30,16,2,5,15,1.0,47,86,0,3,0,82,0,0.0,0.0,0.0,9,21.0,0.0,3.0,2.0,69,2,0,0,0,0,536,3
44,6,2023,2023-06-01,3,1,Rio de Janeiro,3304557,Capital,4,0,0,4,0,,4,0,,35,3,0,25,16,23,3,42,63,0,0,0,0,0.0,0,0,0.0,29,134,9,7,12,32,1.0,90,151,0,0,0,68,6,1.0,5.0,0.0,23,19.0,0.0,5.0,2.0,20,2,0,0,0,0,588,3
48,6,2023,2023-06-01,24,3,Seropédica,3305554,Baixada Fluminense,0,0,0,0,1,,1,0,,16,4,3,8,6,5,0,11,6,2,2,1,0,0.0,0,0,1.0,3,26,3,0,2,3,0.0,17,25,0,7,0,19,2,1.0,1.0,0.0,7,8.0,0.0,14.0,0.0,25,2,0,0,0,0,260,3
50,6,2023,2023-06-01,24,3,Itaguaí,3302007,Baixada Fluminense,4,0,0,4,2,,6,5,,36,2,1,14,18,4,2,24,7,0,2,0,0,0.0,0,1,1.0,1,36,5,1,1,11,1.0,47,66,0,3,0,72,9,6.0,3.0,0.0,7,20.0,1.0,15.0,0.0,33,5,1,0,0,0,435,3
51,6,2023,2023-06-01,24,3,Paracambi,3303609,Baixada Fluminense,0,0,0,0,0,,0,0,,13,0,0,7,0,1,1,2,0,0,0,0,0,0.0,0,0,0.0,0,2,3,0,0,0,1.0,12,16,0,0,0,15,6,4.0,3.0,1.0,0,9.0,0.0,3.0,0.0,14,0,0,0,0,0,113,3
52,6,2023,2023-06-01,20,3,Nova Iguaçu,3303500,Baixada Fluminense,1,0,0,1,2,,3,4,,45,8,6,36,54,27,7,88,38,0,2,3,0,0.0,0,1,0.0,30,162,37,18,1,13,3.0,117,189,0,4,0,88,5,4.0,1.0,0.0,15,36.0,5.0,13.0,0.0,59,8,0,0,0,0,871,3
53,6,2023,2023-06-01,20,3,Mesquita,3302858,Baixada Fluminense,2,0,0,2,1,,3,4,,45,2,1,20,44,16,16,76,14,1,3,0,0,0.0,0,0,0.0,8,102,19,7,2,6,1.0,53,88,0,0,0,62,11,3.0,6.0,2.0,11,22.0,2.0,5.0,0.0,41,0,0,0,0,0,525,3
54,6,2023,2023-06-01,39,3,Belford Roxo,3300456,Baixada Fluminense,10,0,0,10,2,,12,8,,95,6,1,36,91,30,22,143,126,7,3,5,0,1.0,0,1,0.0,22,308,39,23,6,8,1.0,89,166,0,15,8,228,8,1.0,7.0,0.0,50,43.0,2.0,15.0,0.0,121,14,0,0,0,0,1297,3
55,6,2023,2023-06-01,24,3,Queimados,3304144,Baixada Fluminense,9,0,0,9,3,,12,4,,53,6,3,8,12,13,0,25,9,0,1,0,0,0.0,1,3,0.0,0,39,7,3,2,9,2.0,55,78,0,6,0,59,3,2.0,1.0,0.0,2,21.0,0.0,1.0,0.0,50,5,1,0,0,0,488,3
56,6,2023,2023-06-01,20,3,Nova Iguaçu,3303500,Baixada Fluminense,7,0,0,7,0,,7,2,,110,16,0,32,60,55,13,128,36,2,2,4,0,1.0,0,1,0.0,15,189,16,3,1,13,0.0,40,73,0,1,0,85,9,3.0,6.0,0.0,18,31.0,1.0,5.0,0.0,76,4,1,0,0,0,769,3
57,6,2023,2023-06-01,20,3,Nilópolis,3303203,Baixada Fluminense,0,0,0,0,0,,0,0,,56,3,0,14,39,24,0,63,12,3,1,1,0,0.0,0,1,0.0,10,91,16,6,1,10,0.0,62,95,0,3,0,96,5,2.0,2.0,1.0,2,19.0,0.0,2.0,0.0,60,5,0,0,0,0,578,3
58,6,2023,2023-06-01,20,3,Nova Iguaçu,3303500,Baixada Fluminense,7,0,0,7,1,,8,3,,124,14,2,27,74,23,4,101,43,2,2,1,0,0.0,0,0,0.0,15,164,39,3,0,5,0.0,64,111,0,6,0,132,4,3.0,1.0,0.0,12,37.0,0.0,26.0,1.0,120,12,1,0,0,0,1051,3
59,6,2023,2023-06-01,15,3,Duque de Caxias,3301702,Baixada Fluminense,2,0,0,2,7,,9,5,,79,7,3,41,134,57,25,216,128,22,6,1,0,0.0,1,3,1.0,48,426,52,41,9,31,1.0,178,312,0,2,0,139,11,2.0,9.0,0.0,152,63.0,3.0,19.0,0.0,85,6,0,0,0,0,1593,3
60,6,2023,2023-06-01,15,3,Duque de Caxias,3301702,Baixada Fluminense,12,0,0,12,5,,17,11,,65,10,7,28,28,11,13,52,78,41,3,2,0,0.0,0,0,0.0,15,191,19,0,0,2,1.0,27,49,0,1,0,55,6,1.0,5.0,0.0,21,35.0,5.0,18.0,1.0,34,5,0,0,2,0,620,3
61,6,2023,2023-06-01,15,3,Duque de Caxias,3301702,Baixada Fluminense,0,0,0,0,0,,0,0,,25,0,3,11,3,7,0,10,5,0,0,0,0,0.0,0,0,0.0,0,15,5,2,0,4,1.0,17,29,0,1,0,26,1,1.0,0.0,0.0,1,15.0,0.0,1.0,0.0,19,4,0,0,0,0,166,3
62,6,2023,2023-06-01,15,3,Duque de Caxias,3301702,Baixada Fluminense,2,0,0,2,2,,4,2,,50,6,1,18,27,13,8,48,40,5,2,1,0,0.0,0,2,1.0,4,103,7,0,1,4,2.0,15,29,0,1,0,71,1,1.0,0.0,0.0,5,17.0,0.0,3.0,0.0,37,4,0,0,0,0,384,3
63,6,2023,2023-06-01,24,3,Japeri,3302270,Baixada Fluminense,3,0,0,3,1,,4,1,,29,2,2,7,3,3,0,6,1,1,1,1,0,0.0,0,0,0.0,2,12,1,1,1,0,0.0,3,6,0,1,0,13,8,8.0,0.0,0.0,7,7.0,0.0,6.0,0.0,20,2,1,0,0,0,167,3
64,6,2023,2023-06-01,21,3,São João de Meriti,3305109,Baixada Fluminense,6,0,0,6,4,,10,12,,96,10,1,42,81,41,82,204,109,20,9,0,0,0.0,0,2,0.0,48,392,57,7,3,14,0.0,124,205,0,4,0,207,15,0.0,15.0,0.0,56,62.0,5.0,7.0,0.0,95,13,0,0,0,0,1426,3
65,6,2023,2023-06-01,34,3,Magé,3302502,Baixada Fluminense,1,0,0,1,0,,1,4,,32,5,2,7,11,4,0,15,2,0,1,0,0,0.0,0,0,0.0,1,19,10,4,3,5,1.0,25,48,0,0,0,22,9,5.0,4.0,0.0,0,9.0,1.0,4.0,0.0,22,2,0,0,0,0,241,3
66,6,2023,2023-06-01,34,3,Magé,3302502,Baixada Fluminense,1,0,0,1,0,,1,2,,57,10,2,28,14,9,1,24,8,1,0,2,0,0.0,0,0,1.0,6,42,22,8,1,43,5.0,46,125,0,2,0,49,12,9.0,3.0,0.0,6,25.0,4.0,8.0,0.0,52,6,0,0,0,0,598,3
67,6,2023,2023-06-01,34,3,Guapimirim,3301850,Baixada Fluminense,1,0,0,1,0,,1,0,,24,2,0,12,3,1,0,4,3,2,0,0,0,0.0,0,0,0.0,0,9,3,1,0,2,0.0,19,25,0,0,0,30,5,3.0,2.0,0.0,0,6.0,3.0,5.0,0.0,25,4,0,0,0,0,220,3
1,7,2023,2023-07-01,5,1,Rio de Janeiro,3304557,Capital,0,0,1,1,0,,1,0,,15,1,1,5,34,19,2,55,0,1,4,0,0,0.0,0,0,0.0,5,65,5,60,13,86,3.0,48,215,0,1,0,65,8,6.0,1.0,1.0,2,83.0,0.0,9.0,4.0,14,0,0,0,0,0,541,3
4,7,2023,2023-07-01,5,1,Rio de Janeiro,3304557,Capital,2,0,0,2,0,,2,0,,28,1,1,18,40,18,19,77,0,0,1,0,0,0.0,0,1,0.0,29,108,6,44,12,61,2.0,108,233,0,2,0,34,10,3.0,6.0,1.0,0,28.0,5.0,14.0,0.0,14,6,0,0,0,0,608,3
5,7,2023,2023-07-01,5,1,Rio de Janeiro,3304557,Capital,0,0,0,0,0,,0,0,,37,3,0,21,132,60,2,194,1,0,3,0,0,0.0,0,2,0.0,19,219,5,67,11,112,4.0,160,359,0,1,0,144,12,7.0,4.0,1.0,1,40.0,3.0,22.0,3.0,33,3,0,0,0,0,1086,3
6,7,2023,2023-07-01,4,1,Rio de Janeiro,3304557,Capital,2,0,0,2,0,,2,1,,35,3,3,14,12,6,14,32,1,1,1,0,0,0.0,0,0,0.0,10,45,4,26,49,64,4.0,51,198,0,0,0,89,2,2.0,0.0,0.0,4,13.0,2.0,2.0,1.0,39,4,0,0,0,0,550,3
7,7,2023,2023-07-01,5,1,Rio de Janeiro,3304557,Capital,0,0,0,0,0,,0,0,,7,0,1,2,15,6,4,25,2,0,0,0,0,0.0,0,0,0.0,9,36,4,7,0,8,1.0,20,40,0,3,0,26,3,2.0,1.0,0.0,4,4.0,0.0,1.0,1.0,9,1,0,0,0,0,197,3
9,7,2023,2023-07-01,2,1,Rio de Janeiro,3304557,Capital,0,0,0,0,0,,0,0,,37,2,1,20,35,29,6,70,3,0,0,0,0,0.0,0,1,3.0,6,83,11,41,9,96,5.0,132,294,0,1,0,133,11,10.0,0.0,1.0,0,19.0,10.0,4.0,6.0,35,3,1,0,0,0,836,3
10,7,2023,2023-07-01,2,1,Rio de Janeiro,3304557,Capital,0,0,0,0,0,,0,0,,16,3,0,18,40,17,4,61,2,0,3,0,0,0.0,0,0,2.0,12,80,15,22,40,70,18.0,195,360,0,3,0,112,6,4.0,2.0,0.0,2,25.0,5.0,7.0,4.0,27,2,2,0,0,0,866,3
11,7,2023,2023-07-01,23,1,Rio de Janeiro,3304557,Capital,0,0,0,0,0,,0,0,,14,4,0,0,0,2,0,2,0,0,0,0,0,0.0,0,0,0.0,0,2,0,4,2,2,0.0,7,15,0,3,0,24,3,2.0,0.0,1.0,0,6.0,0.0,3.0,0.0,11,2,0,0,0,0,103,3
12,7,2023,2023-07-01,19,1,Rio de Janeiro,3304557,Capital,2,0,0,2,0,,2,0,,34,4,0,10,25,12,2,39,0,0,2,1,0,0.0,0,1,0.0,5,48,6,84,19,107,21.0,161,398,0,4,0,166,11,10.0,1.0,0.0,1,26.0,13.0,7.0,11.0,36,3,0,0,0,0,951,3
13,7,2023,2023-07-01,19,1,Rio de Janeiro,3304557,Capital,0,0,0,0,0,,0,0,,13,1,0,4,15,5,0,20,0,0,1,0,0,0.0,0,0,0.0,3,24,2,28,4,33,14.0,73,154,0,1,0,96,1,1.0,0.0,0.0,1,9.0,2.0,2.0,1.0,12,1,0,0,0,0,439,3
14,7,2023,2023-07-01,23,1,Rio de Janeiro,3304557,Capital,0,0,0,0,0,,0,0,,14,0,0,7,14,8,0,22,0,0,2,0,0,0.0,0,0,0.0,1,25,6,36,7,109,18.0,144,320,0,1,0,133,3,2.0,1.0,0.0,3,20.0,6.0,8.0,0.0,19,4,0,0,0,0,722,3
15,7,2023,2023-07-01,23,1,Rio de Janeiro,3304557,Capital,0,0,0,0,0,,0,0,,24,0,0,23,7,4,1,12,1,0,1,0,0,0.0,0,0,0.0,4,18,9,12,11,61,2.0,64,159,0,1,0,100,7,7.0,0.0,0.0,1,13.0,8.0,1.0,1.0,23,3,0,0,0,0,484,3
16,7,2023,2023-07-01,31,2,Rio de Janeiro,3304557,Capital,1,0,0,1,2,,3,1,,61,2,3,55,36,32,7,75,3,0,3,1,0,0.0,0,0,0.0,13,95,24,30,43,141,8.0,240,486,0,7,0,380,30,26.0,4.0,0.0,5,56.0,22.0,35.0,8.0,74,4,0,0,0,0,1703,3
17,7,2023,2023-07-01,4,1,Rio de Janeiro,3304557,Capital,1,0,1,2,0,,2,3,,22,0,4,30,41,15,45,101,8,1,0,0,0,0.0,0,0,0.0,16,126,15,8,39,37,0.0,122,221,0,3,0,52,2,1.0,1.0,0.0,4,22.0,1.0,36.0,0.0,34,5,0,0,0,0,673,3
18,7,2023,2023-07-01,6,1,Rio de Janeiro,3304557,Capital,0,0,0,0,0,,0,0,,24,2,0,11,49,32,5,86,5,0,3,0,0,0.0,0,0,0.0,6,100,6,40,10,92,0.0,138,286,0,2,0,61,7,5.0,2.0,0.0,7,35.0,9.0,3.0,1.0,22,1,0,0,0,0,712,3
19,7,2023,2023-07-01,6,1,Rio de Janeiro,3304557,Capital,0,0,0,0,0,,0,3,,30,0,0,17,32,36,2,70,3,0,6,0,0,0.0,0,1,1.0,7,88,4,23,10,48,3.0,103,191,0,4,0,158,2,1.0,1.0,0.0,4,29.0,4.0,11.0,4.0,48,1,0,0,0,0,803,3
20,7,2023,2023-07-01,6,1,Rio de Janeiro,3304557,Capital,1,0,0,1,0,,1,0,,31,3,1,8,22,19,2,43,8,0,1,0,0,0.0,0,0,0.0,12,64,6,14,18,31,3.0,90,162,0,1,0,101,4,3.0,1.0,0.0,3,14.0,0.0,6.0,0.0,31,0,0,0,0,0,619,3
21,7,2023,2023-07-01,22,1,Rio de Janeiro,3304557,Capital,2,0,0,2,2,,4,1,,57,6,3,50,50,12,24,86,39,8,3,0,0,0.0,0,0,0.0,27,163,19,21,40,36,1.0,178,295,0,6,0,111,26,5.0,15.0,8.0,72,42.0,1.0,30.0,1.0,36,11,0,0,0,0,1129,3
22,7,2023,2023-07-01,16,1,Rio de Janeiro,3304557,Capital,2,1,0,3,0,,3,3,,32,5,1,22,33,14,1,48,13,3,0,1,0,0.0,0,1,0.0,8,74,15,6,11,9,1.0,127,169,0,6,0,162,5,2.0,1.0,2.0,19,23.0,1.0,4.0,1.0,46,4,0,0,0,0,723,3
23,7,2023,2023-07-01,3,1,Rio de Janeiro,3304557,Capital,1,0,0,1,0,,1,2,,13,1,0,9,51,24,3,78,9,1,0,0,0,0.0,0,0,0.0,6,94,11,9,8,4,0.0,71,103,0,3,0,60,1,0.0,0.0,1.0,9,10.0,0.0,3.0,0.0,24,4,0,0,0,0,427,3
24,7,2023,2023-07-01,3,1,Rio de Janeiro,3304557,Capital,3,0,0,3,0,,3,0,,35,2,0,10,45,26,5,76,19,1,0,2,0,0.0,0,0,0.0,15,113,15,32,13,114,2.0,103,279,0,2,0,99,1,0.0,1.0,0.0,5,5.0,0.0,3.0,1.0,42,5,1,0,0,0,715,3
25,7,2023,2023-07-01,3,1,Rio de Janeiro,3304557,Capital,2,0,0,2,2,,4,0,,17,2,2,18,24,13,28,65,7,2,1,0,0,0.0,0,0,0.0,23,98,5,5,11,23,0.0,63,107,0,2,0,76,19,2.0,10.0,7.0,8,29.0,1.0,5.0,1.0,18,2,0,0,0,0,513,3
26,7,2023,2023-07-01,3,1,Rio de Janeiro,3304557,Capital,0,0,0,0,0,,0,0,,16,1,1,12,15,25,3,43,8,0,3,0,0,0.0,0,0,0.0,11,65,3,8,4,53,0.0,68,136,0,2,0,72,6,3.0,2.0,1.0,2,28.0,2.0,4.0,0.0,30,4,0,0,0,0,481,3
27,7,2023,2023-07-01,41,2,Rio de Janeiro,3304557,Capital,2,0,0,2,1,,3,4,,35,2,0,12,50,8,6,64,51,3,0,0,0,0.0,1,1,0.0,18,138,31,4,10,14,0.0,104,163,0,2,1,118,11,1.0,6.0,4.0,10,40.0,2.0,6.0,0.0,44,2,1,0,0,0,736,3
28,7,2023,2023-07-01,18,2,Rio de Janeiro,3304557,Capital,3,0,0,3,3,,6,12,,36,5,2,7,7,9,0,16,7,0,3,2,0,0.0,0,0,0.0,0,28,4,6,13,12,1.0,42,78,0,1,0,92,2,1.0,1.0,0.0,8,9.0,0.0,5.0,0.0,30,9,0,0,0,0,451,3
29,7,2023,2023-07-01,9,2,Rio de Janeiro,3304557,Capital,7,0,0,7,3,,10,1,,61,2,0,31,62,30,9,101,17,0,2,1,0,0.0,0,1,0.0,20,142,21,30,20,39,1.0,146,257,0,1,0,143,4,0.0,2.0,2.0,9,38.0,0.0,2.0,0.0,53,5,0,0,0,0,957,3
30,7,2023,2023-07-01,9,2,Rio de Janeiro,3304557,Capital,2,0,0,2,0,,2,0,,38,3,0,16,33,22,1,56,9,0,0,0,0,0.0,0,0,0.0,6,71,19,4,5,17,0.0,44,89,0,1,0,82,4,1.0,3.0,0.0,6,11.0,1.0,2.0,0.0,40,3,1,0,0,0,506,3
31,7,2023,2023-07-01,41,2,Rio de Janeiro,3304557,Capital,0,0,0,0,0,,0,0,,34,1,1,7,55,37,8,100,33,3,0,0,0,0.0,0,1,0.0,12,149,13,8,6,9,0.0,30,66,0,0,0,79,2,0.0,1.0,1.0,25,12.0,0.0,0.0,0.0,45,3,0,0,0,0,530,3
32,7,2023,2023-07-01,18,2,Rio de Janeiro,3304557,Capital,7,0,0,7,2,,9,1,,113,8,4,35,36,20,4,60,20,3,5,0,0,0.0,0,1,0.0,23,112,15,23,34,31,3.0,294,400,0,14,0,346,14,5.0,7.0,2.0,24,39.0,6.0,20.0,3.0,136,9,0,0,0,0,1755,3
33,7,2023,2023-07-01,14,2,Rio de Janeiro,3304557,Capital,3,0,0,3,5,,8,0,,86,3,4,61,32,36,4,72,34,6,8,0,0,0.0,0,0,0.0,19,139,15,7,4,15,7.0,49,97,0,3,0,127,1,0.0,1.0,0.0,15,17.0,0.0,4.0,1.0,57,5,0,0,0,0,853,3
34,7,2023,2023-07-01,14,2,Rio de Janeiro,3304557,Capital,4,0,0,4,5,,9,3,,95,11,3,33,56,41,27,124,71,4,3,2,0,0.0,0,0,0.0,11,215,14,22,5,29,6.0,91,167,0,3,0,218,4,1.0,2.0,1.0,47,27.0,2.0,32.0,1.0,88,17,0,0,0,0,1270,3
35,7,2023,2023-07-01,40,2,Rio de Janeiro,3304557,Capital,0,0,0,0,0,,0,2,,176,15,7,67,28,23,5,56,23,5,6,2,0,0.0,0,3,0.0,29,124,56,31,22,45,4.0,177,335,0,11,0,188,3,1.0,2.0,0.0,15,55.0,0.0,25.0,3.0,204,25,0,1,0,0,1764,3
36,7,2023,2023-07-01,27,2,Rio de Janeiro,3304557,Capital,6,0,0,6,0,,6,3,,87,17,4,24,22,20,0,42,13,1,0,0,0,0.0,0,0,0.0,5,61,29,1,6,24,1.0,53,114,0,2,1,104,2,1.0,1.0,0.0,34,23.0,0.0,10.0,1.0,64,17,2,0,0,0,793,3
37,7,2023,2023-07-01,17,1,Rio de Janeiro,3304557,Capital,2,0,0,2,0,,2,0,,60,3,1,20,6,4,1,11,4,0,3,0,0,0.0,0,1,0.0,7,26,7,10,10,24,3.0,96,150,0,1,0,110,19,9.0,9.0,1.0,31,25.0,0.0,6.0,0.0,39,4,0,0,0,0,672,3
38,7,2023,2023-07-01,16,1,Rio de Janeiro,3304557,Capital,0,0,0,0,1,,1,5,,31,2,0,26,30,8,7,45,27,2,0,0,0,0.0,0,0,0.0,13,87,23,1,2,10,0.0,20,56,0,5,1,75,8,1.0,7.0,0.0,32,41.0,2.0,11.0,4.0,54,6,0,0,0,0,509,3
39,7,2023,2023-07-01,41,2,Rio de Janeiro,3304557,Capital,2,0,0,2,2,,4,5,,41,4,1,16,49,19,7,75,67,3,1,1,0,0.0,0,0,0.0,28,175,15,19,5,19,5.0,61,124,0,1,0,60,14,2.0,11.0,1.0,84,35.0,2.0,10.0,0.0,29,7,0,0,0,0,765,3
40,7,2023,2023-07-01,9,2,Rio de Janeiro,3304557,Capital,3,0,0,3,1,,4,2,,25,1,4,11,40,16,6,62,39,2,1,0,0,0.0,0,0,0.0,14,118,15,10,1,10,1.0,27,64,0,0,0,72,4,0.0,3.0,1.0,7,4.0,1.0,10.0,0.0,27,1,0,0,0,0,440,3
41,7,2023,2023-07-01,18,2,Rio de Janeiro,3304557,Capital,0,0,0,0,2,,2,1,,33,1,0,16,21,12,4,37,8,1,1,0,0,0.0,1,0,0.0,9,57,10,5,12,11,5.0,69,112,0,3,0,107,1,0.0,1.0,0.0,0,20.0,2.0,2.0,0.0,32,4,0,0,0,0,568,3
42,7,2023,2023-07-01,31,2,Rio de Janeiro,3304557,Capital,4,0,0,4,0,,4,5,,59,2,0,49,32,18,2,52,6,0,5,3,0,0.0,0,0,1.0,17,84,52,19,24,42,4.0,124,265,0,15,0,282,43,37.0,4.0,2.0,14,42.0,10.0,11.0,0.0,96,7,0,0,0,0,1254,3
43,7,2023,2023-07-01,27,2,Rio de Janeiro,3304557,Capital,4,0,0,4,0,,4,3,,92,17,2,40,13,10,1,24,0,1,1,1,0,0.0,0,0,0.0,4,31,22,4,3,8,0.0,49,86,0,3,0,75,3,2.0,1.0,0.0,11,12.0,0.0,4.0,0.0,86,4,2,0,0,0,568,3
44,7,2023,2023-07-01,3,1,Rio de Janeiro,3304557,Capital,3,0,0,3,0,,3,0,,15,2,1,34,21,17,4,42,21,1,3,1,0,0.0,0,0,0.0,9,77,15,9,8,17,2.0,122,173,0,1,0,99,3,1.0,2.0,0.0,10,27.0,1.0,2.0,0.0,27,4,0,0,0,0,611,3
48,7,2023,2023-07-01,24,3,Seropédica,3305554,Baixada Fluminense,0,0,0,0,0,,0,1,,26,3,3,17,6,2,0,8,2,1,1,1,0,0.0,0,0,0.0,2,15,4,0,0,7,2.0,27,40,0,4,0,34,5,1.0,3.0,1.0,6,23.0,0.0,6.0,0.0,35,4,0,0,0,0,300,3
50,7,2023,2023-07-01,24,3,Itaguaí,3302007,Baixada Fluminense,2,0,0,2,2,,4,2,,51,5,1,16,18,13,0,31,1,0,0,1,0,0.0,0,0,0.0,3,36,9,14,1,100,0.0,56,180,0,2,0,62,9,6.0,3.0,0.0,13,20.0,0.0,15.0,0.0,35,4,0,0,0,0,553,3
51,7,2023,2023-07-01,24,3,Paracambi,3303609,Baixada Fluminense,0,0,0,0,0,,0,0,,17,0,0,5,1,0,0,1,0,0,0,0,0,0.0,0,0,0.0,0,1,2,1,0,3,4.0,10,20,0,0,0,25,7,7.0,1.0,0.0,0,8.0,0.0,4.0,0.0,16,2,0,0,0,0,124,3
52,7,2023,2023-07-01,20,3,Nova Iguaçu,3303500,Baixada Fluminense,1,0,0,1,0,,1,3,,71,4,1,28,48,49,10,107,27,1,1,1,0,1.0,0,0,0.0,16,154,27,9,4,18,1.0,105,164,0,4,0,115,2,1.0,1.0,0.0,25,44.0,1.0,16.0,0.0,58,5,1,0,0,0,879,3
53,7,2023,2023-07-01,20,3,Mesquita,3302858,Baixada Fluminense,0,0,0,0,0,,0,2,,64,1,3,19,31,5,25,61,20,1,2,1,0,0.0,0,0,0.0,5,90,20,4,0,1,0.0,41,66,0,0,0,72,12,5.0,5.0,3.0,8,22.0,6.0,5.0,2.0,35,5,0,0,0,0,512,3
54,7,2023,2023-07-01,39,3,Belford Roxo,3300456,Baixada Fluminense,9,0,1,10,5,,15,13,,94,21,1,49,106,41,14,161,105,7,0,1,0,0.0,0,2,0.0,28,304,35,11,8,14,3.0,62,133,0,5,2,188,12,1.0,11.0,0.0,41,44.0,6.0,14.0,0.0,140,23,2,0,0,0,1271,3
55,7,2023,2023-07-01,24,3,Queimados,3304144,Baixada Fluminense,3,0,0,3,0,,3,0,,62,3,1,20,16,11,1,28,5,1,1,2,0,1.0,0,0,1.0,6,45,12,1,1,11,1.0,50,76,0,2,0,63,4,3.0,1.0,0.0,6,20.0,1.0,5.0,0.0,46,6,0,0,0,0,478,3
56,7,2023,2023-07-01,20,3,Nova Iguaçu,3303500,Baixada Fluminense,5,0,0,5,0,,5,2,,92,10,0,14,61,35,8,104,37,9,6,2,0,0.0,0,1,0.0,26,185,20,1,0,2,3.0,44,70,0,4,0,81,9,3.0,6.0,0.0,26,42.0,3.0,9.0,0.0,68,5,0,0,0,0,692,3
57,7,2023,2023-07-01,20,3,Nilópolis,3303203,Baixada Fluminense,0,0,0,0,0,,0,0,,52,0,1,10,23,14,0,37,8,0,2,1,0,0.0,0,0,0.0,11,59,21,5,1,8,1.0,67,103,0,2,0,51,3,0.0,2.0,1.0,10,109.0,2.0,11.0,0.0,53,4,0,0,0,0,489,3
58,7,2023,2023-07-01,20,3,Nova Iguaçu,3303500,Baixada Fluminense,6,0,1,7,1,,8,1,,125,16,3,35,71,27,8,106,37,4,1,1,0,0.0,0,0,0.0,16,165,34,4,1,7,2.0,82,130,0,15,0,140,7,3.0,4.0,0.0,6,42.0,1.0,29.0,0.0,105,9,0,0,0,0,1065,3
59,7,2023,2023-07-01,15,3,Duque de Caxias,3301702,Baixada Fluminense,4,0,0,4,5,,9,4,,104,10,4,47,115,55,39,209,71,12,4,1,0,0.0,1,4,0.0,35,337,36,47,16,37,2.0,220,358,0,3,0,137,5,2.0,2.0,1.0,69,50.0,1.0,3.0,0.0,89,11,1,0,0,0,1486,3
60,7,2023,2023-07-01,15,3,Duque de Caxias,3301702,Baixada Fluminense,5,0,0,5,10,,15,8,,56,6,4,26,27,14,8,49,68,9,1,1,0,0.0,0,0,1.0,15,144,12,0,1,2,1.0,19,35,0,2,0,48,8,1.0,7.0,0.0,20,32.0,1.0,11.0,0.0,35,9,0,0,0,0,529,3
61,7,2023,2023-07-01,15,3,Duque de Caxias,3301702,Baixada Fluminense,0,0,0,0,0,,0,1,,16,2,2,11,3,6,0,9,2,2,2,1,0,0.0,0,1,0.0,2,19,3,2,0,3,1.0,11,20,0,1,0,25,1,1.0,0.0,0.0,4,5.0,0.0,2.0,0.0,18,5,0,0,0,0,156,3
62,7,2023,2023-07-01,15,3,Duque de Caxias,3301702,Baixada Fluminense,3,0,0,3,0,,3,1,,44,14,1,18,38,3,8,49,14,6,5,2,0,0.0,0,0,0.0,10,86,20,4,0,6,2.0,33,65,0,3,0,75,6,1.0,5.0,0.0,7,12.0,2.0,4.0,0.0,35,5,2,0,0,0,431,3
63,7,2023,2023-07-01,24,3,Japeri,3302270,Baixada Fluminense,0,0,0,0,3,,3,7,,27,1,0,25,5,1,0,6,7,0,1,0,0,0.0,0,0,0.0,1,15,4,2,1,3,0.0,10,20,0,1,0,24,15,10.0,5.0,0.0,2,24.0,0.0,6.0,0.0,26,1,0,0,0,0,218,3
64,7,2023,2023-07-01,21,3,São João de Meriti,3305109,Baixada Fluminense,5,0,0,5,3,,8,4,,123,6,0,39,90,39,43,172,64,10,5,1,0,0.0,0,2,0.0,42,296,43,8,10,10,0.0,133,204,0,9,0,216,16,0.0,15.0,1.0,50,69.0,2.0,10.0,0.0,75,14,0,0,0,0,1360,3
65,7,2023,2023-07-01,34,3,Magé,3302502,Baixada Fluminense,1,0,0,1,0,,1,3,,25,4,3,8,2,3,1,6,3,1,0,0,0,0.0,0,0,0.0,1,11,6,1,0,4,3.0,40,54,0,0,0,29,13,3.0,9.0,1.0,3,13.0,3.0,2.0,0.0,24,4,0,0,0,0,263,3
66,7,2023,2023-07-01,34,3,Magé,3302502,Baixada Fluminense,3,0,0,3,0,,3,3,,78,4,0,37,15,2,1,18,2,0,1,0,0,0.0,0,0,1.0,4,26,15,0,1,11,3.0,47,77,0,4,0,46,7,5.0,2.0,0.0,10,23.0,0.0,7.0,1.0,40,9,0,0,0,0,516,3
67,7,2023,2023-07-01,34,3,Guapimirim,3301850,Baixada Fluminense,1,0,0,1,0,,1,1,,29,1,2,5,0,1,0,1,4,1,0,0,0,0.0,0,0,0.0,1,7,2,0,0,1,0.0,7,10,0,0,0,38,9,2.0,6.0,1.0,1,12.0,1.0,3.0,0.0,29,0,0,0,0,0,214,3
1,8,2023,2023-08-01,5,1,Rio de Janeiro,3304557,Capital,0,0,0,0,0,,0,0,,5,1,1,8,34,8,2,44,0,0,1,0,0,0.0,0,1,0.0,1,47,4,100,17,53,1.0,96,271,0,2,0,85,4,4.0,0.0,0.0,0,16.0,7.0,15.0,4.0,11,1,0,0,0,0,643,3
4,8,2023,2023-08-01,5,1,Rio de Janeiro,3304557,Capital,1,0,0,1,0,,1,0,,16,0,1,19,43,9,4,56,4,1,0,0,0,0.0,0,0,0.0,13,74,3,47,24,97,1.0,111,283,0,0,0,53,20,7.0,13.0,0.0,2,34.0,4.0,11.0,5.0,11,5,0,0,0,0,644,3
5,8,2023,2023-08-01,5,1,Rio de Janeiro,3304557,Capital,1,0,1,2,0,,2,0,,47,2,0,13,88,55,2,145,1,1,2,1,0,0.0,0,0,0.0,6,156,10,71,19,155,1.0,123,379,0,2,0,162,23,13.0,6.0,4.0,1,35.0,2.0,22.0,3.0,41,3,1,0,0,0,1217,3
6,8,2023,2023-08-01,4,1,Rio de Janeiro,3304557,Capital,2,0,0,2,0,,2,0,,27,1,1,19,30,12,8,50,14,1,3,0,0,0.0,0,0,0.0,5,73,9,30,46,81,1.0,67,234,0,0,1,78,3,0.0,2.0,1.0,13,10.0,1.0,5.0,2.0,38,4,0,1,0,0,622,3
7,8,2023,2023-08-01,5,1,Rio de Janeiro,3304557,Capital,0,0,0,0,0,,0,1,,5,0,0,2,6,4,1,11,2,0,0,0,0,0.0,0,0,0.0,7,20,6,6,2,5,0.0,18,37,0,0,0,32,4,1.0,2.0,1.0,2,8.0,0.0,1.0,0.0,16,1,1,0,0,0,176,3
9,8,2023,2023-08-01,2,1,Rio de Janeiro,3304557,Capital,1,0,0,1,0,,1,1,,25,4,1,21,52,27,5,84,14,0,3,0,0,0.0,0,0,0.0,10,111,15,44,13,73,10.0,163,318,0,2,0,127,17,15.0,1.0,1.0,2,24.0,8.0,8.0,6.0,22,2,0,0,0,0,911,3
10,8,2023,2023-08-01,2,1,Rio de Janeiro,3304557,Capital,0,0,0,0,0,,0,0,,30,1,0,20,35,21,6,62,4,0,8,0,0,0.0,0,0,0.0,9,83,17,28,40,90,10.0,204,389,0,6,0,147,11,9.0,1.0,1.0,0,28.0,2.0,5.0,3.0,16,3,0,0,0,0,949,3
11,8,2023,2023-08-01,23,1,Rio de Janeiro,3304557,Capital,0,0,0,0,0,,0,1,,21,0,0,0,1,0,0,1,0,0,1,0,0,0.0,0,0,0.0,1,3,0,0,0,3,0.0,11,14,0,0,0,17,2,2.0,0.0,0.0,0,11.0,0.0,1.0,0.0,7,3,0,0,0,0,90,3
12,8,2023,2023-08-01,19,1,Rio de Janeiro,3304557,Capital,1,0,0,1,0,,1,1,,25,5,0,9,100,84,3,187,1,0,2,0,0,0.0,0,0,2.0,13,205,11,124,13,297,9.0,202,656,0,6,0,170,6,4.0,1.0,1.0,7,40.0,20.0,6.0,12.0,33,2,1,0,0,0,1397,3
13,8,2023,2023-08-01,19,1,Rio de Janeiro,3304557,Capital,0,0,0,0,0,,0,0,,26,2,0,2,9,6,0,15,0,0,0,1,0,0.0,0,0,0.0,6,22,7,45,8,84,4.0,90,238,0,5,0,113,3,2.0,1.0,0.0,0,14.0,6.0,2.0,1.0,14,3,0,1,0,0,555,3
14,8,2023,2023-08-01,23,1,Rio de Janeiro,3304557,Capital,0,0,0,0,0,,0,0,,8,2,0,3,20,14,0,34,0,0,1,1,0,0.0,0,0,2.0,5,43,15,43,13,125,28.0,115,339,0,3,0,167,13,10.0,3.0,0.0,1,21.0,8.0,6.0,5.0,26,5,1,0,0,0,813,3
15,8,2023,2023-08-01,23,1,Rio de Janeiro,3304557,Capital,0,0,0,0,0,,0,0,,16,2,0,22,14,6,3,23,1,0,0,0,0,0.0,0,0,1.0,3,28,5,11,17,55,2.0,81,171,0,2,0,104,4,2.0,1.0,1.0,2,17.0,3.0,4.0,2.0,13,5,0,0,0,0,547,3
16,8,2023,2023-08-01,31,2,Rio de Janeiro,3304557,Capital,2,0,0,2,2,,4,9,,46,3,7,65,38,30,11,79,7,1,1,1,0,0.0,0,0,0.0,44,133,44,32,57,160,6.0,329,628,0,8,1,408,30,27.0,3.0,0.0,2,74.0,14.0,26.0,3.0,82,8,0,2,0,0,1885,3
17,8,2023,2023-08-01,4,1,Rio de Janeiro,3304557,Capital,0,0,0,0,0,,0,0,,36,4,1,32,24,13,39,76,13,3,2,0,0,0.0,0,0,0.0,20,114,11,11,40,51,0.0,111,224,0,2,0,61,1,0.0,1.0,0.0,5,46.0,1.0,45.0,0.0,22,4,0,0,0,0,704,3
18,8,2023,2023-08-01,6,1,Rio de Janeiro,3304557,Capital,0,0,0,0,0,,0,0,,18,1,1,11,58,42,10,110,7,0,2,0,0,0.0,0,0,0.0,6,125,10,71,12,266,0.0,166,525,0,1,0,87,4,4.0,0.0,0.0,0,21.0,2.0,4.0,3.0,28,1,0,0,0,0,1061,3
19,8,2023,2023-08-01,6,1,Rio de Janeiro,3304557,Capital,1,1,0,2,0,,2,0,,30,1,0,31,54,36,0,90,19,1,5,0,0,0.0,0,0,3.0,6,124,12,23,14,71,3.0,121,244,0,3,0,202,4,3.0,0.0,1.0,4,11.0,8.0,6.0,3.0,29,3,0,0,0,0,942,3
20,8,2023,2023-08-01,6,1,Rio de Janeiro,3304557,Capital,0,0,0,0,0,,0,0,,24,1,0,17,27,16,1,44,10,1,0,0,0,0.0,0,0,0.0,9,64,15,15,36,36,0.0,80,182,0,1,1,103,6,5.0,0.0,1.0,3,12.0,1.0,5.0,0.0,19,2,0,0,0,0,652,3
21,8,2023,2023-08-01,22,1,Rio de Janeiro,3304557,Capital,0,1,0,1,0,,1,2,,49,4,6,63,65,22,29,116,45,11,2,0,0,0.0,0,0,0.0,30,204,18,22,43,42,4.0,172,301,0,1,0,199,27,11.0,12.0,4.0,45,38.0,2.0,36.0,3.0,53,7,0,0,0,0,1261,3
22,8,2023,2023-08-01,16,1,Rio de Janeiro,3304557,Capital,4,0,0,4,9,,13,4,,58,3,2,18,39,11,13,63,20,3,1,0,0,0.0,0,1,0.0,9,97,19,6,7,12,0.0,162,206,0,11,1,141,11,3.0,7.0,1.0,15,27.0,1.0,7.0,2.0,48,6,0,0,0,0,789,3
23,8,2023,2023-08-01,3,1,Rio de Janeiro,3304557,Capital,1,0,0,1,0,,1,0,,29,6,0,7,36,7,0,43,6,1,1,0,0,0.0,0,0,0.0,13,64,11,11,10,8,1.0,61,102,0,1,0,66,2,1.0,1.0,0.0,6,15.0,1.0,4.0,0.0,24,3,0,0,0,0,435,3
24,8,2023,2023-08-01,3,1,Rio de Janeiro,3304557,Capital,1,0,0,1,1,,2,1,,20,3,1,20,36,31,3,70,23,2,3,0,0,0.0,0,0,1.0,17,116,15,25,6,83,0.0,77,206,0,2,0,109,2,0.0,2.0,0.0,8,15.0,4.0,3.0,0.0,39,10,0,0,0,0,690,3
25,8,2023,2023-08-01,3,1,Rio de Janeiro,3304557,Capital,2,0,0,2,0,,2,3,,26,1,0,18,28,25,17,70,16,0,3,0,0,0.0,0,0,0.0,21,110,7,2,28,51,0.0,106,194,0,3,0,105,12,2.0,6.0,4.0,17,27.0,3.0,6.0,1.0,37,2,0,0,0,0,676,3
26,8,2023,2023-08-01,3,1,Rio de Janeiro,3304557,Capital,1,0,0,1,0,,1,2,,18,2,0,13,20,13,4,37,14,0,2,1,0,0.0,1,0,0.0,6,61,6,13,16,28,0.0,64,127,0,3,0,70,2,2.0,0.0,0.0,9,21.0,4.0,6.0,0.0,18,0,0,0,0,0,486,3
27,8,2023,2023-08-01,41,2,Rio de Janeiro,3304557,Capital,5,0,0,5,0,,5,1,,48,4,2,7,55,29,4,88,50,1,1,1,0,0.0,1,0,0.0,8,150,20,8,7,20,1.0,93,149,0,0,0,118,5,1.0,4.0,0.0,10,40.0,6.0,3.0,0.0,47,4,0,0,0,0,751,3
28,8,2023,2023-08-01,18,2,Rio de Janeiro,3304557,Capital,0,0,0,0,4,,4,0,,31,8,0,16,19,9,0,28,5,0,2,1,0,0.0,0,0,0.0,4,40,13,1,7,11,3.0,60,95,0,8,0,101,2,0.0,2.0,0.0,0,13.0,0.0,5.0,1.0,47,1,0,0,0,0,520,3
29,8,2023,2023-08-01,9,2,Rio de Janeiro,3304557,Capital,4,0,0,4,0,,4,0,,40,2,2,28,79,36,21,136,27,2,4,0,0,0.0,0,0,0.0,18,187,30,29,19,52,1.0,159,290,0,2,0,175,3,0.0,3.0,0.0,17,28.0,3.0,3.0,2.0,35,5,0,0,0,0,1050,3
30,8,2023,2023-08-01,9,2,Rio de Janeiro,3304557,Capital,3,0,0,3,0,,3,2,,40,4,1,18,56,14,12,82,18,0,1,0,0,0.0,0,1,0.0,4,106,19,12,11,9,1.0,57,109,0,5,0,110,2,0.0,2.0,0.0,8,4.0,0.0,4.0,0.0,56,4,0,0,0,0,603,3
31,8,2023,2023-08-01,41,2,Rio de Janeiro,3304557,Capital,3,0,0,3,0,,3,1,,37,3,1,27,48,25,12,85,52,1,2,1,0,0.0,0,0,0.0,22,163,23,17,7,6,0.0,47,100,0,2,0,96,1,1.0,0.0,0.0,20,8.0,2.0,6.0,0.0,39,6,1,0,0,0,658,3
32,8,2023,2023-08-01,18,2,Rio de Janeiro,3304557,Capital,9,0,0,9,1,,10,4,,127,15,0,44,52,18,7,77,32,1,6,0,0,1.0,0,2,1.0,37,157,18,21,40,64,3.0,286,432,0,18,0,372,14,4.0,5.0,5.0,38,33.0,3.0,16.0,0.0,145,7,2,0,0,0,1889,3
33,8,2023,2023-08-01,14,2,Rio de Janeiro,3304557,Capital,3,0,1,4,1,,5,0,,75,3,2,39,28,32,3,63,45,2,1,0,0,0.0,0,1,0.0,11,123,16,5,3,20,2.0,65,111,0,3,1,75,1,1.0,0.0,0.0,12,27.0,0.0,3.0,1.0,58,7,0,0,0,0,838,3
34,8,2023,2023-08-01,14,2,Rio de Janeiro,3304557,Capital,8,0,0,8,2,,10,3,,103,12,4,58,67,42,31,140,50,6,0,2,0,0.0,1,2,0.0,14,215,17,18,5,22,5.0,81,148,0,5,0,206,8,1.0,7.0,0.0,28,46.0,0.0,32.0,1.0,102,14,1,0,0,0,1313,3
35,8,2023,2023-08-01,40,2,Rio de Janeiro,3304557,Capital,2,0,0,2,0,,2,8,,183,15,1,72,45,40,5,90,41,3,1,4,0,0.0,0,0,0.0,20,159,63,35,20,56,5.0,187,366,0,17,0,280,2,1.0,1.0,0.0,21,71.0,2.0,35.0,1.0,227,23,0,0,0,0,2074,3
36,8,2023,2023-08-01,27,2,Rio de Janeiro,3304557,Capital,8,0,0,8,0,,8,5,,85,6,4,23,10,16,0,26,14,0,1,1,0,0.0,0,1,0.0,7,50,33,6,5,18,1.0,56,119,0,5,0,120,1,1.0,0.0,0.0,27,32.0,1.0,13.0,2.0,77,6,0,0,0,0,783,3
37,8,2023,2023-08-01,17,1,Rio de Janeiro,3304557,Capital,1,0,0,1,1,,2,1,,51,4,0,22,13,4,3,20,8,0,0,0,0,0.0,0,2,0.0,3,33,13,18,12,34,2.0,77,156,0,6,0,123,5,3.0,2.0,0.0,21,20.0,3.0,8.0,1.0,36,6,0,0,0,0,696,3
38,8,2023,2023-08-01,16,1,Rio de Janeiro,3304557,Capital,0,0,0,0,0,,0,1,,44,4,4,15,27,12,4,43,29,4,1,2,0,1.0,0,0,0.0,15,95,28,3,6,7,1.0,58,103,0,0,0,87,3,1.0,2.0,0.0,14,30.0,3.0,9.0,1.0,42,4,1,0,0,0,519,3
39,8,2023,2023-08-01,41,2,Rio de Janeiro,3304557,Capital,3,0,0,3,0,,3,2,,39,2,1,9,44,24,18,86,73,8,0,0,0,0.0,0,1,0.0,23,191,12,21,8,27,0.0,62,130,0,0,0,79,3,0.0,3.0,0.0,102,19.0,0.0,7.0,1.0,19,7,2,0,0,0,759,3
40,8,2023,2023-08-01,9,2,Rio de Janeiro,3304557,Capital,1,0,0,1,1,,2,0,,34,0,2,12,49,32,8,89,50,1,1,0,0,0.0,0,0,0.0,17,158,21,10,4,10,1.0,25,71,0,1,0,91,0,0.0,0.0,0.0,12,7.0,1.0,6.0,1.0,29,3,0,0,0,0,536,3
41,8,2023,2023-08-01,18,2,Rio de Janeiro,3304557,Capital,2,0,0,2,0,,2,0,,27,4,0,22,20,16,1,37,20,0,0,0,0,0.0,1,1,0.0,9,68,7,3,17,20,1.0,71,119,0,14,0,156,1,1.0,0.0,0.0,4,11.0,0.0,6.0,0.0,54,2,0,0,0,0,698,3
42,8,2023,2023-08-01,31,2,Rio de Janeiro,3304557,Capital,6,0,0,6,0,,6,5,,76,3,1,53,22,12,2,36,3,1,3,2,0,0.0,0,1,1.0,9,56,63,8,13,37,5.0,108,234,0,10,0,217,26,19.0,7.0,0.0,5,30.0,9.0,10.0,2.0,75,5,1,0,0,0,1079,3
43,8,2023,2023-08-01,27,2,Rio de Janeiro,3304557,Capital,1,0,0,1,0,,1,2,,92,8,3,40,15,8,2,25,5,1,0,0,0,0.0,0,1,0.0,5,37,10,4,2,13,0.0,42,71,0,6,0,66,2,0.0,1.0,1.0,18,13.0,2.0,7.0,0.0,79,6,0,0,0,0,609,3
44,8,2023,2023-08-01,3,1,Rio de Janeiro,3304557,Capital,3,0,0,3,0,,3,0,,21,1,0,24,33,10,3,46,24,1,4,0,0,0.0,0,0,0.0,12,87,13,9,8,34,0.0,91,155,0,2,0,79,6,2.0,2.0,2.0,17,9.0,0.0,7.0,1.0,17,3,0,0,0,0,602,3
48,8,2023,2023-08-01,24,3,Seropédica,3305554,Baixada Fluminense,2,0,0,2,0,,2,0,,19,3,2,16,6,6,0,12,6,2,1,1,0,0.0,0,0,0.0,3,25,6,0,2,3,3.0,22,36,0,1,0,45,9,5.0,4.0,0.0,6,12.0,0.0,8.0,0.0,27,2,0,0,0,0,302,3
50,8,2023,2023-08-01,24,3,Itaguaí,3302007,Baixada Fluminense,1,0,0,1,0,,1,4,,26,3,0,13,6,8,0,14,5,0,1,0,0,0.0,0,1,0.0,3,24,5,0,1,5,0.0,28,39,0,2,0,61,10,9.0,0.0,1.0,12,9.0,0.0,12.0,0.0,45,2,1,0,0,0,375,3
51,8,2023,2023-08-01,24,3,Paracambi,3303609,Baixada Fluminense,2,0,0,2,0,,2,5,,22,3,0,6,1,0,0,1,0,0,1,0,0,0.0,0,0,0.0,2,4,0,1,0,1,2.0,14,18,0,0,0,22,20,10.0,11.0,0.0,0,13.0,0.0,3.0,0.0,13,1,0,0,0,0,140,3
52,8,2023,2023-08-01,20,3,Nova Iguaçu,3303500,Baixada Fluminense,0,0,0,0,0,,0,2,,62,1,1,31,46,57,8,111,39,2,3,2,0,0.0,0,1,0.0,5,163,31,14,1,20,2.0,77,145,0,3,0,69,8,4.0,4.0,0.0,18,45.0,0.0,25.0,2.0,62,4,0,0,0,0,911,3
53,8,2023,2023-08-01,20,3,Mesquita,3302858,Baixada Fluminense,2,0,0,2,0,,2,3,,58,3,1,11,53,33,41,127,20,0,1,1,0,0.0,0,0,1.0,5,155,28,5,3,8,3.0,47,94,0,3,0,57,8,5.0,2.0,1.0,11,19.0,0.0,9.0,0.0,38,3,0,0,0,0,590,3
54,8,2023,2023-08-01,39,3,Belford Roxo,3300456,Baixada Fluminense,7,0,0,7,1,,8,3,,114,15,1,35,125,52,31,208,98,11,5,1,0,1.0,0,4,1.0,16,345,36,18,3,14,4.0,54,129,0,10,0,210,10,1.0,9.0,0.0,50,45.0,2.0,18.0,0.0,160,12,1,0,0,0,1325,3
55,8,2023,2023-08-01,24,3,Queimados,3304144,Baixada Fluminense,3,0,0,3,0,,3,2,,61,10,2,12,27,10,1,38,16,0,2,0,0,0.0,0,0,0.0,5,61,14,1,0,8,1.0,65,89,0,7,0,72,2,1.0,1.0,0.0,8,17.0,0.0,16.0,1.0,73,9,1,0,0,0,550,3
56,8,2023,2023-08-01,20,3,Nova Iguaçu,3303500,Baixada Fluminense,4,0,0,4,0,,4,0,,78,8,0,31,94,41,9,144,42,11,1,2,0,0.0,0,0,0.0,15,215,25,3,1,4,0.0,37,70,0,1,0,89,3,0.0,3.0,0.0,24,32.0,2.0,7.0,0.0,87,6,1,0,0,0,761,3
57,8,2023,2023-08-01,20,3,Nilópolis,3303203,Baixada Fluminense,0,0,0,0,0,,0,1,,51,7,0,10,22,25,7,54,11,0,0,1,0,0.0,0,1,0.0,12,79,16,4,1,7,1.0,69,98,0,3,0,80,4,1.0,3.0,0.0,6,14.0,1.0,7.0,0.0,33,4,0,0,0,0,518,3
58,8,2023,2023-08-01,20,3,Nova Iguaçu,3303500,Baixada Fluminense,5,0,0,5,0,,5,4,,104,18,3,23,84,23,12,119,42,2,1,4,0,1.0,0,0,0.0,12,181,34,0,2,8,2.0,54,100,0,12,0,115,1,1.0,1.0,0.0,7,19.0,1.0,9.0,1.0,112,10,1,0,0,0,999,3
59,8,2023,2023-08-01,15,3,Duque de Caxias,3301702,Baixada Fluminense,5,0,0,5,4,,9,7,,89,13,2,57,143,39,57,239,86,10,2,5,0,0.0,0,6,0.0,46,394,32,33,9,21,1.0,207,303,0,0,0,140,4,0.0,4.0,0.0,92,75.0,3.0,9.0,1.0,87,15,0,0,0,0,1509,3
60,8,2023,2023-08-01,15,3,Duque de Caxias,3301702,Baixada Fluminense,15,0,0,15,3,,18,5,,56,6,2,16,27,20,13,60,70,21,3,1,0,0.0,0,0,0.0,17,172,25,1,1,5,0.0,28,60,0,5,0,46,2,1.0,1.0,0.0,16,27.0,0.0,31.0,0.0,54,13,0,0,0,0,639,3
61,8,2023,2023-08-01,15,3,Duque de Caxias,3301702,Baixada Fluminense,1,0,0,1,0,,1,2,,13,1,0,6,2,3,1,6,2,0,0,0,0,0.0,0,0,0.0,0,8,2,1,1,2,2.0,17,25,0,1,0,32,0,0.0,0.0,0.0,3,6.0,0.0,2.0,0.0,18,4,0,0,0,0,157,3
62,8,2023,2023-08-01,15,3,Duque de Caxias,3301702,Baixada Fluminense,4,0,0,4,0,,4,1,,56,7,1,23,28,19,11,58,28,7,1,1,0,0.0,0,0,0.0,9,104,21,2,2,4,1.0,25,55,0,1,0,62,7,1.0,6.0,0.0,9,20.0,2.0,2.0,0.0,35,10,0,0,0,0,458,3
63,8,2023,2023-08-01,24,3,Japeri,3302270,Baixada Fluminense,0,0,0,0,2,,2,0,,34,4,2,8,4,4,0,8,5,0,0,1,0,0.0,0,0,0.0,0,14,7,3,0,1,0.0,7,18,0,0,0,13,11,4.0,6.0,1.0,11,31.0,0.0,25.0,2.0,38,4,0,0,0,0,235,3
64,8,2023,2023-08-01,21,3,São João de Meriti,3305109,Baixada Fluminense,2,0,0,2,2,,4,3,,134,10,2,45,110,48,65,223,71,13,4,1,0,0.0,0,6,0.0,58,376,47,8,3,14,2.0,124,198,0,9,0,225,18,2.0,13.0,3.0,42,46.0,6.0,9.0,0.0,119,15,0,0,0,0,1538,3
65,8,2023,2023-08-01,34,3,Magé,3302502,Baixada Fluminense,1,0,0,1,1,,2,2,,28,3,5,12,8,2,0,10,1,0,0,0,0,0.0,0,0,0.0,1,12,5,2,2,2,0.0,17,28,0,0,0,24,4,1.0,2.0,1.0,1,4.0,0.0,5.0,0.0,20,0,0,0,0,0,212,3
66,8,2023,2023-08-01,34,3,Magé,3302502,Baixada Fluminense,4,0,0,4,0,,4,4,,69,3,1,24,19,14,1,34,4,1,1,1,0,0.0,0,0,0.0,4,45,10,4,0,8,7.0,57,86,0,2,0,40,6,6.0,0.0,0.0,10,13.0,0.0,6.0,0.0,62,7,0,0,0,0,521,3
67,8,2023,2023-08-01,34,3,Guapimirim,3301850,Baixada Fluminense,3,0,0,3,0,,3,6,,35,2,0,4,0,1,0,1,0,0,1,0,0,0.0,0,0,0.0,3,5,3,0,0,3,2.0,26,34,0,0,0,18,9,6.0,3.0,1.0,5,22.0,2.0,3.0,1.0,30,2,0,0,0,0,237,3
1,9,2023,2023-09-01,5,1,Rio de Janeiro,3304557,Capital,0,0,0,0,0,,0,0,,10,1,0,9,31,11,4,46,2,0,0,0,0,0.0,0,2,0.0,3,53,6,87,17,62,3.0,72,247,0,3,0,64,6,6.0,0.0,0.0,0,28.0,3.0,23.0,2.0,16,1,0,0,0,0,594,3
4,9,2023,2023-09-01,5,1,Rio de Janeiro,3304557,Capital,0,0,0,0,0,,0,0,,35,3,0,15,32,12,7,51,3,2,0,0,0,0.0,0,0,0.0,12,68,2,41,25,79,0.0,103,250,0,0,0,44,16,5.0,9.0,2.0,4,29.0,8.0,10.0,0.0,16,3,0,0,0,0,572,3
5,9,2023,2023-09-01,5,1,Rio de Janeiro,3304557,Capital,0,0,0,0,0,,0,0,,36,2,0,4,93,93,13,199,3,0,2,1,0,0.0,0,1,0.0,8,214,9,101,10,159,4.0,120,403,0,2,0,137,18,12.0,4.0,3.0,0,31.0,4.0,24.0,5.0,30,6,1,0,0,0,1143,3
6,9,2023,2023-09-01,4,1,Rio de Janeiro,3304557,Capital,0,0,0,0,0,,0,1,,25,1,0,29,18,15,8,41,10,1,3,1,1,0.0,0,0,1.0,5,63,4,31,54,60,1.0,69,219,0,1,0,74,2,1.0,1.0,0.0,22,17.0,4.0,1.0,0.0,19,3,1,0,0,0,583,3
7,9,2023,2023-09-01,5,1,Rio de Janeiro,3304557,Capital,0,0,0,0,0,,0,1,,9,3,0,1,14,2,2,18,4,0,0,0,0,0.0,0,0,0.0,12,34,5,5,1,4,0.0,23,38,0,0,0,26,1,1.0,0.0,0.0,3,3.0,0.0,6.0,1.0,10,0,0,0,0,0,186,3
9,9,2023,2023-09-01,2,1,Rio de Janeiro,3304557,Capital,0,0,0,0,0,,0,0,,25,2,0,13,34,24,10,68,14,0,4,0,0,0.0,0,0,2.0,16,104,17,22,10,94,2.0,172,317,0,4,0,112,11,10.0,1.0,0.0,2,19.0,9.0,6.0,1.0,27,6,0,0,0,0,856,3
10,9,2023,2023-09-01,2,1,Rio de Janeiro,3304557,Capital,0,0,0,0,0,,0,2,,26,1,1,22,42,25,4,71,8,0,9,0,0,0.0,0,1,2.0,13,104,22,24,23,99,12.0,179,359,0,11,0,122,7,6.0,1.0,0.0,2,22.0,13.0,8.0,1.0,34,2,0,0,0,0,921,3
11,9,2023,2023-09-01,23,1,Rio de Janeiro,3304557,Capital,0,0,0,0,0,,0,0,,10,0,0,1,1,0,0,1,0,0,0,0,0,0.0,0,0,0.0,0,1,3,2,3,3,0.0,8,19,0,0,0,10,5,2.0,3.0,0.0,0,5.0,0.0,5.0,0.0,4,5,0,0,0,0,81,3
12,9,2023,2023-09-01,19,1,Rio de Janeiro,3304557,Capital,0,0,0,0,0,,0,2,,33,2,0,16,47,36,3,86,1,0,2,1,0,0.0,0,0,1.0,10,101,14,120,19,165,19.0,191,528,0,2,0,171,15,13.0,3.0,0.0,2,37.0,39.0,7.0,13.0,33,5,0,0,0,0,1177,3
13,9,2023,2023-09-01,19,1,Rio de Janeiro,3304557,Capital,0,0,0,0,0,,0,0,,17,2,1,5,11,13,2,26,0,0,2,1,0,0.0,0,1,0.0,4,34,3,39,4,55,6.0,72,179,0,2,0,100,6,4.0,2.0,0.0,1,19.0,6.0,1.0,1.0,15,2,1,0,0,0,483,3
14,9,2023,2023-09-01,23,1,Rio de Janeiro,3304557,Capital,0,0,0,0,0,,0,0,,16,3,1,6,18,21,0,39,0,0,2,0,0,0.0,0,0,1.0,4,46,19,47,8,114,19.0,122,329,0,6,0,141,12,12.0,0.0,0.0,2,23.0,10.0,6.0,6.0,27,10,0,0,0,0,806,3
15,9,2023,2023-09-01,23,1,Rio de Janeiro,3304557,Capital,0,0,0,0,0,,0,0,,16,2,1,17,7,5,3,15,1,0,0,0,0,0.0,0,0,0.0,5,21,6,13,9,70,4.0,66,168,0,1,0,106,0,0.0,0.0,0.0,6,10.0,11.0,3.0,3.0,13,1,0,0,0,0,500,3
16,9,2023,2023-09-01,31,2,Rio de Janeiro,3304557,Capital,6,0,0,6,0,,6,4,,69,5,0,43,50,29,7,86,8,1,3,0,0,0.0,0,0,0.0,27,125,68,41,70,207,3.0,259,648,0,12,0,332,28,23.0,5.0,0.0,5,71.0,24.0,17.0,5.0,64,8,0,1,0,0,1926,3
17,9,2023,2023-09-01,4,1,Rio de Janeiro,3304557,Capital,1,0,0,1,0,,1,6,,39,0,1,26,28,14,14,56,9,2,2,0,0,0.0,0,0,0.0,18,87,18,15,28,79,1.0,125,266,0,7,0,55,3,2.0,1.0,0.0,12,24.0,2.0,21.0,0.0,27,8,0,0,0,0,706,3
18,9,2023,2023-09-01,6,1,Rio de Janeiro,3304557,Capital,0,0,0,0,0,,0,0,,26,1,0,7,38,41,6,85,14,1,1,0,0,0.0,0,0,0.0,12,113,7,50,14,198,3.0,153,425,0,1,0,85,8,7.0,1.0,0.0,4,22.0,9.0,4.0,1.0,16,3,0,0,0,0,908,3
19,9,2023,2023-09-01,6,1,Rio de Janeiro,3304557,Capital,0,0,0,0,0,,0,1,,28,0,3,12,34,38,4,76,23,0,3,1,0,0.0,0,1,1.0,8,113,11,33,25,72,5.0,122,268,0,1,0,164,4,2.0,1.0,1.0,2,27.0,1.0,8.0,6.0,37,2,0,0,0,0,924,3
20,9,2023,2023-09-01,6,1,Rio de Janeiro,3304557,Capital,1,0,0,1,0,,1,2,,32,2,0,21,32,11,2,45,24,0,2,0,0,0.0,0,0,0.0,11,82,8,9,19,51,0.0,120,207,0,1,0,97,6,6.0,0.0,0.0,1,23.0,7.0,2.0,0.0,27,2,0,0,0,0,653,3
21,9,2023,2023-09-01,22,1,Rio de Janeiro,3304557,Capital,1,0,0,1,1,,2,4,,46,9,4,71,46,14,15,75,47,14,2,1,0,0.0,0,1,0.0,23,163,17,19,48,38,1.0,143,266,0,1,0,167,18,9.0,8.0,1.0,44,29.0,2.0,30.0,4.0,50,15,0,0,0,0,1123,3
22,9,2023,2023-09-01,16,1,Rio de Janeiro,3304557,Capital,2,0,0,2,0,,2,0,,70,3,4,30,33,20,6,59,41,6,1,0,0,0.0,0,1,0.0,10,118,21,9,13,8,1.0,180,232,0,5,0,135,5,1.0,3.0,1.0,22,29.0,2.0,9.0,0.0,70,6,0,0,0,0,896,3
23,9,2023,2023-09-01,3,1,Rio de Janeiro,3304557,Capital,2,0,0,2,1,,3,0,,21,4,0,5,29,9,2,40,21,0,0,0,0,0.0,0,0,0.0,11,72,13,5,4,15,0.0,70,107,0,2,0,45,1,1.0,0.0,0.0,2,14.0,3.0,4.0,1.0,17,5,0,0,0,0,412,3
24,9,2023,2023-09-01,3,1,Rio de Janeiro,3304557,Capital,1,0,0,1,0,,1,0,,31,2,1,27,24,22,1,47,31,0,1,0,0,0.0,0,0,0.0,10,89,8,23,9,77,0.0,74,191,0,3,0,85,2,0.0,2.0,0.0,12,8.0,0.0,4.0,0.0,30,6,0,0,0,0,615,3
25,9,2023,2023-09-01,3,1,Rio de Janeiro,3304557,Capital,3,0,0,3,0,,3,0,,31,2,0,14,25,22,11,58,20,1,2,1,0,0.0,0,0,0.0,25,107,13,5,20,20,0.0,69,127,0,2,0,81,11,4.0,7.0,0.0,14,33.0,2.0,7.0,2.0,27,6,0,0,0,0,581,3
26,9,2023,2023-09-01,3,1,Rio de Janeiro,3304557,Capital,2,0,0,2,0,,2,4,,34,1,0,13,27,11,3,41,17,0,1,0,0,0.0,0,0,0.0,8,67,5,13,12,30,1.0,80,141,0,1,0,75,3,3.0,0.0,0.0,11,24.0,4.0,2.0,0.0,42,2,0,0,0,0,515,3
27,9,2023,2023-09-01,41,2,Rio de Janeiro,3304557,Capital,4,0,0,4,0,,4,2,,39,2,0,19,57,19,6,82,75,2,1,1,0,0.0,0,0,0.0,24,185,26,4,7,22,2.0,96,157,0,0,0,162,1,0.0,1.0,0.0,13,31.0,1.0,11.0,1.0,59,1,0,0,0,0,806,3
28,9,2023,2023-09-01,18,2,Rio de Janeiro,3304557,Capital,4,0,0,4,1,,5,0,,35,4,3,16,5,7,0,12,7,0,0,1,0,0.0,0,0,0.0,6,26,8,6,16,21,2.0,41,94,0,9,0,96,5,1.0,3.0,1.0,7,9.0,1.0,1.0,0.0,38,0,0,0,0,0,482,3
29,9,2023,2023-09-01,9,2,Rio de Janeiro,3304557,Capital,10,1,0,11,2,,13,1,,64,5,4,27,74,39,12,125,28,0,4,0,0,0.0,0,1,0.0,22,180,26,28,23,39,5.0,247,368,0,0,0,129,2,0.0,2.0,0.0,18,22.0,3.0,4.0,0.0,42,6,1,0,0,0,1107,3
30,9,2023,2023-09-01,9,2,Rio de Janeiro,3304557,Capital,3,0,0,3,0,,3,1,,48,2,0,20,26,37,18,81,18,1,2,1,0,0.0,0,0,0.0,8,111,23,4,10,21,1.0,40,99,0,3,0,82,2,0.0,2.0,0.0,6,8.0,1.0,0.0,0.0,53,8,0,0,0,0,576,3
31,9,2023,2023-09-01,41,2,Rio de Janeiro,3304557,Capital,6,0,0,6,1,,7,1,,45,5,1,24,44,15,20,79,48,0,0,0,0,0.0,0,0,0.0,10,137,15,13,4,10,0.0,20,62,0,0,0,98,2,0.0,2.0,0.0,33,5.0,1.0,4.0,1.0,46,3,0,0,0,0,616,3
32,9,2023,2023-09-01,18,2,Rio de Janeiro,3304557,Capital,7,0,0,7,2,,9,4,,152,13,1,65,59,32,6,97,41,3,6,0,0,0.0,0,2,2.0,36,187,19,22,40,80,0.0,278,439,0,11,0,313,10,5.0,2.0,3.0,18,48.0,1.0,10.0,2.0,160,12,0,1,0,0,1904,3
33,9,2023,2023-09-01,14,2,Rio de Janeiro,3304557,Capital,2,0,0,2,0,,2,4,,100,5,0,49,34,27,7,68,39,4,1,0,0,0.0,0,0,0.0,11,123,24,4,4,14,2.0,51,99,0,0,0,69,1,0.0,1.0,0.0,20,26.0,0.0,7.0,1.0,96,4,0,0,0,0,880,3
34,9,2023,2023-09-01,14,2,Rio de Janeiro,3304557,Capital,4,0,0,4,1,,5,2,,113,4,4,45,59,31,22,112,54,5,2,2,0,0.0,0,2,1.0,14,192,18,22,6,43,0.0,107,196,0,4,0,187,7,1.0,6.0,0.0,46,37.0,1.0,36.0,0.0,83,13,0,0,0,0,1220,3
35,9,2023,2023-09-01,40,2,Rio de Janeiro,3304557,Capital,1,2,0,3,0,,3,5,,205,12,5,82,39,29,4,72,64,6,4,1,0,0.0,1,0,0.0,19,167,59,24,23,60,9.0,147,322,0,10,0,246,3,3.0,0.0,0.0,24,64.0,6.0,35.0,0.0,225,28,0,0,0,0,1982,3
36,9,2023,2023-09-01,27,2,Rio de Janeiro,3304557,Capital,9,0,0,9,0,,9,11,,119,8,5,26,18,16,1,35,18,1,0,1,0,0.0,0,0,0.0,9,64,31,2,4,11,2.0,51,101,0,6,0,134,1,1.0,0.0,0.0,26,26.0,0.0,10.0,1.0,103,7,0,0,0,0,821,3
37,9,2023,2023-09-01,17,1,Rio de Janeiro,3304557,Capital,1,0,1,2,0,,2,1,,40,3,0,29,9,1,1,11,4,1,0,0,0,0.0,0,0,1.0,4,21,14,17,9,19,1.0,108,168,0,3,0,109,2,1.0,1.0,0.0,16,18.0,4.0,9.0,0.0,55,4,0,0,0,0,672,3
38,9,2023,2023-09-01,16,1,Rio de Janeiro,3304557,Capital,2,0,0,2,0,,2,2,,38,0,2,33,29,10,2,41,52,5,1,1,0,0.0,0,1,0.0,12,113,26,0,5,6,0.0,26,63,0,4,0,62,9,2.0,4.0,3.0,21,23.0,4.0,16.0,1.0,48,2,0,0,0,0,554,3
39,9,2023,2023-09-01,41,2,Rio de Janeiro,3304557,Capital,4,0,0,4,0,,4,7,,55,7,1,21,56,22,17,95,60,5,1,1,0,0.0,0,0,0.0,30,192,10,17,3,25,1.0,67,123,0,0,0,50,11,0.0,11.0,0.0,112,29.0,2.0,6.0,1.0,32,3,1,0,0,0,766,3
40,9,2023,2023-09-01,9,2,Rio de Janeiro,3304557,Capital,5,0,0,5,0,,5,1,,43,3,1,19,35,15,13,63,47,1,0,0,0,0.0,0,1,0.0,18,130,13,10,2,9,1.0,28,63,0,2,0,64,1,1.0,0.0,0.0,12,9.0,5.0,4.0,1.0,35,3,0,0,0,0,467,3
41,9,2023,2023-09-01,18,2,Rio de Janeiro,3304557,Capital,5,0,0,5,0,,5,3,,24,0,2,24,17,8,2,27,21,0,2,0,0,0.0,0,0,0.0,0,50,4,13,11,19,2.0,55,104,0,7,1,120,0,0.0,0.0,0.0,7,10.0,1.0,8.0,1.0,41,6,1,0,0,0,598,3
42,9,2023,2023-09-01,31,2,Rio de Janeiro,3304557,Capital,3,0,0,3,7,,10,1,,72,6,0,49,31,18,3,52,16,1,6,3,0,0.0,1,0,0.0,22,101,108,10,17,58,3.0,118,314,0,8,0,222,41,33.0,8.0,0.0,9,38.0,14.0,12.0,1.0,60,8,0,0,0,0,1190,3
43,9,2023,2023-09-01,27,2,Rio de Janeiro,3304557,Capital,2,0,0,2,0,,2,0,,72,9,2,38,25,14,7,46,5,0,1,4,0,0.0,0,0,0.0,4,60,16,2,3,14,1.0,45,81,0,6,0,75,2,2.0,0.0,0.0,9,18.0,0.0,5.0,0.0,64,7,0,0,0,0,561,3
44,9,2023,2023-09-01,3,1,Rio de Janeiro,3304557,Capital,1,0,0,1,0,,1,2,,32,5,0,30,34,8,2,44,32,0,0,0,0,0.0,0,0,0.0,17,93,9,11,5,26,2.0,97,150,0,0,0,106,4,2.0,1.0,1.0,13,8.0,1.0,4.0,0.0,13,2,0,0,0,0,620,3
48,9,2023,2023-09-01,24,3,Seropédica,3305554,Baixada Fluminense,4,0,0,4,0,,4,0,,51,7,1,6,4,4,2,10,5,1,0,1,0,0.0,0,0,0.0,1,18,5,2,0,7,2.0,17,33,0,3,0,20,2,1.0,1.0,0.0,6,9.0,0.0,5.0,0.0,27,2,0,0,0,0,217,3
50,9,2023,2023-09-01,24,3,Itaguaí,3302007,Baixada Fluminense,2,0,0,2,0,,2,3,,36,10,0,15,12,1,3,16,6,0,3,0,0,0.0,0,2,0.0,4,31,12,2,2,3,0.0,29,48,0,2,0,42,7,4.0,3.0,0.0,13,13.0,0.0,8.0,0.0,38,5,1,0,0,0,379,3
51,9,2023,2023-09-01,24,3,Paracambi,3303609,Baixada Fluminense,2,0,0,2,1,,3,2,,28,1,0,12,2,3,0,5,0,0,1,0,0,0.0,0,0,0.0,0,6,2,0,0,2,1.0,7,12,0,1,0,10,14,12.0,3.0,0.0,0,8.0,3.0,10.0,0.0,14,3,0,0,0,0,142,3
52,9,2023,2023-09-01,20,3,Nova Iguaçu,3303500,Baixada Fluminense,0,0,0,0,0,,0,4,,74,6,1,38,44,44,12,100,37,1,1,1,0,0.0,0,0,0.0,8,148,32,11,2,11,3.0,54,113,0,2,0,62,4,4.0,0.0,0.0,21,44.0,11.0,18.0,1.0,66,9,0,0,0,0,828,3
53,9,2023,2023-09-01,20,3,Mesquita,3302858,Baixada Fluminense,1,0,0,1,0,,1,0,,48,2,1,17,50,22,25,97,26,1,1,2,0,0.0,0,1,0.0,4,132,7,4,1,8,5.0,47,72,0,3,0,54,2,2.0,0.0,0.0,11,9.0,0.0,6.0,0.0,47,5,0,0,0,0,503,3
54,9,2023,2023-09-01,39,3,Belford Roxo,3300456,Baixada Fluminense,10,0,0,10,0,,10,9,,174,10,2,46,96,27,28,151,137,17,2,2,0,0.0,0,0,0.0,13,322,31,16,7,6,0.0,40,100,0,5,0,212,8,0.0,7.0,1.0,48,46.0,2.0,25.0,1.0,179,19,0,0,0,0,1330,3
55,9,2023,2023-09-01,24,3,Queimados,3304144,Baixada Fluminense,1,0,0,1,0,,1,4,,52,6,3,10,20,10,2,32,2,1,0,2,0,0.0,0,0,0.0,0,37,13,5,1,15,2.0,55,91,0,2,0,80,1,0.0,1.0,0.0,4,9.0,0.0,12.0,0.0,48,10,0,0,0,0,493,3
56,9,2023,2023-09-01,20,3,Nova Iguaçu,3303500,Baixada Fluminense,7,0,0,7,0,,7,5,,94,7,0,20,57,35,12,104,28,8,1,1,0,0.0,0,0,0.0,15,157,29,3,2,11,1.0,37,83,0,8,0,60,2,0.0,2.0,0.0,27,19.0,0.0,5.0,0.0,98,11,0,0,0,0,741,3
57,9,2023,2023-09-01,20,3,Nilópolis,3303203,Baixada Fluminense,2,0,0,2,0,,2,3,,61,1,0,11,15,11,6,32,15,4,0,1,0,1.0,0,2,0.0,8,63,13,13,2,13,1.0,107,149,0,0,0,72,4,3.0,1.0,0.0,5,13.0,0.0,7.0,0.0,38,2,0,0,0,0,519,3
58,9,2023,2023-09-01,20,3,Nova Iguaçu,3303500,Baixada Fluminense,11,1,0,12,1,,13,5,,166,11,3,35,76,23,6,105,31,6,2,0,0,0.0,0,0,0.0,9,153,31,6,1,12,1.0,68,119,0,6,1,163,7,3.0,4.0,0.0,15,36.0,2.0,11.0,0.0,124,17,0,0,0,0,1175,3
59,9,2023,2023-09-01,15,3,Duque de Caxias,3301702,Baixada Fluminense,3,0,0,3,0,,3,5,,111,10,4,84,120,46,61,227,87,14,2,1,0,0.0,1,1,0.0,40,373,44,36,12,32,1.0,206,331,0,3,2,137,10,2.0,8.0,0.0,85,53.0,4.0,4.0,0.0,93,22,2,0,1,0,1518,3
60,9,2023,2023-09-01,15,3,Duque de Caxias,3301702,Baixada Fluminense,10,0,0,10,1,,11,11,,72,10,7,24,15,13,14,42,81,22,2,2,0,0.0,0,0,0.0,16,165,22,2,1,4,1.0,26,56,0,2,0,40,5,1.0,4.0,0.0,8,30.0,4.0,22.0,3.0,47,9,0,0,0,0,600,3
61,9,2023,2023-09-01,15,3,Duque de Caxias,3301702,Baixada Fluminense,4,0,0,4,0,,4,3,,24,3,0,4,7,2,0,9,4,4,2,0,0,0.0,0,0,0.0,3,22,1,0,1,4,4.0,6,16,0,2,0,26,1,1.0,0.0,0.0,3,8.0,0.0,1.0,0.0,20,3,1,0,0,0,168,3
62,9,2023,2023-09-01,15,3,Duque de Caxias,3301702,Baixada Fluminense,0,0,0,0,0,,0,1,,50,6,1,15,24,11,3,38,49,7,2,1,0,0.0,0,0,0.0,9,106,7,3,1,6,1.0,14,32,0,1,0,58,2,0.0,2.0,0.0,9,6.0,0.0,4.0,0.0,44,7,0,0,0,0,406,3
63,9,2023,2023-09-01,24,3,Japeri,3302270,Baixada Fluminense,3,0,0,3,0,,3,6,,32,6,1,10,9,6,0,15,1,1,1,0,0,0.0,0,0,0.0,6,24,1,2,1,1,0.0,10,15,0,0,0,12,10,8.0,1.0,1.0,2,11.0,0.0,19.0,0.0,23,2,0,0,0,0,206,3
64,9,2023,2023-09-01,21,3,São João de Meriti,3305109,Baixada Fluminense,7,1,0,8,3,,11,11,,109,6,1,52,96,35,30,161,98,8,1,1,0,0.0,0,4,0.0,63,336,44,9,3,16,1.0,66,139,0,6,0,144,15,3.0,11.0,1.0,48,45.0,2.0,6.0,0.0,95,16,0,0,0,0,1249,3
65,9,2023,2023-09-01,34,3,Magé,3302502,Baixada Fluminense,2,0,0,2,0,,2,3,,25,6,2,3,12,3,0,15,5,0,1,0,0,0.0,0,0,0.0,1,22,10,1,0,4,2.0,24,41,0,1,0,22,6,2.0,4.0,0.0,1,12.0,0.0,3.0,0.0,19,3,0,0,0,0,235,3
66,9,2023,2023-09-01,34,3,Magé,3302502,Baixada Fluminense,2,0,0,2,0,,2,0,,62,6,3,16,14,8,2,24,10,1,1,1,0,0.0,0,0,0.0,2,39,15,1,0,8,2.0,39,65,0,1,0,53,4,4.0,0.0,0.0,10,23.0,0.0,10.0,0.0,69,11,0,0,0,0,552,3
67,9,2023,2023-09-01,34,3,Guapimirim,3301850,Baixada Fluminense,2,0,0,2,0,,2,3,,23,4,1,11,3,2,0,5,4,0,0,1,0,0.0,0,0,0.0,1,11,2,0,0,28,0.0,29,59,0,1,2,29,0,0.0,0.0,0.0,2,6.0,0.0,6.0,0.0,34,5,1,0,0,0,288,3
1,10,2023,2023-10-01,5,1,Rio de Janeiro,3304557,Capital,0,0,0,0,0,,0,0,,20,0,0,8,49,14,5,68,0,0,1,0,0,0.0,0,0,1.0,3,73,5,90,16,68,2.0,68,249,0,1,0,116,3,3.0,0.0,0.0,2,34.0,2.0,12.0,0.0,18,4,1,0,0,0,597,3
4,10,2023,2023-10-01,5,1,Rio de Janeiro,3304557,Capital,2,0,0,2,0,,2,0,,14,1,3,11,39,21,9,69,5,2,0,0,0,0.0,0,0,1.0,15,92,3,62,33,110,0.0,136,344,0,1,0,60,12,8.0,3.0,1.0,4,20.0,2.0,9.0,3.0,19,4,0,0,0,0,707,3
5,10,2023,2023-10-01,5,1,Rio de Janeiro,3304557,Capital,0,0,0,0,0,,0,0,,55,4,0,13,95,131,5,231,1,0,1,0,0,0.0,0,0,1.0,10,244,15,107,14,228,2.0,125,491,0,2,0,122,5,3.0,2.0,0.0,5,25.0,3.0,23.0,5.0,32,3,0,0,0,0,1324,3
6,10,2023,2023-10-01,4,1,Rio de Janeiro,3304557,Capital,0,0,0,0,2,,2,1,,20,1,2,22,20,17,12,49,10,4,0,0,0,0.0,0,1,0.0,8,72,11,27,40,167,3.0,80,328,0,2,2,92,1,0.0,1.0,0.0,15,17.0,3.0,6.0,3.0,24,4,0,0,0,0,746,3
7,10,2023,2023-10-01,5,1,Rio de Janeiro,3304557,Capital,0,0,0,0,0,,0,1,,7,2,0,2,8,3,0,11,2,0,0,1,0,0.0,0,0,0.0,7,21,6,5,0,9,0.0,27,47,0,2,0,28,6,2.0,3.0,1.0,0,10.0,1.0,0.0,0.0,10,2,0,0,0,0,182,3
9,10,2023,2023-10-01,2,1,Rio de Janeiro,3304557,Capital,1,0,0,1,0,,1,3,,27,2,0,21,46,30,7,83,11,0,1,0,0,0.0,0,0,3.0,15,113,20,35,8,133,13.0,177,386,0,2,0,136,15,14.0,0.0,1.0,6,25.0,4.0,7.0,6.0,26,2,0,0,0,0,998,3
10,10,2023,2023-10-01,2,1,Rio de Janeiro,3304557,Capital,1,0,0,1,0,,1,0,,20,3,1,18,38,16,4,58,6,1,6,0,0,0.0,0,0,3.0,12,86,26,16,26,127,16.0,211,422,0,3,0,121,4,3.0,1.0,0.0,1,29.0,7.0,5.0,4.0,23,3,0,0,0,0,929,3
11,10,2023,2023-10-01,23,1,Rio de Janeiro,3304557,Capital,0,0,0,0,0,,0,1,,13,1,0,1,0,0,0,0,0,0,0,0,0,0.0,0,0,0.0,0,0,1,0,0,4,0.0,5,10,0,0,0,8,1,1.0,0.0,0.0,0,0.0,0.0,2.0,0.0,6,1,0,0,0,0,69,3
12,10,2023,2023-10-01,19,1,Rio de Janeiro,3304557,Capital,0,0,0,0,0,,0,0,,36,1,1,12,36,20,2,58,0,0,7,0,0,0.0,0,0,1.0,5,71,13,90,20,113,15.0,173,424,0,6,0,197,4,2.0,2.0,0.0,0,46.0,18.0,5.0,15.0,30,3,0,0,0,0,1028,3
13,10,2023,2023-10-01,19,1,Rio de Janeiro,3304557,Capital,0,0,0,0,0,,0,0,,12,2,0,5,12,5,2,19,0,0,1,1,0,0.0,0,0,0.0,1,22,6,20,8,26,5.0,79,144,0,3,0,111,2,2.0,0.0,0.0,0,17.0,7.0,3.0,0.0,15,3,0,0,0,0,467,3
14,10,2023,2023-10-01,23,1,Rio de Janeiro,3304557,Capital,2,0,0,2,0,,2,0,,17,0,0,12,10,9,2,21,0,0,3,1,0,0.0,0,0,0.0,3,28,12,51,7,122,15.0,141,348,0,5,0,201,8,6.0,2.0,0.0,0,38.0,5.0,9.0,6.0,14,5,0,0,0,0,855,3
15,10,2023,2023-10-01,23,1,Rio de Janeiro,3304557,Capital,0,0,0,0,0,,0,0,,17,1,2,13,8,12,3,23,2,0,1,1,0,0.0,0,0,0.0,3,30,5,11,14,57,3.0,65,155,0,3,0,125,6,6.0,0.0,0.0,0,10.0,2.0,2.0,2.0,23,1,0,0,0,0,528,3
16,10,2023,2023-10-01,31,2,Rio de Janeiro,3304557,Capital,3,0,0,3,1,,4,1,,65,2,2,41,59,47,5,111,4,0,3,2,0,0.0,0,0,2.0,35,157,43,47,53,151,5.0,226,525,0,8,1,451,21,18.0,3.0,0.0,13,71.0,22.0,14.0,8.0,91,12,1,0,0,0,1930,3
17,10,2023,2023-10-01,4,1,Rio de Janeiro,3304557,Capital,3,0,0,3,0,,3,3,,29,0,1,35,33,16,19,68,21,0,0,0,0,0.0,0,0,1.0,25,115,19,8,31,117,2.0,139,316,0,6,0,45,3,2.0,0.0,1.0,4,32.0,5.0,6.0,0.0,27,3,0,0,0,0,768,3
18,10,2023,2023-10-01,6,1,Rio de Janeiro,3304557,Capital,0,0,0,0,0,,0,1,,14,2,2,16,34,39,10,83,14,0,2,0,0,0.0,0,0,5.0,17,121,6,37,17,105,4.0,128,297,0,0,0,60,4,2.0,0.0,2.0,2,14.0,8.0,1.0,0.0,23,1,0,0,0,0,782,3
19,10,2023,2023-10-01,6,1,Rio de Janeiro,3304557,Capital,0,0,0,0,0,,0,3,,40,1,0,15,56,34,2,92,14,0,5,0,0,1.0,0,0,2.0,14,128,8,22,30,56,8.0,118,242,0,7,0,204,5,3.0,2.0,0.0,5,21.0,8.0,11.0,5.0,32,3,0,0,0,0,937,3
20,10,2023,2023-10-01,6,1,Rio de Janeiro,3304557,Capital,0,0,0,0,0,,0,0,,51,2,0,12,52,33,4,89,25,0,4,2,0,0.0,0,0,0.0,8,128,7,15,23,38,1.0,87,171,0,1,1,150,3,2.0,1.0,0.0,5,37.0,5.0,5.0,0.0,26,1,0,0,0,0,782,3
21,10,2023,2023-10-01,22,1,Rio de Janeiro,3304557,Capital,2,0,0,2,1,,3,2,,54,7,4,48,41,27,30,98,37,9,0,0,0,0.0,0,3,1.0,31,179,14,14,39,42,1.0,133,243,0,2,0,222,20,3.0,7.0,10.0,161,30.0,5.0,32.0,4.0,49,7,0,0,0,0,1336,3
22,10,2023,2023-10-01,16,1,Rio de Janeiro,3304557,Capital,3,1,0,4,1,,5,1,,38,3,3,27,23,10,7,40,23,13,3,1,0,0.0,0,0,0.0,7,87,17,11,12,13,1.0,115,169,0,5,0,133,6,0.0,2.0,4.0,27,19.0,0.0,5.0,2.0,46,6,1,0,0,0,740,3
23,10,2023,2023-10-01,3,1,Rio de Janeiro,3304557,Capital,0,0,0,0,1,,1,3,,35,0,0,12,32,9,1,42,23,0,4,0,0,0.0,0,0,0.0,12,81,7,7,8,17,0.0,61,100,0,3,0,83,1,1.0,0.0,0.0,1,7.0,1.0,3.0,1.0,30,1,0,0,0,0,484,3
24,10,2023,2023-10-01,3,1,Rio de Janeiro,3304557,Capital,0,0,0,0,0,,0,0,,40,1,2,28,32,13,2,47,52,1,0,0,0,0.0,0,1,0.0,31,132,14,10,8,74,0.0,108,214,0,4,0,114,2,1.0,1.0,0.0,12,17.0,0.0,3.0,0.0,33,5,0,0,0,0,738,3
25,10,2023,2023-10-01,3,1,Rio de Janeiro,3304557,Capital,1,0,0,1,0,,1,1,,24,3,0,22,16,44,8,68,16,0,3,1,0,0.0,0,0,0.0,17,105,9,1,10,37,0.0,70,127,0,2,0,81,12,2.0,7.0,3.0,8,22.0,0.0,4.0,0.0,32,3,0,0,0,0,524,3
26,10,2023,2023-10-01,3,1,Rio de Janeiro,3304557,Capital,0,0,0,0,1,,1,5,,34,2,0,17,24,22,4,50,12,0,1,1,0,0.0,0,0,0.0,12,76,12,17,15,41,0.0,78,163,0,0,0,89,5,5.0,0.0,0.0,12,27.0,5.0,6.0,1.0,39,1,0,0,0,0,582,3
27,10,2023,2023-10-01,41,2,Rio de Janeiro,3304557,Capital,1,0,0,1,0,,1,1,,45,2,2,18,60,33,5,98,86,2,1,4,0,0.0,0,0,0.0,24,215,29,8,4,19,1.0,113,174,0,3,0,118,1,0.0,0.0,1.0,27,27.0,2.0,5.0,0.0,41,3,1,0,0,0,839,3
28,10,2023,2023-10-01,18,2,Rio de Janeiro,3304557,Capital,2,0,0,2,2,,4,0,,30,2,1,16,13,9,1,23,11,0,1,0,0,0.0,0,0,0.0,5,40,10,1,8,11,0.0,52,82,0,4,0,129,5,1.0,2.0,2.0,11,4.0,0.0,12.0,0.0,52,2,0,0,0,0,523,3
29,10,2023,2023-10-01,9,2,Rio de Janeiro,3304557,Capital,4,0,0,4,1,,5,1,,36,3,1,22,80,53,7,140,37,1,3,0,0,0.0,0,1,0.0,28,210,32,42,27,67,1.0,293,462,0,1,0,165,0,0.0,0.0,0.0,18,41.0,5.0,5.0,0.0,35,3,0,0,0,0,1282,3
30,10,2023,2023-10-01,9,2,Rio de Janeiro,3304557,Capital,0,0,0,0,0,,0,0,,36,2,0,11,36,33,12,81,35,0,2,1,0,0.0,0,0,0.0,6,125,27,9,5,23,2.0,41,107,0,4,0,85,7,1.0,4.0,2.0,8,20.0,2.0,5.0,0.0,63,2,0,0,0,0,592,3
31,10,2023,2023-10-01,41,2,Rio de Janeiro,3304557,Capital,2,0,0,2,1,,3,4,,30,2,2,20,31,27,10,68,61,2,1,0,0,0.0,0,0,0.0,12,144,24,0,2,12,0.0,45,83,0,1,0,69,2,0.0,2.0,0.0,37,24.0,1.0,6.0,0.0,30,3,0,0,0,0,551,3
32,10,2023,2023-10-01,18,2,Rio de Janeiro,3304557,Capital,14,0,0,14,0,,14,4,,137,11,1,55,53,27,4,84,17,1,1,1,0,0.0,0,0,0.0,30,134,25,22,37,64,3.0,274,425,0,7,0,334,10,3.0,5.0,2.0,26,34.0,4.0,17.0,2.0,162,16,0,0,0,0,1815,3
33,10,2023,2023-10-01,14,2,Rio de Janeiro,3304557,Capital,2,0,0,2,2,,4,0,,78,6,3,63,29,27,2,58,51,7,0,2,0,0.0,0,0,0.0,14,132,27,0,6,20,3.0,59,115,0,3,0,78,3,1.0,1.0,1.0,8,21.0,0.0,1.0,1.0,78,4,0,0,0,0,891,3
34,10,2023,2023-10-01,14,2,Rio de Janeiro,3304557,Capital,4,0,0,4,0,,4,1,,110,10,1,39,47,41,13,101,60,6,5,9,0,0.0,0,0,1.0,18,200,43,20,10,32,2.0,107,214,0,1,0,210,15,2.0,11.0,2.0,44,46.0,1.0,42.0,2.0,125,9,0,0,0,0,1329,3
35,10,2023,2023-10-01,40,2,Rio de Janeiro,3304557,Capital,2,0,0,2,0,,2,0,,165,11,6,68,35,18,4,57,67,4,2,5,0,0.0,0,0,0.0,32,167,63,18,17,48,6.0,171,323,0,9,0,244,0,0.0,0.0,0.0,20,67.0,2.0,21.0,2.0,199,17,0,0,0,0,1995,3
36,10,2023,2023-10-01,27,2,Rio de Janeiro,3304557,Capital,5,0,0,5,0,,5,3,,107,15,0,39,17,12,5,34,15,1,0,1,0,0.0,0,0,0.0,8,59,21,4,3,10,2.0,46,86,0,2,0,102,1,1.0,0.0,0.0,17,31.0,2.0,5.0,1.0,79,12,0,0,0,0,777,3
37,10,2023,2023-10-01,17,1,Rio de Janeiro,3304557,Capital,1,0,0,1,0,,1,0,,61,5,0,25,16,5,0,21,6,2,1,1,0,0.0,0,1,0.0,7,39,8,18,14,29,3.0,122,194,0,9,0,182,8,5.0,3.0,0.0,15,26.0,0.0,3.0,0.0,75,4,1,0,0,0,915,3
38,10,2023,2023-10-01,16,1,Rio de Janeiro,3304557,Capital,1,0,0,1,0,,1,1,,32,3,2,32,28,8,4,40,64,8,1,2,0,0.0,0,0,0.0,25,140,18,1,3,4,0.0,34,60,0,1,0,63,6,0.0,6.0,0.0,32,15.0,7.0,4.0,0.0,41,3,0,0,0,0,525,3
39,10,2023,2023-10-01,41,2,Rio de Janeiro,3304557,Capital,4,0,0,4,0,,4,2,,36,5,1,19,78,30,12,120,86,9,2,0,0,0.0,0,0,0.0,75,292,21,22,7,20,1.0,67,138,0,1,0,77,7,2.0,5.0,0.0,144,19.0,2.0,6.0,3.0,36,1,0,0,0,0,949,3
40,10,2023,2023-10-01,9,2,Rio de Janeiro,3304557,Capital,1,0,0,1,0,,1,3,,32,4,0,6,49,27,2,78,48,4,0,0,0,1.0,0,0,0.0,22,153,17,9,2,12,0.0,52,92,0,0,0,50,0,0.0,0.0,0.0,14,7.0,3.0,1.0,2.0,31,3,1,0,0,0,468,3
41,10,2023,2023-10-01,18,2,Rio de Janeiro,3304557,Capital,1,0,0,1,3,,4,0,,34,0,0,22,26,10,0,36,6,0,2,0,0,0.0,0,1,1.0,4,50,4,3,13,25,0.0,46,91,0,4,1,127,2,0.0,2.0,0.0,4,12.0,0.0,2.0,0.0,54,4,0,0,0,0,604,3
42,10,2023,2023-10-01,31,2,Rio de Janeiro,3304557,Capital,0,0,0,0,0,,0,2,,71,2,1,36,23,15,4,42,4,1,4,0,0,0.0,1,1,1.0,11,65,51,4,12,42,4.0,110,223,0,4,0,187,35,24.0,10.0,1.0,8,36.0,12.0,7.0,3.0,80,7,3,0,0,0,924,3
43,10,2023,2023-10-01,27,2,Rio de Janeiro,3304557,Capital,4,0,1,5,1,,6,5,,88,7,1,35,16,7,13,36,4,0,4,0,0,0.0,0,0,0.0,2,46,16,2,5,11,2.0,45,81,0,5,0,74,0,0.0,0.0,0.0,13,17.0,1.0,2.0,0.0,84,6,0,0,0,0,643,3
44,10,2023,2023-10-01,3,1,Rio de Janeiro,3304557,Capital,1,0,0,1,1,,2,0,,23,2,0,36,33,8,1,42,52,0,2,0,0,0.0,0,0,0.0,22,118,20,12,7,23,1.0,94,157,0,1,0,79,2,0.0,2.0,0.0,16,20.0,0.0,5.0,0.0,26,6,0,0,0,0,683,3
48,10,2023,2023-10-01,24,3,Seropédica,3305554,Baixada Fluminense,0,0,0,0,0,,0,2,,40,2,2,17,3,3,0,6,6,2,0,0,0,0.0,0,0,0.0,3,17,7,1,1,13,1.0,14,37,0,1,0,32,4,3.0,1.0,0.0,4,13.0,2.0,2.0,0.0,23,5,0,0,0,0,299,3
50,10,2023,2023-10-01,24,3,Itaguaí,3302007,Baixada Fluminense,2,0,0,2,0,,2,3,,30,7,0,6,11,10,3,24,7,0,0,0,0,1.0,0,0,0.0,6,38,8,2,0,3,1.0,37,51,0,3,0,55,4,4.0,0.0,0.0,11,31.0,1.0,9.0,0.0,36,3,0,0,0,0,420,3
51,10,2023,2023-10-01,24,3,Paracambi,3303609,Baixada Fluminense,0,0,0,0,0,,0,2,,23,0,0,5,2,0,0,2,1,0,0,0,0,0.0,0,0,0.0,1,4,0,0,1,2,1.0,9,13,0,0,0,24,6,3.0,3.0,0.0,0,6.0,1.0,4.0,0.0,18,2,0,0,0,0,125,3
52,10,2023,2023-10-01,20,3,Nova Iguaçu,3303500,Baixada Fluminense,1,0,0,1,0,,1,2,,66,5,3,37,39,36,5,80,49,3,1,3,0,1.0,0,0,0.0,5,142,25,12,1,12,2.0,65,117,0,6,0,55,5,4.0,1.0,0.0,28,32.0,3.0,17.0,0.0,55,7,1,0,0,0,742,3
53,10,2023,2023-10-01,20,3,Mesquita,3302858,Baixada Fluminense,3,0,0,3,0,,3,0,,53,2,1,25,41,19,31,91,28,1,2,1,0,0.0,0,1,0.0,7,131,18,7,1,7,4.0,28,65,0,1,0,68,15,3.0,12.0,0.0,15,30.0,3.0,9.0,0.0,61,5,0,0,0,0,613,3
54,10,2023,2023-10-01,39,3,Belford Roxo,3300456,Baixada Fluminense,6,0,0,6,2,,8,2,,121,9,0,55,104,32,12,148,133,19,1,3,0,0.0,0,2,0.0,15,321,33,10,9,4,3.0,65,124,0,3,0,202,11,1.0,9.0,1.0,52,42.0,2.0,17.0,0.0,154,12,0,0,0,0,1299,3
55,10,2023,2023-10-01,24,3,Queimados,3304144,Baixada Fluminense,4,1,0,5,2,,7,3,,63,5,3,13,17,6,2,25,4,2,2,0,0,0.0,1,0,0.0,2,36,17,2,1,9,1.0,104,134,0,4,0,70,4,1.0,3.0,0.0,4,35.0,1.0,7.0,0.0,60,14,0,0,0,0,568,3
56,10,2023,2023-10-01,20,3,Nova Iguaçu,3303500,Baixada Fluminense,5,0,0,5,0,,5,0,,102,11,1,24,66,33,9,108,37,4,3,2,0,0.0,0,0,1.0,12,167,26,1,2,6,7.0,49,91,0,1,0,59,5,0.0,4.0,1.0,9,26.0,4.0,5.0,0.0,86,13,0,0,0,0,719,3
57,10,2023,2023-10-01,20,3,Nilópolis,3303203,Baixada Fluminense,1,0,0,1,0,,1,0,,59,3,0,10,36,35,3,74,31,0,0,1,0,0.0,0,2,0.0,14,122,20,10,0,21,7.0,75,133,0,4,0,113,6,3.0,4.0,0.0,18,14.0,1.0,10.0,0.0,53,8,0,0,0,0,696,3
58,10,2023,2023-10-01,20,3,Nova Iguaçu,3303500,Baixada Fluminense,9,0,0,9,0,,9,7,,170,20,3,42,67,25,13,105,45,5,0,7,1,0.0,1,1,0.0,17,182,32,1,0,16,1.0,63,113,0,4,0,128,7,2.0,4.0,1.0,8,36.0,2.0,9.0,1.0,119,20,0,0,0,0,1152,3
59,10,2023,2023-10-01,15,3,Duque de Caxias,3301702,Baixada Fluminense,6,0,0,6,2,,8,4,,116,8,3,60,157,74,53,284,160,17,2,0,0,0.0,0,4,1.0,37,505,50,37,8,29,2.0,188,314,0,4,0,154,1,0.0,1.0,0.0,164,34.0,2.0,8.0,0.0,92,6,0,0,1,0,1713,3
60,10,2023,2023-10-01,15,3,Duque de Caxias,3301702,Baixada Fluminense,3,0,1,4,1,,5,9,,61,9,5,21,24,6,4,34,107,20,2,2,0,0.0,0,0,0.0,19,184,17,0,1,3,0.0,25,46,0,4,0,38,9,0.0,9.0,0.0,21,23.0,4.0,22.0,2.0,50,7,0,0,0,0,601,3
61,10,2023,2023-10-01,15,3,Duque de Caxias,3301702,Baixada Fluminense,5,0,0,5,0,,5,0,,25,3,3,3,2,1,0,3,5,1,0,0,0,0.0,0,0,0.0,0,9,6,1,0,4,2.0,12,25,0,0,0,17,1,0.0,1.0,0.0,3,9.0,2.0,2.0,0.0,20,1,0,0,0,0,157,3
62,10,2023,2023-10-01,15,3,Duque de Caxias,3301702,Baixada Fluminense,2,0,0,2,2,,4,2,,44,3,1,10,31,14,4,49,39,3,2,0,0,0.0,0,0,0.0,7,100,11,1,1,6,4.0,12,35,0,0,0,60,4,0.0,4.0,0.0,9,17.0,0.0,1.0,0.0,43,4,0,0,0,0,407,3
63,10,2023,2023-10-01,24,3,Japeri,3302270,Baixada Fluminense,3,0,0,3,0,,3,0,,19,8,2,7,4,3,0,7,1,0,0,1,0,0.0,0,0,0.0,0,9,2,0,0,1,0.0,5,8,0,1,0,5,5,4.0,1.0,0.0,5,18.0,1.0,12.0,0.0,23,1,0,0,0,0,189,3
64,10,2023,2023-10-01,21,3,São João de Meriti,3305109,Baixada Fluminense,6,0,1,7,1,,8,20,,122,5,1,58,82,32,40,154,113,20,4,0,0,1.0,0,2,0.0,62,356,51,7,4,11,0.0,113,186,0,5,0,206,23,0.0,23.0,0.0,65,68.0,9.0,9.0,0.0,117,17,2,0,0,0,1445,3
65,10,2023,2023-10-01,34,3,Magé,3302502,Baixada Fluminense,1,0,0,1,0,,1,3,,40,2,1,20,7,8,0,15,5,0,1,1,0,0.0,0,0,1.0,1,24,7,1,0,7,1.0,16,32,0,1,0,26,4,1.0,2.0,1.0,2,9.0,0.0,7.0,0.0,33,3,1,0,0,0,244,3
66,10,2023,2023-10-01,34,3,Magé,3302502,Baixada Fluminense,0,0,0,0,0,,0,4,,70,10,1,26,8,9,0,17,7,3,3,1,0,0.0,0,0,0.0,3,34,11,0,1,5,2.0,53,72,0,4,0,48,6,5.0,1.0,0.0,5,17.0,4.0,11.0,0.0,64,7,1,0,0,0,513,3
67,10,2023,2023-10-01,34,3,Guapimirim,3301850,Baixada Fluminense,1,0,0,1,0,,1,0,,21,4,0,11,5,1,0,6,1,0,1,1,0,0.0,0,0,0.0,0,9,0,0,0,6,2.0,18,26,0,3,0,30,2,1.0,1.0,0.0,4,7.0,0.0,5.0,0.0,30,2,0,0,0,0,204,3
1,11,2023,2023-11-01,5,1,Rio de Janeiro,3304557,Capital,0,0,0,0,0,,0,1,,18,0,0,6,32,13,0,45,2,0,1,0,0,0.0,0,1,1.0,4,54,9,169,15,111,2.0,42,348,0,0,0,101,1,1.0,0.0,0.0,1,13.0,2.0,10.0,1.0,17,1,0,0,0,0,637,3
4,11,2023,2023-11-01,5,1,Rio de Janeiro,3304557,Capital,0,0,0,0,0,,0,0,,32,0,6,14,48,26,8,82,4,0,0,0,0,0.0,0,0,0.0,22,108,4,57,25,94,2.0,104,286,0,1,0,33,8,3.0,5.0,0.0,2,36.0,3.0,12.0,1.0,14,2,0,0,0,0,659,3
5,11,2023,2023-11-01,5,1,Rio de Janeiro,3304557,Capital,1,0,0,1,0,,1,1,,47,4,1,6,66,109,4,179,4,0,2,2,0,0.0,0,0,0.0,13,200,8,136,12,320,6.0,131,613,0,5,0,141,9,6.0,1.0,2.0,6,29.0,3.0,18.0,3.0,30,5,1,0,0,0,1422,3
6,11,2023,2023-11-01,4,1,Rio de Janeiro,3304557,Capital,0,0,0,0,0,,0,1,,18,1,2,25,32,14,6,52,20,3,5,1,0,0.0,0,0,1.0,6,88,13,20,27,50,1.0,87,198,0,2,0,61,0,0.0,0.0,0.0,19,14.0,6.0,7.0,0.0,14,2,0,0,0,0,556,3
7,11,2023,2023-11-01,5,1,Rio de Janeiro,3304557,Capital,0,0,0,0,3,,3,2,,12,0,0,1,12,2,3,17,6,0,0,0,0,0.0,0,0,0.0,4,27,13,11,4,6,0.0,40,74,0,0,0,34,5,1.0,1.0,3.0,0,3.0,0.0,5.0,0.0,14,2,0,0,0,0,239,3
9,11,2023,2023-11-01,2,1,Rio de Janeiro,3304557,Capital,0,0,0,0,0,,0,0,,42,4,0,16,41,41,7,89,11,0,1,1,0,0.0,0,2,3.0,9,116,20,71,7,239,11.0,157,505,0,2,0,165,10,9.0,1.0,0.0,2,15.0,9.0,6.0,2.0,23,3,0,0,0,0,1149,3
10,11,2023,2023-11-01,2,1,Rio de Janeiro,3304557,Capital,0,0,0,0,0,,0,0,,23,2,1,24,38,34,3,75,6,0,11,0,0,0.0,0,0,2.0,10,104,23,38,28,153,11.0,223,476,0,4,0,172,5,4.0,1.0,0.0,1,30.0,9.0,3.0,2.0,14,4,0,0,0,0,1076,3
11,11,2023,2023-11-01,23,1,Rio de Janeiro,3304557,Capital,0,0,0,0,0,,0,0,,16,3,0,1,0,0,1,1,0,0,0,0,0,0.0,0,0,0.0,0,1,0,1,0,4,0.0,3,8,0,0,0,12,2,1.0,1.0,0.0,0,4.0,0.0,1.0,0.0,11,2,0,0,0,0,91,3
12,11,2023,2023-11-01,19,1,Rio de Janeiro,3304557,Capital,0,0,1,1,0,,1,1,,46,0,1,15,52,38,0,90,0,0,5,0,0,0.0,0,0,2.0,6,103,11,108,8,199,11.0,191,528,0,2,0,218,10,10.0,0.0,0.0,2,58.0,29.0,26.0,10.0,34,5,0,0,0,0,1268,3
13,11,2023,2023-11-01,19,1,Rio de Janeiro,3304557,Capital,0,0,0,0,0,,0,4,,13,4,0,15,15,8,0,23,2,0,2,3,0,0.0,0,0,0.0,8,38,1,33,4,77,11.0,119,245,0,0,0,122,5,4.0,2.0,0.0,0,16.0,3.0,4.0,1.0,17,4,1,0,0,0,627,3
14,11,2023,2023-11-01,23,1,Rio de Janeiro,3304557,Capital,1,0,0,1,0,,1,0,,32,0,1,11,29,15,1,45,4,0,3,1,0,0.0,0,2,2.0,11,68,21,53,9,121,28.0,178,410,0,6,0,208,5,4.0,1.0,0.0,2,34.0,9.0,4.0,6.0,34,6,0,0,0,0,974,3
15,11,2023,2023-11-01,23,1,Rio de Janeiro,3304557,Capital,0,0,0,0,0,,0,0,,31,2,1,29,12,11,2,25,0,0,1,1,0,0.0,0,0,1.0,4,32,4,13,10,62,2.0,67,158,0,4,0,119,1,1.0,0.0,0.0,8,11.0,3.0,4.0,2.0,27,1,0,0,0,0,590,3
16,11,2023,2023-11-01,31,2,Rio de Janeiro,3304557,Capital,2,0,1,3,1,,4,2,,56,5,5,67,67,51,8,126,5,0,5,2,0,0.0,0,1,0.0,43,182,45,41,61,150,9.0,326,632,0,18,0,401,21,19.0,2.0,0.0,5,51.0,16.0,10.0,4.0,94,16,2,0,0,0,2090,3
17,11,2023,2023-11-01,4,1,Rio de Janeiro,3304557,Capital,1,0,0,1,0,,1,1,,32,4,1,50,33,24,13,70,48,1,0,0,0,0.0,0,0,0.0,17,136,16,14,32,97,1.0,135,295,0,0,0,39,9,1.0,6.0,2.0,12,22.0,2.0,13.0,1.0,22,2,0,0,0,0,801,3
18,11,2023,2023-11-01,6,1,Rio de Janeiro,3304557,Capital,0,0,0,0,0,,0,1,,41,2,0,24,45,42,4,91,28,0,4,0,0,0.0,0,0,0.0,27,150,9,62,19,217,4.0,189,500,0,2,1,102,7,5.0,2.0,0.0,3,33.0,2.0,5.0,3.0,25,3,0,0,0,0,1120,3
19,11,2023,2023-11-01,6,1,Rio de Janeiro,3304557,Capital,0,0,0,0,0,,0,1,,21,2,0,11,53,34,2,89,36,1,3,1,0,0.0,0,1,2.0,17,150,6,31,18,109,1.0,124,289,0,7,0,215,0,0.0,0.0,0.0,3,29.0,3.0,7.0,3.0,41,7,0,0,0,0,1057,3
20,11,2023,2023-11-01,6,1,Rio de Janeiro,3304557,Capital,1,0,0,1,0,,1,0,,40,1,2,9,54,31,2,87,37,0,3,2,0,0.0,0,0,0.0,29,158,4,14,19,57,3.0,113,210,0,6,0,125,2,1.0,0.0,1.0,0,16.0,6.0,1.0,0.0,37,1,0,0,0,0,823,3
21,11,2023,2023-11-01,22,1,Rio de Janeiro,3304557,Capital,7,0,0,7,0,,7,0,,64,6,4,63,50,38,17,105,77,12,1,1,0,1.0,0,1,0.0,25,223,22,19,38,64,4.0,183,330,0,6,0,204,16,2.0,4.0,10.0,116,37.0,2.0,29.0,4.0,51,11,0,0,0,0,1475,3
22,11,2023,2023-11-01,16,1,Rio de Janeiro,3304557,Capital,4,0,0,4,1,,5,0,,51,4,4,36,38,32,8,78,51,11,2,1,0,0.0,0,1,0.0,10,154,22,10,22,19,0.0,98,171,0,7,1,143,5,0.0,3.0,2.0,25,22.0,0.0,5.0,0.0,50,4,0,0,0,0,891,3
23,11,2023,2023-11-01,3,1,Rio de Janeiro,3304557,Capital,0,0,0,0,0,,0,0,,27,4,0,21,35,13,3,51,33,0,1,1,0,0.0,0,0,0.0,16,102,12,7,5,22,1.0,116,163,0,1,0,101,1,1.0,0.0,0.0,9,11.0,0.0,5.0,0.0,27,1,0,0,0,0,601,3
24,11,2023,2023-11-01,3,1,Rio de Janeiro,3304557,Capital,1,0,0,1,0,,1,0,,46,3,0,21,44,42,2,88,78,0,0,1,0,0.0,0,0,0.0,20,187,24,48,11,150,1.0,98,332,0,0,0,143,0,0.0,0.0,0.0,20,11.0,1.0,4.0,0.0,39,5,0,0,0,0,983,3
25,11,2023,2023-11-01,3,1,Rio de Janeiro,3304557,Capital,1,0,0,1,0,,1,4,,36,3,1,23,11,31,10,52,26,0,3,1,0,0.0,0,0,0.0,25,107,7,9,11,57,0.0,97,181,0,6,1,85,12,2.0,6.0,4.0,6,22.0,3.0,2.0,2.0,20,3,2,0,0,0,659,3
26,11,2023,2023-11-01,3,1,Rio de Janeiro,3304557,Capital,0,0,0,0,1,,1,1,,33,0,0,13,27,18,7,52,28,1,0,0,0,0.0,0,0,0.0,25,106,4,16,17,40,0.0,114,191,0,2,0,91,2,1.0,1.0,0.0,8,8.0,2.0,5.0,1.0,37,5,1,0,0,0,613,3
27,11,2023,2023-11-01,41,2,Rio de Janeiro,3304557,Capital,2,0,1,3,5,,8,6,,46,3,0,25,63,40,5,108,87,3,1,0,0,1.0,0,0,1.0,30,231,37,7,4,23,0.0,106,177,0,0,0,111,4,1.0,3.0,0.0,28,26.0,0.0,2.0,1.0,48,2,0,0,0,0,880,3
28,11,2023,2023-11-01,18,2,Rio de Janeiro,3304557,Capital,1,0,0,1,2,,3,3,,36,3,0,10,23,17,2,42,25,0,2,1,0,0.0,0,0,0.0,16,86,7,7,19,18,1.0,55,107,0,8,0,115,7,2.0,5.0,0.0,1,21.0,3.0,3.0,0.0,49,6,0,0,0,0,616,3
29,11,2023,2023-11-01,9,2,Rio de Janeiro,3304557,Capital,1,0,0,1,0,,1,0,,82,4,1,37,78,41,10,129,43,2,1,0,0,0.0,0,1,0.0,26,202,39,29,17,44,0.0,176,305,0,1,0,166,0,0.0,0.0,0.0,21,10.0,0.0,4.0,0.0,37,12,0,0,0,0,1116,3
30,11,2023,2023-11-01,9,2,Rio de Janeiro,3304557,Capital,3,0,0,3,0,,3,0,,41,3,2,23,30,32,4,66,52,1,2,0,0,0.0,0,1,0.0,8,130,32,8,7,21,0.0,62,130,0,1,0,90,6,0.0,6.0,0.0,8,37.0,0.0,4.0,0.0,42,3,0,0,0,0,622,3
31,11,2023,2023-11-01,41,2,Rio de Janeiro,3304557,Capital,4,0,0,4,0,,4,1,,34,2,2,15,33,13,19,65,55,1,0,0,0,0.0,0,0,0.0,12,133,26,3,6,11,3.0,40,89,0,0,0,54,4,0.0,4.0,0.0,34,20.0,1.0,1.0,0.0,41,1,0,0,0,0,545,3
32,11,2023,2023-11-01,18,2,Rio de Janeiro,3304557,Capital,7,0,0,7,2,,9,7,,148,11,3,58,37,27,5,69,31,2,3,0,0,0.0,0,1,0.0,23,129,24,16,45,73,1.0,282,441,0,10,0,407,13,5.0,6.0,2.0,8,39.0,2.0,24.0,3.0,155,20,1,0,0,0,1958,3
33,11,2023,2023-11-01,14,2,Rio de Janeiro,3304557,Capital,8,0,0,8,0,,8,4,,90,7,1,80,38,32,4,74,57,8,0,1,0,0.0,0,1,0.0,10,151,9,6,9,39,0.0,75,138,0,3,0,79,5,1.0,4.0,0.0,28,41.0,2.0,6.0,1.0,77,8,0,0,1,0,971,3
34,11,2023,2023-11-01,14,2,Rio de Janeiro,3304557,Capital,2,0,0,2,2,,4,7,,121,7,1,61,37,33,18,88,51,11,2,5,0,0.0,0,1,0.0,11,169,25,21,6,34,1.0,102,189,0,1,0,268,12,3.0,9.0,0.0,24,44.0,5.0,31.0,1.0,114,9,0,0,0,0,1293,3
35,11,2023,2023-11-01,40,2,Rio de Janeiro,3304557,Capital,2,0,0,2,1,,3,5,,277,30,3,91,42,38,6,86,52,5,0,7,0,0.0,1,1,0.0,18,170,44,30,15,52,0.0,200,341,0,6,0,537,3,3.0,0.0,0.0,36,67.0,8.0,19.0,2.0,230,23,0,0,0,0,2531,3
36,11,2023,2023-11-01,27,2,Rio de Janeiro,3304557,Capital,7,0,0,7,0,,7,3,,115,12,3,42,21,19,1,41,17,1,4,2,0,0.0,0,0,0.0,3,68,26,3,6,18,1.0,72,126,0,1,0,131,1,1.0,0.0,0.0,22,33.0,1.0,5.0,1.0,95,15,0,0,0,0,967,3
37,11,2023,2023-11-01,17,1,Rio de Janeiro,3304557,Capital,2,0,0,2,0,,2,1,,68,5,3,26,18,7,0,25,4,0,0,2,0,0.0,0,0,0.0,1,32,9,13,11,27,1.0,97,158,0,8,2,142,6,2.0,4.0,0.0,11,18.0,0.0,5.0,0.0,67,6,0,0,0,0,842,3
38,11,2023,2023-11-01,16,1,Rio de Janeiro,3304557,Capital,1,0,0,1,0,,1,0,,51,8,0,40,33,12,2,47,61,11,1,2,0,0.0,1,0,0.0,37,160,23,1,1,7,0.0,52,84,0,0,0,68,11,0.0,10.0,1.0,29,30.0,4.0,8.0,1.0,27,5,0,0,0,0,608,3
39,11,2023,2023-11-01,41,2,Rio de Janeiro,3304557,Capital,1,0,0,1,1,,2,3,,52,11,0,11,66,33,11,110,68,6,0,0,0,0.0,0,2,0.0,35,221,21,17,9,25,0.0,68,140,0,2,0,93,8,2.0,6.0,0.0,95,66.0,1.0,7.0,2.0,34,8,0,0,0,0,839,3
40,11,2023,2023-11-01,9,2,Rio de Janeiro,3304557,Capital,3,0,0,3,1,,4,0,,30,1,2,9,45,26,8,79,53,5,0,1,0,0.0,0,0,0.0,18,156,17,10,3,5,0.0,55,90,0,2,0,44,1,0.0,1.0,0.0,9,9.0,0.0,3.0,1.0,28,4,0,0,0,0,452,3
41,11,2023,2023-11-01,18,2,Rio de Janeiro,3304557,Capital,1,0,0,1,0,,1,0,,49,0,1,34,22,16,2,40,15,1,0,0,0,0.0,0,0,0.0,6,62,8,4,19,15,0.0,70,116,0,4,0,190,4,2.0,2.0,0.0,8,12.0,0.0,1.0,0.0,48,4,0,0,0,0,691,3
42,11,2023,2023-11-01,31,2,Rio de Janeiro,3304557,Capital,3,0,0,3,0,,3,4,,92,4,7,34,40,19,6,65,6,2,4,0,0,0.0,1,1,0.0,11,90,62,11,7,43,7.0,112,242,0,7,0,193,29,19.0,9.0,1.0,9,40.0,2.0,9.0,0.0,77,8,0,0,0,0,1068,3
43,11,2023,2023-11-01,27,2,Rio de Janeiro,3304557,Capital,7,0,0,7,1,,8,4,,80,14,2,37,12,3,0,15,8,1,3,1,0,0.0,0,0,0.0,2,30,18,1,6,10,0.0,35,70,0,6,0,67,2,1.0,1.0,0.0,17,15.0,0.0,2.0,0.0,65,8,1,0,0,0,517,3
44,11,2023,2023-11-01,3,1,Rio de Janeiro,3304557,Capital,3,1,0,4,0,,4,7,,41,2,1,32,31,16,5,52,60,1,1,0,0,0.0,0,0,0.0,23,137,15,16,12,31,1.0,97,172,0,4,0,50,4,0.0,4.0,0.0,23,23.0,2.0,1.0,1.0,19,1,1,0,0,0,699,3
48,11,2023,2023-11-01,24,3,Seropédica,3305554,Baixada Fluminense,1,0,0,1,0,,1,1,,32,3,0,15,2,5,1,8,8,0,0,1,0,0.0,0,0,0.0,4,21,5,0,0,5,1.0,17,28,0,4,0,52,1,1.0,0.0,0.0,5,6.0,0.0,5.0,0.0,24,5,0,0,0,0,267,3
50,11,2023,2023-11-01,24,3,Itaguaí,3302007,Baixada Fluminense,4,0,0,4,0,,4,2,,36,1,1,7,13,5,1,19,18,1,2,1,0,0.0,0,0,0.0,1,42,13,3,1,6,0.0,27,50,0,3,0,60,7,1.0,6.0,0.0,12,16.0,1.0,10.0,0.0,35,5,0,0,0,0,383,3
51,11,2023,2023-11-01,24,3,Paracambi,3303609,Baixada Fluminense,1,0,0,1,0,,1,0,,18,4,1,3,0,0,0,0,2,1,0,0,0,0.0,0,0,0.0,0,3,0,0,0,2,1.0,14,17,0,0,0,12,10,5.0,5.0,0.0,0,10.0,0.0,5.0,0.0,17,1,0,0,0,0,131,3
52,11,2023,2023-11-01,20,3,Nova Iguaçu,3303500,Baixada Fluminense,0,0,0,0,0,,0,2,,72,7,2,26,46,21,3,70,53,3,2,1,0,0.0,0,0,0.0,10,139,29,14,3,15,1.0,55,117,0,1,0,54,6,5.0,1.0,0.0,21,51.0,9.0,16.0,0.0,70,7,0,0,0,0,735,3
53,11,2023,2023-11-01,20,3,Mesquita,3302858,Baixada Fluminense,2,0,0,2,0,,2,1,,56,4,0,12,45,13,14,72,20,2,4,1,0,0.0,0,2,1.0,14,116,10,2,2,10,5.0,50,79,0,3,0,52,12,2.0,10.0,0.0,16,27.0,0.0,8.0,1.0,50,4,0,0,0,0,599,3
54,11,2023,2023-11-01,39,3,Belford Roxo,3300456,Baixada Fluminense,7,0,0,7,5,,12,15,,167,14,1,64,93,17,19,129,137,20,1,1,0,0.0,0,6,0.0,13,307,32,9,4,7,2.0,78,132,0,10,0,211,14,1.0,13.0,0.0,54,59.0,4.0,19.0,0.0,137,23,0,0,0,0,1348,3
55,11,2023,2023-11-01,24,3,Queimados,3304144,Baixada Fluminense,8,0,0,8,1,,9,4,,61,5,0,15,24,10,1,35,4,6,0,1,0,0.0,0,0,0.0,1,47,9,6,3,12,3.0,173,206,0,2,0,90,4,1.0,3.0,0.0,5,31.0,1.0,4.0,0.0,66,7,0,0,0,0,685,3
56,11,2023,2023-11-01,20,3,Nova Iguaçu,3303500,Baixada Fluminense,11,1,0,12,0,,12,4,,90,7,1,41,50,17,10,77,22,5,1,0,0,0.0,0,0,0.0,18,123,25,3,0,7,2.0,47,84,0,1,0,81,14,0.0,14.0,0.0,18,58.0,5.0,7.0,1.0,88,9,0,0,0,0,732,3
57,11,2023,2023-11-01,20,3,Nilópolis,3303203,Baixada Fluminense,1,0,0,1,0,,1,2,,52,5,3,8,30,16,0,46,14,1,1,1,0,0.0,0,0,0.0,12,75,26,9,1,10,2.0,70,118,0,2,0,64,2,0.0,2.0,0.0,9,10.0,1.0,7.0,0.0,48,7,0,0,0,0,533,3
58,11,2023,2023-11-01,20,3,Nova Iguaçu,3303500,Baixada Fluminense,15,0,0,15,1,,16,8,,172,12,2,38,63,27,2,92,46,3,3,0,0,0.0,0,1,0.0,13,158,37,3,1,16,0.0,56,113,0,7,0,132,13,4.0,8.0,1.0,17,41.0,3.0,12.0,0.0,136,11,1,0,0,0,1096,3
59,11,2023,2023-11-01,15,3,Duque de Caxias,3301702,Baixada Fluminense,0,0,1,1,0,,1,5,,108,5,4,57,163,55,22,240,154,22,1,1,0,0.0,0,5,0.0,36,459,29,39,6,33,1.0,172,280,0,3,0,143,4,1.0,3.0,0.0,170,29.0,0.0,5.0,0.0,81,17,1,0,0,0,1657,3
60,11,2023,2023-11-01,15,3,Duque de Caxias,3301702,Baixada Fluminense,5,1,0,6,1,,7,1,,77,9,13,16,20,35,5,60,151,20,0,1,0,0.0,0,0,0.0,31,263,16,3,0,8,1.0,38,66,0,0,0,123,24,2.0,23.0,1.0,20,73.0,9.0,20.0,2.0,44,6,0,0,0,0,888,3
61,11,2023,2023-11-01,15,3,Duque de Caxias,3301702,Baixada Fluminense,1,0,0,1,0,,1,1,,28,2,0,13,0,1,0,1,4,2,1,0,0,0.0,0,2,0.0,2,12,7,2,0,2,1.0,5,17,0,0,0,32,0,0.0,0.0,0.0,6,7.0,0.0,1.0,0.0,32,4,1,0,0,0,173,3
62,11,2023,2023-11-01,15,3,Duque de Caxias,3301702,Baixada Fluminense,1,0,0,1,0,,1,3,,50,3,3,17,17,8,5,30,45,4,0,0,0,0.0,0,0,0.0,9,88,16,0,0,5,1.0,14,36,0,2,1,46,2,0.0,2.0,0.0,9,17.0,0.0,3.0,0.0,43,5,0,0,0,0,362,3
63,11,2023,2023-11-01,24,3,Japeri,3302270,Baixada Fluminense,2,0,0,2,1,,3,2,,21,1,1,17,6,2,1,9,1,0,0,1,0,0.0,0,0,0.0,4,15,1,0,2,1,1.0,10,15,0,1,0,12,5,3.0,2.0,0.0,1,17.0,2.0,7.0,0.0,30,6,0,0,0,0,208,3
64,11,2023,2023-11-01,21,3,São João de Meriti,3305109,Baixada Fluminense,15,0,0,15,7,,22,26,,131,12,0,54,87,27,35,149,117,18,4,1,0,0.0,0,2,0.0,38,329,46,4,4,11,2.0,79,146,0,3,0,213,31,0.0,27.0,4.0,57,73.0,8.0,15.0,0.0,112,16,0,0,0,0,1390,3
65,11,2023,2023-11-01,34,3,Magé,3302502,Baixada Fluminense,1,0,1,2,0,,2,2,,32,6,3,16,3,2,1,6,1,0,0,1,0,0.0,0,0,0.0,3,11,8,0,0,7,0.0,26,41,0,0,0,38,8,0.0,5.0,3.0,1,9.0,3.0,7.0,0.0,30,1,0,0,0,0,280,3
66,11,2023,2023-11-01,34,3,Magé,3302502,Baixada Fluminense,3,0,0,3,0,,3,3,,90,8,0,21,7,2,0,9,8,1,0,3,0,0.0,0,0,0.0,1,22,15,4,0,10,4.0,50,83,0,3,0,65,4,2.0,2.0,0.0,3,27.0,3.0,3.0,2.0,74,6,0,0,0,0,500,3
67,11,2023,2023-11-01,34,3,Guapimirim,3301850,Baixada Fluminense,0,0,0,0,0,,0,0,,14,3,0,14,2,0,0,2,0,1,1,2,0,0.0,0,0,0.0,2,8,4,3,1,1,1.0,17,27,0,0,0,29,3,0.0,2.0,1.0,1,4.0,0.0,4.0,0.0,27,4,0,0,0,0,196,3
1,12,2023,2023-12-01,5,1,Rio de Janeiro,3304557,Capital,0,0,0,0,0,,0,0,,19,1,1,6,42,13,3,58,0,0,1,0,0,0.0,2,0,0.0,4,65,5,97,16,56,1.0,79,254,0,3,0,99,7,6.0,1.0,0.0,0,21.0,2.0,7.0,1.0,9,1,0,0,0,0,569,3
4,12,2023,2023-12-01,5,1,Rio de Janeiro,3304557,Capital,1,0,0,1,0,,1,0,,25,2,3,11,38,17,14,69,5,0,0,1,0,0.0,0,0,0.0,10,85,7,39,13,83,1.0,105,248,0,2,0,46,10,4.0,6.0,0.0,8,17.0,6.0,7.0,6.0,17,7,0,0,0,0,589,3
5,12,2023,2023-12-01,5,1,Rio de Janeiro,3304557,Capital,0,0,0,0,0,,0,2,,54,2,0,9,95,97,1,193,5,0,6,2,0,0.0,0,2,1.0,8,217,12,101,9,191,4.0,95,412,0,1,0,152,9,7.0,1.0,1.0,1,27.0,2.0,17.0,2.0,42,10,1,0,0,0,1217,3
6,12,2023,2023-12-01,4,1,Rio de Janeiro,3304557,Capital,1,0,0,1,0,,1,0,,33,3,0,28,27,15,21,63,17,7,4,0,0,0.0,0,0,0.0,10,101,8,18,27,45,1.0,115,214,0,0,0,59,1,1.0,0.0,0.0,11,12.0,0.0,3.0,1.0,29,4,1,0,0,0,588,3
7,12,2023,2023-12-01,5,1,Rio de Janeiro,3304557,Capital,1,0,0,1,0,,1,0,,7,1,0,2,9,4,4,17,0,0,0,0,0,0.0,0,0,0.0,4,21,7,4,0,5,1.0,24,41,0,0,1,33,2,1.0,1.0,0.0,1,2.0,0.0,5.0,0.0,10,4,0,0,0,0,201,3
9,12,2023,2023-12-01,2,1,Rio de Janeiro,3304557,Capital,0,0,0,0,0,,0,1,,33,3,0,14,38,29,8,75,10,0,1,1,0,0.0,0,1,6.0,13,107,18,41,8,131,4.0,166,368,0,0,0,150,9,7.0,1.0,1.0,4,23.0,4.0,3.0,2.0,28,5,0,0,0,0,957,3
10,12,2023,2023-12-01,2,1,Rio de Janeiro,3304557,Capital,0,0,0,0,0,,0,0,,31,0,2,30,37,20,4,61,9,0,5,0,0,0.0,0,0,0.0,5,80,13,26,35,90,10.0,197,371,0,5,0,141,5,3.0,2.0,0.0,0,20.0,8.0,4.0,1.0,30,8,0,0,0,0,937,3
11,12,2023,2023-12-01,23,1,Rio de Janeiro,3304557,Capital,0,0,0,0,0,,0,0,,10,1,0,0,1,0,0,1,0,0,0,0,0,0.0,0,0,0.0,0,1,0,1,0,4,0.0,8,13,0,0,0,15,1,1.0,0.0,0.0,0,1.0,0.0,2.0,0.0,8,3,0,0,0,0,85,3
12,12,2023,2023-12-01,19,1,Rio de Janeiro,3304557,Capital,0,0,0,0,0,,0,0,,36,2,1,17,32,24,4,60,1,0,0,2,0,0.0,0,0,2.0,10,75,7,79,9,123,8.0,231,457,0,5,0,223,14,11.0,3.0,0.0,2,34.0,11.0,11.0,5.0,33,2,0,0,0,0,1165,3
13,12,2023,2023-12-01,19,1,Rio de Janeiro,3304557,Capital,0,0,0,0,0,,0,0,,25,2,0,10,12,7,1,20,1,0,3,1,0,0.0,0,0,0.0,5,30,2,20,3,38,5.0,81,149,0,1,0,126,5,3.0,2.0,0.0,0,24.0,4.0,9.0,3.0,12,4,0,0,0,0,501,3
14,12,2023,2023-12-01,23,1,Rio de Janeiro,3304557,Capital,0,0,0,0,0,,0,0,,17,1,1,10,9,11,0,20,1,0,0,2,0,0.0,0,0,1.0,7,31,19,36,6,93,21.0,164,339,0,5,0,204,7,4.0,2.0,1.0,4,25.0,4.0,9.0,4.0,25,10,0,0,0,0,851,3
15,12,2023,2023-12-01,23,1,Rio de Janeiro,3304557,Capital,0,0,0,0,0,,0,0,,20,0,0,14,13,11,2,26,1,0,0,1,0,0.0,0,0,0.0,4,32,10,13,13,60,4.0,74,174,0,1,1,137,3,2.0,1.0,0.0,4,13.0,5.0,3.0,1.0,31,0,1,0,0,0,566,3
16,12,2023,2023-12-01,31,2,Rio de Janeiro,3304557,Capital,3,0,0,3,2,,5,6,,99,7,5,46,72,48,14,134,7,0,4,0,0,0.0,0,1,0.0,40,186,38,34,57,168,13.0,330,640,0,11,0,434,17,15.0,1.0,1.0,8,56.0,13.0,14.0,8.0,76,7,0,0,0,0,2027,3
17,12,2023,2023-12-01,4,1,Rio de Janeiro,3304557,Capital,0,0,0,0,0,,0,0,,20,2,1,28,28,28,16,72,30,1,2,0,0,0.0,0,1,1.0,12,119,11,10,27,81,0.0,123,252,0,2,0,44,8,2.0,6.0,0.0,13,5.0,2.0,7.0,1.0,15,5,1,0,0,0,714,3
18,12,2023,2023-12-01,6,1,Rio de Janeiro,3304557,Capital,0,0,0,0,0,,0,1,,19,2,1,16,45,51,9,105,9,0,1,1,0,0.0,0,0,0.0,11,127,5,39,12,127,1.0,143,327,0,0,0,98,1,1.0,0.0,0.0,1,23.0,4.0,3.0,1.0,38,1,0,0,0,0,818,3
19,12,2023,2023-12-01,6,1,Rio de Janeiro,3304557,Capital,1,0,0,1,0,,1,2,,27,2,0,15,30,40,4,74,23,0,1,1,0,0.0,0,0,0.0,13,112,7,17,18,71,2.0,93,208,0,8,0,217,2,1.0,1.0,0.0,4,34.0,8.0,12.0,4.0,35,3,0,0,0,0,881,3
20,12,2023,2023-12-01,6,1,Rio de Janeiro,3304557,Capital,0,0,1,1,1,,2,0,,32,2,2,4,32,18,6,56,14,0,10,5,0,0.0,0,0,0.0,10,95,6,15,15,18,3.0,78,135,0,7,0,99,3,2.0,1.0,0.0,6,16.0,3.0,1.0,0.0,46,3,0,0,0,0,565,3
21,12,2023,2023-12-01,22,1,Rio de Janeiro,3304557,Capital,5,0,0,5,1,,6,11,,67,6,3,68,56,38,17,111,50,18,5,1,0,0.0,0,1,0.0,22,208,17,28,28,39,2.0,206,320,0,4,0,206,9,4.0,2.0,3.0,76,32.0,0.0,28.0,2.0,59,8,0,0,0,0,1389,3
22,12,2023,2023-12-01,16,1,Rio de Janeiro,3304557,Capital,2,0,0,2,6,,8,3,,37,1,4,25,17,15,3,35,25,8,0,0,0,0.0,0,1,0.0,6,75,19,15,17,23,1.0,89,164,0,4,0,130,4,0.0,1.0,3.0,14,7.0,1.0,5.0,0.0,36,4,0,0,0,0,720,3
23,12,2023,2023-12-01,3,1,Rio de Janeiro,3304557,Capital,1,0,0,1,0,,1,0,,27,2,0,10,33,14,2,49,16,0,0,0,0,0.0,0,0,0.0,16,81,16,3,11,12,0.0,109,151,0,2,0,101,1,1.0,0.0,0.0,6,20.0,5.0,2.0,0.0,30,3,1,0,0,0,518,3
24,12,2023,2023-12-01,3,1,Rio de Janeiro,3304557,Capital,2,0,0,2,1,,3,0,,32,2,2,29,49,20,2,71,56,0,1,0,0,0.0,0,1,1.0,22,152,14,17,13,12,0.0,75,131,0,3,0,96,2,0.0,2.0,0.0,6,13.0,3.0,4.0,1.0,43,7,3,0,0,0,632,3
25,12,2023,2023-12-01,3,1,Rio de Janeiro,3304557,Capital,1,0,0,1,1,,2,0,,34,0,1,22,18,13,20,51,15,1,1,1,0,0.0,0,0,0.0,19,88,0,8,25,44,0.0,80,157,0,3,0,99,15,5.0,6.0,4.0,8,19.0,4.0,3.0,2.0,46,5,0,0,0,0,648,3
26,12,2023,2023-12-01,3,1,Rio de Janeiro,3304557,Capital,0,0,0,0,0,,0,0,,34,2,1,24,31,25,2,58,21,2,0,0,0,0.0,0,0,1.0,26,108,6,17,10,30,0.0,97,160,0,2,0,110,2,2.0,0.0,0.0,11,7.0,0.0,6.0,0.0,25,5,0,0,0,0,607,3
27,12,2023,2023-12-01,41,2,Rio de Janeiro,3304557,Capital,3,0,0,3,0,,3,1,,61,3,3,21,50,37,2,89,70,7,2,0,0,0.0,0,2,0.0,25,195,27,10,10,20,0.0,81,148,0,2,0,107,3,0.0,2.0,1.0,18,25.0,1.0,7.0,2.0,46,4,0,0,0,0,792,3
28,12,2023,2023-12-01,18,2,Rio de Janeiro,3304557,Capital,0,0,0,0,1,,1,1,,33,5,1,19,6,18,3,27,23,1,5,0,0,0.0,0,0,0.0,4,60,8,2,11,20,3.0,54,98,0,4,0,129,2,0.0,2.0,0.0,3,14.0,2.0,2.0,1.0,45,6,0,0,0,0,548,3
29,12,2023,2023-12-01,9,2,Rio de Janeiro,3304557,Capital,7,0,0,7,3,,10,0,,66,3,1,35,79,49,15,143,57,9,6,1,0,1.0,0,0,0.0,27,244,30,41,18,53,1.0,182,325,0,3,0,194,1,0.0,1.0,0.0,32,19.0,0.0,7.0,1.0,48,8,2,0,0,0,1157,3
30,12,2023,2023-12-01,9,2,Rio de Janeiro,3304557,Capital,0,1,0,1,1,,2,2,,60,3,1,16,27,21,5,53,29,1,0,1,0,0.0,0,0,0.0,5,89,39,14,7,18,0.0,42,120,0,5,0,120,2,0.0,2.0,0.0,7,21.0,2.0,0.0,0.0,70,2,0,0,0,0,618,3
31,12,2023,2023-12-01,41,2,Rio de Janeiro,3304557,Capital,1,0,0,1,0,,1,0,,42,4,2,12,24,10,12,46,33,3,2,2,0,0.0,0,0,0.0,9,95,17,2,2,9,0.0,32,62,0,1,0,63,0,0.0,0.0,0.0,20,23.0,0.0,2.0,0.0,39,4,0,0,0,0,452,3
32,12,2023,2023-12-01,18,2,Rio de Janeiro,3304557,Capital,8,0,0,8,1,,9,4,,189,17,3,57,38,24,4,66,32,6,2,0,0,0.0,0,1,0.0,25,132,29,33,44,85,1.0,269,461,0,12,1,356,10,4.0,6.0,0.0,16,45.0,2.0,29.0,0.0,161,12,0,0,0,0,1880,3
33,12,2023,2023-12-01,14,2,Rio de Janeiro,3304557,Capital,2,0,0,2,1,,3,2,,103,4,5,36,29,36,3,68,53,9,0,0,0,0.0,0,0,0.0,7,137,16,8,3,51,4.0,76,158,0,2,0,118,5,1.0,4.0,0.0,14,26.0,1.0,2.0,0.0,77,2,2,0,0,0,858,3
34,12,2023,2023-12-01,14,2,Rio de Janeiro,3304557,Capital,2,0,0,2,1,,3,3,,143,11,0,59,42,22,9,73,70,7,4,1,0,0.0,0,2,0.0,8,165,29,23,7,29,6.0,95,189,0,6,0,245,15,4.0,10.0,1.0,33,39.0,2.0,34.0,0.0,105,13,0,0,0,0,1329,3
35,12,2023,2023-12-01,40,2,Rio de Janeiro,3304557,Capital,4,0,0,4,0,,4,1,,256,28,3,65,44,33,14,91,66,6,0,2,0,0.0,0,0,0.0,19,184,53,29,17,36,1.0,229,365,0,8,0,628,3,1.0,2.0,0.0,19,65.0,3.0,16.0,0.0,270,18,1,0,0,0,2499,3
36,12,2023,2023-12-01,27,2,Rio de Janeiro,3304557,Capital,3,0,0,3,0,,3,2,,164,11,4,28,25,11,13,49,5,0,1,3,0,0.0,0,0,0.0,1,59,23,5,4,17,1.0,67,117,0,5,0,191,1,1.0,0.0,0.0,27,13.0,1.0,5.0,0.0,101,11,0,0,0,0,1030,3
37,12,2023,2023-12-01,17,1,Rio de Janeiro,3304557,Capital,0,0,0,0,0,,0,1,,56,6,1,32,13,4,1,18,12,0,1,1,0,0.0,0,0,0.0,4,36,11,14,18,26,0.0,96,165,0,1,0,114,6,5.0,1.0,0.0,17,17.0,0.0,9.0,0.0,64,2,0,0,0,0,857,3
38,12,2023,2023-12-01,16,1,Rio de Janeiro,3304557,Capital,3,0,0,3,4,,7,4,,49,0,0,59,25,13,2,40,38,14,0,1,0,0.0,0,0,0.0,9,102,18,5,4,11,0.0,86,124,0,6,0,153,7,0.0,7.0,0.0,25,24.0,2.0,5.0,2.0,43,8,0,0,0,0,749,3
39,12,2023,2023-12-01,41,2,Rio de Janeiro,3304557,Capital,4,0,0,4,1,,5,5,,45,6,2,39,81,36,21,138,64,14,2,0,0,0.0,0,0,0.0,42,260,19,17,1,22,1.0,81,141,0,4,1,125,7,2.0,5.0,0.0,67,33.0,0.0,4.0,1.0,42,5,0,0,0,0,893,3
40,12,2023,2023-12-01,9,2,Rio de Janeiro,3304557,Capital,3,0,0,3,0,,3,0,,34,2,2,13,40,25,7,72,42,3,1,0,0,0.0,0,0,0.0,21,139,21,6,5,2,1.0,62,97,0,3,0,61,3,1.0,2.0,0.0,13,18.0,2.0,2.0,1.0,37,5,0,0,0,0,503,3
41,12,2023,2023-12-01,18,2,Rio de Janeiro,3304557,Capital,3,0,0,3,4,,7,2,,27,5,0,38,18,13,0,31,18,0,1,0,0,0.0,0,1,0.0,4,55,6,16,17,29,0.0,67,135,0,1,1,180,2,0.0,2.0,0.0,8,9.0,3.0,2.0,0.0,54,2,0,0,0,0,738,3
42,12,2023,2023-12-01,31,2,Rio de Janeiro,3304557,Capital,5,0,0,5,0,,5,4,,67,3,0,29,33,22,8,63,10,0,3,3,0,0.0,0,0,0.0,18,97,41,16,14,40,10.0,83,204,0,14,0,185,33,19.0,12.0,2.0,5,31.0,4.0,9.0,5.0,73,5,1,0,0,0,1043,3
43,12,2023,2023-12-01,27,2,Rio de Janeiro,3304557,Capital,2,0,0,2,0,,2,2,,102,10,2,25,18,9,12,39,3,0,2,1,0,0.0,0,0,0.0,2,47,23,3,4,12,0.0,53,95,0,5,1,64,0,0.0,0.0,0.0,12,18.0,0.0,5.0,0.0,91,9,0,0,0,0,633,3
44,12,2023,2023-12-01,3,1,Rio de Janeiro,3304557,Capital,0,0,0,0,0,,0,5,,43,3,0,25,35,16,3,54,32,0,1,2,0,0.0,0,0,0.0,22,111,14,15,6,24,2.0,180,241,0,0,1,65,0,0.0,0.0,0.0,14,15.0,0.0,2.0,1.0,28,7,0,0,0,0,758,3
48,12,2023,2023-12-01,24,3,Seropédica,3305554,Baixada Fluminense,5,0,0,5,0,,5,4,,25,4,1,13,3,4,0,7,10,0,2,1,0,0.0,0,0,0.0,3,23,2,0,1,3,1.0,14,21,0,1,0,31,4,4.0,0.0,0.0,4,5.0,0.0,2.0,0.0,23,3,0,0,0,0,231,3
50,12,2023,2023-12-01,24,3,Itaguaí,3302007,Baixada Fluminense,5,0,1,6,1,,7,2,,52,10,5,20,16,7,0,23,6,0,3,1,0,0.0,0,0,0.0,2,35,8,4,0,11,1.0,30,54,0,4,2,67,5,0.0,5.0,0.0,17,19.0,3.0,8.0,0.0,44,6,0,0,0,0,450,3
51,12,2023,2023-12-01,24,3,Paracambi,3303609,Baixada Fluminense,2,0,0,2,0,,2,2,,13,1,1,7,0,0,0,0,1,0,0,0,0,0.0,0,0,0.0,0,1,0,0,1,2,1.0,9,13,0,0,0,25,10,8.0,3.0,0.0,0,10.0,0.0,1.0,0.0,24,3,0,0,0,0,148,3
52,12,2023,2023-12-01,20,3,Nova Iguaçu,3303500,Baixada Fluminense,4,0,0,4,0,,4,0,,94,3,3,49,40,21,3,64,27,0,2,0,0,0.0,0,1,0.0,4,98,26,18,3,39,3.0,144,233,0,1,0,87,4,4.0,0.0,0.0,28,39.0,0.0,11.0,2.0,108,9,0,0,0,0,1159,3
53,12,2023,2023-12-01,20,3,Mesquita,3302858,Baixada Fluminense,2,0,0,2,1,,3,1,,78,7,0,9,32,23,20,75,22,1,4,1,0,1.0,0,1,0.0,17,122,18,6,2,5,2.0,43,76,0,2,0,85,12,2.0,11.0,0.0,4,22.0,1.0,10.0,0.0,56,4,0,0,0,0,642,3
54,12,2023,2023-12-01,39,3,Belford Roxo,3300456,Baixada Fluminense,19,0,0,19,1,,20,5,,185,19,2,32,77,34,16,127,94,28,2,3,0,0.0,0,1,0.0,11,266,29,12,4,15,3.0,87,150,0,16,3,247,6,0.0,6.0,0.0,46,29.0,3.0,22.0,2.0,142,13,1,0,0,0,1376,3
55,12,2023,2023-12-01,24,3,Queimados,3304144,Baixada Fluminense,5,0,0,5,0,,5,1,,55,3,2,15,20,10,2,32,3,2,0,0,1,0.0,0,1,2.0,2,43,20,5,1,10,1.0,69,106,0,3,0,80,8,4.0,4.0,0.0,10,33.0,0.0,7.0,0.0,61,9,0,0,0,0,545,3
56,12,2023,2023-12-01,20,3,Nova Iguaçu,3303500,Baixada Fluminense,7,0,0,7,2,,9,5,,110,14,5,39,32,30,13,75,21,3,2,0,0,0.0,0,1,0.0,14,116,14,5,0,11,2.0,47,79,0,4,0,89,5,0.0,5.0,0.0,13,29.0,3.0,11.0,2.0,94,9,0,0,0,0,698,3
57,12,2023,2023-12-01,20,3,Nilópolis,3303203,Baixada Fluminense,2,0,0,2,0,,2,0,,68,1,0,18,30,11,5,46,18,4,0,1,0,0.0,0,0,0.0,7,76,33,6,1,8,0.0,110,158,0,3,0,70,5,1.0,2.0,2.0,4,14.0,0.0,3.0,1.0,53,5,1,0,0,0,645,3
58,12,2023,2023-12-01,20,3,Nova Iguaçu,3303500,Baixada Fluminense,9,0,0,9,0,,9,4,,164,11,5,42,51,22,6,79,44,8,3,0,0,0.0,0,0,0.0,13,147,30,4,0,10,0.0,53,97,0,1,0,112,5,3.0,2.0,0.0,6,36.0,1.0,17.0,1.0,103,20,0,0,0,0,969,3
59,12,2023,2023-12-01,15,3,Duque de Caxias,3301702,Baixada Fluminense,4,1,0,5,0,,5,4,,117,11,1,53,126,43,13,182,59,24,4,2,0,0.0,1,2,0.0,40,314,35,48,6,24,1.0,187,301,0,0,0,179,8,2.0,6.0,0.0,96,41.0,0.0,4.0,0.0,90,13,2,0,0,0,1546,3
60,12,2023,2023-12-01,15,3,Duque de Caxias,3301702,Baixada Fluminense,4,1,0,5,7,,12,9,,83,6,10,25,26,27,1,54,111,12,1,0,0,0.0,0,0,0.0,21,199,14,8,1,3,2.0,47,75,0,2,0,112,14,3.0,11.0,0.0,16,34.0,6.0,18.0,0.0,73,9,0,0,0,0,842,3
61,12,2023,2023-12-01,15,3,Duque de Caxias,3301702,Baixada Fluminense,5,0,0,5,0,,5,3,,41,2,0,4,3,1,0,4,7,3,2,1,0,0.0,0,0,0.0,0,17,8,2,1,2,1.0,12,26,0,1,0,12,0,0.0,0.0,0.0,4,10.0,0.0,4.0,0.0,19,7,0,0,0,0,174,3
62,12,2023,2023-12-01,15,3,Duque de Caxias,3301702,Baixada Fluminense,3,0,0,3,2,,5,3,,48,4,3,15,25,18,2,45,26,1,0,1,0,0.0,0,1,0.0,7,81,10,3,1,3,1.0,22,40,0,0,0,74,2,0.0,2.0,0.0,14,10.0,0.0,4.0,0.0,47,10,0,0,0,0,405,3
63,12,2023,2023-12-01,24,3,Japeri,3302270,Baixada Fluminense,7,0,0,7,0,,7,2,,55,3,1,1,2,5,0,7,2,0,1,2,0,0.0,0,0,0.0,1,13,4,1,0,1,1.0,13,20,0,0,0,15,12,10.0,2.0,0.0,5,22.0,1.0,10.0,0.0,26,2,0,0,0,0,240,3
64,12,2023,2023-12-01,21,3,São João de Meriti,3305109,Baixada Fluminense,8,0,0,8,5,,13,12,,156,6,5,63,74,24,36,134,47,17,4,0,0,0.0,0,2,0.0,33,237,39,10,10,9,1.0,136,205,0,9,0,285,20,2.0,17.0,1.0,34,53.0,3.0,7.0,0.0,124,14,2,0,0,0,1428,3
65,12,2023,2023-12-01,34,3,Magé,3302502,Baixada Fluminense,0,0,0,0,0,,0,1,,41,3,2,8,2,3,0,5,3,0,0,2,0,0.0,0,0,0.0,1,11,6,0,0,6,2.0,17,31,0,1,0,24,5,0.0,5.0,0.0,3,14.0,0.0,4.0,0.0,26,1,0,0,0,0,250,3
66,12,2023,2023-12-01,34,3,Magé,3302502,Baixada Fluminense,4,0,0,4,0,,4,2,,104,6,2,22,10,8,0,18,6,1,0,2,0,0.0,0,1,1.0,2,31,24,1,0,7,2.0,49,83,0,1,0,78,1,1.0,0.0,0.0,7,35.0,0.0,1.0,0.0,94,8,0,0,0,0,601,3
67,12,2023,2023-12-01,34,3,Guapimirim,3301850,Baixada Fluminense,1,0,0,1,0,,1,0,,26,0,0,12,2,1,0,3,2,0,1,1,0,0.0,0,0,0.0,0,7,4,1,0,0,2.0,16,23,0,1,0,34,5,0.0,4.0,1.0,1,9.0,1.0,11.0,0.0,26,1,0,0,0,0,232,3
1,1,2024,2024-01-01,5,1,Rio de Janeiro,3304557,Capital,0,0,0,0,0,,0,0,,11,1,0,4,51,24,4,79,2,0,0,0,0,0.0,0,0,0.0,6,87,7,250,12,156,1.0,96,522,0,0,0,105,3,1.0,2.0,0.0,1,25.0,2.0,16.0,4.0,12,0,0,0,0,0,889,3
4,1,2024,2024-01-01,5,1,Rio de Janeiro,3304557,Capital,0,0,0,0,0,,0,0,,22,3,0,14,49,21,20,90,4,1,1,1,0,0.0,0,0,0.0,13,110,2,54,19,131,2.0,127,335,0,1,1,49,14,11.0,3.0,0.0,6,19.0,3.0,8.0,6.0,13,3,0,0,0,0,728,3
5,1,2024,2024-01-01,5,1,Rio de Janeiro,3304557,Capital,0,0,0,0,0,,0,0,,66,3,0,8,122,129,2,253,5,0,2,0,0,0.0,0,0,2.0,14,276,18,153,12,266,1.0,119,569,0,3,0,138,11,10.0,0.0,1.0,6,48.0,10.0,12.0,2.0,46,3,0,0,0,0,1441,3
6,1,2024,2024-01-01,4,1,Rio de Janeiro,3304557,Capital,0,0,0,0,0,,0,0,,28,2,1,37,33,18,17,68,15,1,2,0,0,0.0,0,0,0.0,16,102,5,26,23,40,2.0,127,223,0,1,0,78,1,1.0,0.0,0.0,13,10.0,1.0,2.0,1.0,23,2,0,0,0,0,650,3
7,1,2024,2024-01-01,5,1,Rio de Janeiro,3304557,Capital,0,0,0,0,0,,0,1,,12,0,0,1,7,7,2,16,4,0,0,0,0,0.0,0,0,0.0,9,29,8,6,0,19,0.0,38,71,0,0,0,26,3,0.0,1.0,2.0,3,9.0,0.0,0.0,0.0,12,2,0,0,0,0,240,3
9,1,2024,2024-01-01,2,1,Rio de Janeiro,3304557,Capital,0,0,0,0,0,,0,0,,43,4,2,14,64,50,4,118,12,0,1,0,0,0.0,0,1,2.0,23,157,28,47,20,258,9.0,249,611,0,1,1,181,10,6.0,2.0,2.0,3,23.0,14.0,3.0,1.0,43,1,0,0,0,0,1355,3
10,1,2024,2024-01-01,2,1,Rio de Janeiro,3304557,Capital,0,0,0,0,0,,0,0,,26,0,0,32,53,28,5,86,3,0,9,0,0,0.0,0,1,1.0,9,109,33,28,23,144,13.0,228,469,0,5,0,136,2,2.0,0.0,0.0,5,26.0,9.0,8.0,7.0,29,4,0,0,0,0,1084,3
11,1,2024,2024-01-01,23,1,Rio de Janeiro,3304557,Capital,0,0,0,0,0,,0,0,,12,4,0,2,2,1,0,3,0,0,0,0,0,0.0,0,0,0.0,0,3,2,6,4,1,0.0,8,21,0,0,0,18,1,1.0,0.0,0.0,0,2.0,0.0,1.0,0.0,8,1,0,0,0,0,103,3
12,1,2024,2024-01-01,19,1,Rio de Janeiro,3304557,Capital,0,0,0,0,0,,0,0,,54,5,0,18,29,31,1,61,0,0,1,2,0,0.0,0,0,0.0,4,68,11,140,21,247,11.0,278,708,0,5,0,235,18,15.0,3.0,0.0,1,57.0,12.0,16.0,7.0,51,3,0,0,0,0,1482,3
13,1,2024,2024-01-01,19,1,Rio de Janeiro,3304557,Capital,0,0,0,0,0,,0,1,,20,2,0,5,19,4,1,24,1,0,0,1,0,0.0,0,0,0.0,3,29,8,49,5,76,7.0,112,257,0,2,0,120,2,1.0,1.0,0.0,1,23.0,0.0,8.0,0.0,31,0,0,0,0,0,634,3
14,1,2024,2024-01-01,23,1,Rio de Janeiro,3304557,Capital,0,0,0,0,0,,0,0,,31,1,0,20,24,15,0,39,0,0,3,0,0,0.0,0,1,0.0,1,44,20,45,8,132,17.0,217,439,0,10,0,175,6,4.0,2.0,0.0,0,57.0,18.0,9.0,5.0,37,5,0,0,0,0,1009,3
15,1,2024,2024-01-01,23,1,Rio de Janeiro,3304557,Capital,0,0,1,1,0,,1,2,,19,1,0,10,16,14,1,31,2,1,0,0,0,0.0,0,0,0.0,8,42,8,20,10,103,4.0,81,226,0,1,0,138,3,3.0,0.0,0.0,0,15.0,8.0,2.0,1.0,25,2,1,0,0,0,655,3
16,1,2024,2024-01-01,31,2,Rio de Janeiro,3304557,Capital,1,0,0,1,1,,2,5,,94,2,2,60,75,40,9,124,7,1,4,1,0,0.0,0,0,0.0,48,185,52,24,37,104,7.0,292,516,0,8,0,435,28,20.0,8.0,0.0,8,87.0,16.0,20.0,8.0,91,14,1,0,0,0,2043,3
17,1,2024,2024-01-01,4,1,Rio de Janeiro,3304557,Capital,0,0,1,1,0,,1,0,,28,6,1,35,30,23,25,78,40,3,0,0,0,0.0,0,0,0.0,19,140,21,6,16,42,2.0,107,194,0,2,1,53,9,0.0,8.0,1.0,17,19.0,3.0,13.0,0.0,29,1,1,0,0,0,709,3
18,1,2024,2024-01-01,6,1,Rio de Janeiro,3304557,Capital,0,0,0,0,0,,0,0,,8,1,0,13,51,48,8,107,24,0,2,0,0,0.0,0,1,0.0,10,144,7,11,15,62,0.0,167,262,0,3,0,86,4,4.0,0.0,0.0,3,16.0,2.0,2.0,0.0,28,1,0,0,0,0,701,3
19,1,2024,2024-01-01,6,1,Rio de Janeiro,3304557,Capital,1,0,0,1,0,,1,1,,24,4,1,15,27,24,5,56,20,0,1,1,1,0.0,0,0,0.0,14,93,5,17,22,53,1.0,121,219,0,3,0,241,5,3.0,2.0,0.0,2,37.0,2.0,4.0,1.0,44,2,0,0,0,0,885,3
20,1,2024,2024-01-01,6,1,Rio de Janeiro,3304557,Capital,4,0,0,4,0,,4,3,,29,3,2,9,30,12,1,43,23,0,0,1,0,0.0,0,0,0.0,9,76,5,4,4,16,0.0,69,98,0,4,0,57,6,3.0,3.0,0.0,9,36.0,2.0,3.0,1.0,20,3,1,0,0,0,419,3
21,1,2024,2024-01-01,22,1,Rio de Janeiro,3304557,Capital,5,1,0,6,1,,7,4,,52,6,0,57,54,27,21,102,76,19,9,0,0,0.0,0,0,0.0,38,244,16,24,35,45,2.0,237,359,0,3,0,226,21,14.0,4.0,3.0,74,42.0,3.0,30.0,6.0,68,9,0,0,0,0,1547,3
22,1,2024,2024-01-01,16,1,Rio de Janeiro,3304557,Capital,3,0,0,3,0,,3,1,,50,5,3,32,21,12,7,40,43,4,3,0,0,0.0,1,0,0.0,7,98,17,7,7,21,0.0,89,141,0,3,0,131,7,3.0,4.0,0.0,26,21.0,1.0,2.0,2.0,48,3,0,0,0,0,720,3
23,1,2024,2024-01-01,3,1,Rio de Janeiro,3304557,Capital,1,0,0,1,1,,2,1,,17,0,0,10,20,13,2,35,32,0,1,1,0,0.0,0,0,0.0,9,78,7,6,10,10,0.0,90,123,0,1,0,104,2,1.0,1.0,0.0,2,17.0,6.0,3.0,0.0,24,2,0,0,0,0,546,3
24,1,2024,2024-01-01,3,1,Rio de Janeiro,3304557,Capital,0,0,0,0,0,,0,1,,29,1,1,15,62,14,2,78,31,0,0,0,0,0.0,0,0,0.0,10,119,16,17,10,7,0.0,74,124,0,4,0,84,3,1.0,1.0,1.0,17,16.0,1.0,5.0,0.0,49,2,0,0,0,0,617,3
25,1,2024,2024-01-01,3,1,Rio de Janeiro,3304557,Capital,1,0,0,1,2,,3,3,,35,5,0,19,27,18,4,49,34,0,1,0,0,0.0,0,0,0.0,18,102,9,7,15,35,0.0,77,143,0,4,0,101,17,3.0,4.0,10.0,10,24.0,1.0,14.0,4.0,35,4,0,0,0,0,696,3
26,1,2024,2024-01-01,3,1,Rio de Janeiro,3304557,Capital,1,0,0,1,0,,1,0,,19,1,0,21,35,10,2,47,15,1,0,0,0,0.0,0,0,0.0,9,72,7,13,17,25,1.0,93,156,0,1,0,91,4,0.0,3.0,1.0,15,15.0,2.0,2.0,2.0,21,5,0,0,0,0,557,3
27,1,2024,2024-01-01,41,2,Rio de Janeiro,3304557,Capital,1,0,0,1,3,,4,1,,48,4,0,12,44,37,9,90,88,4,2,3,0,0.0,0,2,0.0,25,214,21,8,8,11,1.0,72,121,0,5,0,113,5,1.0,4.0,0.0,37,25.0,4.0,3.0,1.0,40,2,1,0,0,0,829,3
28,1,2024,2024-01-01,18,2,Rio de Janeiro,3304557,Capital,0,0,0,0,2,,2,4,,58,3,0,11,19,12,1,32,12,1,1,0,0,0.0,0,0,0.0,8,54,11,8,9,23,1.0,47,99,0,7,0,109,3,0.0,3.0,0.0,6,18.0,1.0,3.0,1.0,51,3,0,0,0,0,559,3
29,1,2024,2024-01-01,9,2,Rio de Janeiro,3304557,Capital,2,0,0,2,1,,3,0,,59,6,2,39,74,47,38,159,51,1,4,2,0,0.0,0,0,0.0,23,240,33,38,16,29,0.0,123,239,0,4,1,197,3,0.0,3.0,0.0,22,34.0,0.0,9.0,0.0,50,7,0,0,0,0,1130,3
30,1,2024,2024-01-01,9,2,Rio de Janeiro,3304557,Capital,2,0,0,2,0,,2,2,,51,3,1,17,23,22,3,48,61,0,3,0,0,0.0,0,1,0.0,9,122,28,10,8,26,0.0,51,123,0,3,0,100,4,1.0,2.0,1.0,10,33.0,1.0,2.0,0.0,53,5,0,0,0,0,666,3
31,1,2024,2024-01-01,41,2,Rio de Janeiro,3304557,Capital,3,0,0,3,0,,3,0,,25,1,0,9,33,12,9,54,47,2,1,2,0,0.0,0,0,0.0,8,114,26,4,4,14,0.0,31,79,0,1,0,90,1,1.0,0.0,0.0,25,7.0,1.0,3.0,1.0,40,7,1,0,0,0,592,3
32,1,2024,2024-01-01,18,2,Rio de Janeiro,3304557,Capital,12,1,0,13,2,,15,5,,148,15,1,43,45,17,7,69,28,5,2,1,0,0.0,0,1,0.0,26,132,27,19,28,59,3.0,274,410,0,14,0,433,17,3.0,13.0,1.0,22,74.0,10.0,21.0,4.0,179,10,1,0,0,0,2004,3
33,1,2024,2024-01-01,14,2,Rio de Janeiro,3304557,Capital,3,0,0,3,0,,3,2,,105,5,4,34,33,59,3,95,63,9,0,0,0,0.0,0,0,0.0,22,189,22,8,6,62,4.0,98,200,0,0,0,106,4,0.0,3.0,1.0,12,28.0,2.0,3.0,0.0,78,2,0,0,0,0,984,3
34,1,2024,2024-01-01,14,2,Rio de Janeiro,3304557,Capital,3,0,0,3,2,,5,12,,159,26,4,45,53,27,9,89,68,10,3,0,0,0.0,0,0,1.0,16,187,20,29,12,33,2.0,116,212,0,5,0,211,21,4.0,16.0,1.0,47,45.0,2.0,44.0,4.0,131,15,1,0,0,0,1427,3
35,1,2024,2024-01-01,40,2,Rio de Janeiro,3304557,Capital,4,0,0,4,0,,4,3,,228,16,7,76,49,22,18,89,49,3,5,4,0,0.0,0,2,0.0,31,183,56,23,11,29,3.0,213,335,0,8,1,735,1,0.0,1.0,0.0,22,94.0,3.0,11.0,0.0,269,20,0,0,0,0,2592,3
36,1,2024,2024-01-01,27,2,Rio de Janeiro,3304557,Capital,3,0,0,3,0,,3,4,,148,6,0,34,23,9,12,44,12,1,7,2,0,0.0,0,1,0.0,8,75,25,8,4,25,1.0,96,159,0,4,0,168,0,0.0,0.0,0.0,24,42.0,3.0,3.0,0.0,135,11,0,0,0,0,1039,3
37,1,2024,2024-01-01,17,1,Rio de Janeiro,3304557,Capital,1,0,0,1,0,,1,1,,57,4,0,16,8,5,0,13,8,2,1,0,0,0.0,0,0,0.0,7,31,7,9,13,19,0.0,108,156,0,3,0,105,12,9.0,2.0,1.0,12,15.0,6.0,5.0,2.0,52,4,0,0,0,0,888,3
38,1,2024,2024-01-01,16,1,Rio de Janeiro,3304557,Capital,5,0,0,5,0,,5,1,,39,4,0,23,33,15,2,50,49,10,0,0,0,0.0,0,0,0.0,18,127,25,4,7,7,0.0,93,136,0,1,0,160,7,1.0,5.0,1.0,44,26.0,3.0,9.0,2.0,41,6,0,0,0,0,892,3
39,1,2024,2024-01-01,41,2,Rio de Janeiro,3304557,Capital,1,0,0,1,0,,1,0,,57,1,5,27,53,28,25,106,58,9,0,1,0,0.0,0,0,0.0,38,212,13,20,13,22,1.0,77,146,0,1,0,120,10,1.0,8.0,1.0,65,34.0,4.0,3.0,0.0,57,3,2,0,0,0,947,3
40,1,2024,2024-01-01,9,2,Rio de Janeiro,3304557,Capital,1,0,0,1,1,,2,2,,47,2,0,10,40,25,10,75,35,5,1,0,0,0.0,0,0,1.0,25,142,20,9,7,5,0.0,34,75,0,4,2,71,3,1.0,1.0,1.0,11,14.0,1.0,2.0,1.0,43,4,1,0,0,0,526,3
41,1,2024,2024-01-01,18,2,Rio de Janeiro,3304557,Capital,1,0,0,1,3,,4,4,,38,6,0,22,27,13,1,41,11,1,0,0,0,0.0,0,0,0.0,1,54,10,15,12,12,5.0,58,112,0,7,0,162,8,1.0,5.0,2.0,5,27.0,3.0,1.0,1.0,50,4,0,0,0,0,680,3
42,1,2024,2024-01-01,31,2,Rio de Janeiro,3304557,Capital,6,0,0,6,1,,7,17,,84,6,0,24,32,19,10,61,16,2,3,2,0,0.0,0,0,1.0,18,103,64,15,15,69,6.0,181,350,0,14,2,312,31,21.0,11.0,0.0,12,52.0,6.0,9.0,2.0,125,11,2,0,0,0,1551,3
43,1,2024,2024-01-01,27,2,Rio de Janeiro,3304557,Capital,1,0,0,1,0,,1,3,,77,9,1,29,16,16,10,42,4,0,0,0,0,0.0,0,0,0.0,2,48,14,1,1,14,1.0,58,89,0,13,0,105,0,0.0,0.0,0.0,17,9.0,0.0,4.0,1.0,83,12,0,0,0,0,660,3
44,1,2024,2024-01-01,3,1,Rio de Janeiro,3304557,Capital,4,0,0,4,0,,4,0,,37,1,0,31,34,18,9,61,32,0,0,1,0,0.0,0,0,0.0,25,119,14,12,11,22,0.0,155,214,0,2,0,47,6,3.0,2.0,1.0,8,18.0,2.0,1.0,0.0,25,4,0,0,0,0,698,3
48,1,2024,2024-01-01,24,3,Seropédica,3305554,Baixada Fluminense,2,0,0,2,1,,3,4,,19,1,2,12,5,2,0,7,10,0,0,1,0,0.0,0,0,1.0,0,19,6,1,0,5,1.0,26,39,0,2,0,40,4,3.0,1.0,0.0,8,15.0,0.0,4.0,0.0,20,2,0,0,0,0,287,3
50,1,2024,2024-01-01,24,3,Itaguaí,3302007,Baixada Fluminense,11,0,0,11,1,,12,4,,50,0,1,8,10,8,6,24,16,0,2,0,0,0.0,0,0,0.0,9,51,10,3,1,10,0.0,39,63,0,2,0,95,2,1.0,1.0,0.0,12,9.0,0.0,11.0,0.0,50,12,1,0,0,0,496,3
51,1,2024,2024-01-01,24,3,Paracambi,3303609,Baixada Fluminense,3,0,0,3,0,,3,1,,27,1,0,1,0,0,0,0,4,1,0,0,0,0.0,0,0,0.0,0,5,1,1,0,2,2.0,17,23,0,2,0,26,8,3.0,5.0,0.0,0,10.0,0.0,4.0,0.0,18,3,1,1,0,0,155,3
52,1,2024,2024-01-01,20,3,Nova Iguaçu,3303500,Baixada Fluminense,0,0,0,0,0,,0,1,,91,8,4,39,71,36,10,117,38,3,5,0,0,0.0,0,2,0.0,7,172,43,24,3,27,0.0,158,255,0,5,0,85,3,3.0,0.0,0.0,23,36.0,0.0,13.0,1.0,90,3,1,0,0,0,1496,3
53,1,2024,2024-01-01,20,3,Mesquita,3302858,Baixada Fluminense,1,0,0,1,0,,1,0,,56,3,0,15,38,22,12,72,21,0,4,1,0,0.0,0,1,0.0,10,109,27,8,5,3,2.0,40,85,0,3,1,77,10,3.0,6.0,1.0,13,36.0,1.0,7.0,1.0,67,4,0,0,0,0,652,3
54,1,2024,2024-01-01,39,3,Belford Roxo,3300456,Baixada Fluminense,12,0,2,14,2,,16,7,,136,13,1,39,110,39,12,161,97,14,2,1,0,0.0,0,2,1.0,25,303,31,14,9,11,1.0,71,137,0,14,3,228,15,0.0,14.0,1.0,46,64.0,2.0,16.0,1.0,138,25,0,0,0,0,1447,3
55,1,2024,2024-01-01,24,3,Queimados,3304144,Baixada Fluminense,6,0,0,6,1,,7,5,,91,3,0,13,34,11,4,49,6,2,0,3,0,0.0,0,0,0.0,0,60,13,2,1,4,2.0,61,83,0,3,1,78,8,1.0,7.0,0.0,2,53.0,1.0,15.0,0.0,75,7,0,0,0,0,635,3
56,1,2024,2024-01-01,20,3,Nova Iguaçu,3303500,Baixada Fluminense,4,0,0,4,0,,4,6,,103,15,3,31,64,40,9,113,40,7,2,3,0,0.0,0,0,0.0,18,183,25,3,0,8,2.0,55,93,0,8,0,105,4,0.0,4.0,0.0,20,28.0,3.0,1.0,0.0,129,5,1,0,0,0,843,3
57,1,2024,2024-01-01,20,3,Nilópolis,3303203,Baixada Fluminense,0,0,0,0,1,,1,2,,47,2,0,13,34,18,4,56,32,1,0,0,0,0.0,0,0,0.0,8,97,23,4,2,16,1.0,56,102,0,1,0,57,5,1.0,4.0,0.0,8,11.0,1.0,11.0,0.0,46,2,0,0,0,0,518,3
58,1,2024,2024-01-01,20,3,Nova Iguaçu,3303500,Baixada Fluminense,3,0,0,3,0,,3,2,,150,13,8,19,43,35,4,82,48,10,1,1,0,0.0,0,1,1.0,20,164,21,2,0,11,1.0,61,96,0,0,0,110,6,4.0,3.0,0.0,14,36.0,0.0,12.0,0.0,135,7,0,0,0,0,1046,3
59,1,2024,2024-01-01,15,3,Duque de Caxias,3301702,Baixada Fluminense,4,0,0,4,0,,4,2,,110,6,2,44,149,73,14,236,82,19,2,0,0,1.0,1,0,0.0,25,366,32,37,8,28,0.0,189,294,0,2,0,172,8,4.0,3.0,1.0,99,37.0,1.0,10.0,1.0,79,9,2,0,0,0,1551,3
60,1,2024,2024-01-01,15,3,Duque de Caxias,3301702,Baixada Fluminense,11,0,1,12,5,,17,7,,69,7,8,14,46,19,3,68,118,7,5,0,0,0.0,0,0,0.0,38,236,23,3,0,5,1.0,57,89,0,3,0,119,19,1.0,17.0,1.0,38,60.0,6.0,18.0,1.0,84,6,1,0,0,0,992,3
61,1,2024,2024-01-01,15,3,Duque de Caxias,3301702,Baixada Fluminense,1,0,0,1,0,,1,1,,30,2,1,6,4,1,0,5,5,0,1,0,0,0.0,0,1,0.0,1,13,5,2,0,2,2.0,10,21,0,0,0,41,1,0.0,1.0,0.0,1,3.0,0.0,1.0,0.0,31,6,0,0,0,0,209,3
62,1,2024,2024-01-01,15,3,Duque de Caxias,3301702,Baixada Fluminense,2,0,0,2,0,,2,1,,61,2,1,9,26,15,3,44,25,4,4,0,0,0.0,0,0,0.0,7,84,10,4,0,6,3.0,24,47,0,4,1,80,5,0.0,5.0,0.0,13,24.0,1.0,2.0,0.0,49,6,0,0,0,0,442,3
63,1,2024,2024-01-01,24,3,Japeri,3302270,Baixada Fluminense,1,0,0,1,0,,1,3,,45,2,0,2,2,0,0,2,2,0,0,0,0,0.0,0,0,0.0,4,8,4,0,3,4,0.0,17,28,0,0,0,22,10,7.0,2.0,1.0,4,21.0,2.0,11.0,2.0,21,3,0,0,0,0,282,3
64,1,2024,2024-01-01,21,3,São João de Meriti,3305109,Baixada Fluminense,6,0,0,6,6,,12,11,,141,10,2,49,91,35,40,166,63,18,6,1,0,0.0,0,2,0.0,41,297,41,12,10,19,0.0,115,197,0,13,0,312,14,1.0,13.0,0.0,37,64.0,7.0,9.0,0.0,165,20,0,0,0,0,1736,3
65,1,2024,2024-01-01,34,3,Magé,3302502,Baixada Fluminense,3,0,0,3,0,,3,2,,33,4,1,4,4,4,0,8,3,1,1,0,0,0.0,0,0,0.0,2,15,8,0,0,4,0.0,28,40,0,4,0,27,10,1.0,8.0,1.0,1,19.0,1.0,5.0,0.0,32,2,0,0,0,0,297,3
66,1,2024,2024-01-01,34,3,Magé,3302502,Baixada Fluminense,1,0,0,1,0,,1,0,,66,13,0,22,5,6,0,11,9,0,1,0,0,0.0,0,0,0.0,0,21,19,3,0,2,3.0,74,101,0,3,2,81,2,2.0,0.0,0.0,4,20.0,1.0,3.0,0.0,102,9,0,0,0,0,609,3
67,1,2024,2024-01-01,34,3,Guapimirim,3301850,Baixada Fluminense,0,0,0,0,0,,0,5,,14,3,0,13,0,1,0,1,1,0,0,1,0,0.0,0,0,0.0,2,5,3,2,0,0,2.0,16,23,0,0,0,47,3,1.0,3.0,0.0,1,8.0,0.0,5.0,0.0,26,5,1,0,0,0,238,3
1,2,2024,2024-02-01,5,1,Rio de Janeiro,3304557,Capital,0,0,0,0,0,,0,0,,20,2,1,1,94,45,1,140,0,0,2,0,0,0.0,0,1,1.0,9,153,5,401,15,260,0.0,91,772,0,2,0,99,5,5.0,0.0,0.0,0,31.0,9.0,10.0,5.0,11,2,0,0,0,0,1210,3
4,2,2024,2024-02-01,5,1,Rio de Janeiro,3304557,Capital,2,0,0,2,0,,2,1,,34,0,1,12,49,24,6,79,2,1,0,0,0,0.0,0,0,0.0,4,86,8,61,14,155,2.0,85,325,0,2,1,44,9,3.0,6.0,0.0,5,39.0,4.0,17.0,2.0,13,7,0,1,0,0,696,3
5,2,2024,2024-02-01,5,1,Rio de Janeiro,3304557,Capital,1,0,0,1,0,,1,2,,60,1,0,9,164,201,6,371,6,0,2,1,0,0.0,0,0,0.0,10,390,14,229,9,464,2.0,138,856,0,3,0,127,10,6.0,3.0,1.0,1,59.0,34.0,13.0,7.0,32,5,0,0,0,0,1841,3
6,2,2024,2024-02-01,4,1,Rio de Janeiro,3304557,Capital,0,0,0,0,1,,1,1,,32,1,0,29,38,18,11,67,15,2,0,0,0,0.0,0,0,0.0,12,96,12,54,18,72,1.0,111,268,0,2,0,80,3,1.0,2.0,0.0,6,34.0,1.0,9.0,2.0,29,1,0,0,0,0,745,3
7,2,2024,2024-02-01,5,1,Rio de Janeiro,3304557,Capital,0,0,0,0,0,,0,0,,12,2,0,0,35,15,1,51,3,0,0,0,0,0.0,0,0,0.0,6,60,7,25,1,118,0.0,46,197,0,0,0,29,3,2.0,1.0,0.0,1,5.0,0.0,0.0,0.0,13,3,0,0,0,0,403,3
9,2,2024,2024-02-01,2,1,Rio de Janeiro,3304557,Capital,1,0,0,1,0,,1,1,,31,2,4,27,65,59,5,129,11,0,1,0,0,0.0,0,1,3.0,12,157,24,106,9,393,15.0,187,734,0,3,0,160,11,9.0,1.0,1.0,3,27.0,12.0,6.0,0.0,30,4,1,0,0,0,1492,3
10,2,2024,2024-02-01,2,1,Rio de Janeiro,3304557,Capital,0,0,0,0,0,,0,0,,31,2,2,11,51,30,2,83,7,0,7,1,0,0.0,0,0,1.0,11,110,26,49,21,131,22.0,216,465,0,5,0,134,9,4.0,4.0,1.0,1,24.0,6.0,2.0,0.0,29,2,1,0,0,0,1042,3
11,2,2024,2024-02-01,23,1,Rio de Janeiro,3304557,Capital,0,0,0,0,0,,0,0,,18,1,0,0,0,0,1,1,0,0,0,0,0,0.0,0,0,0.0,0,1,1,4,2,5,0.0,8,20,0,0,0,19,2,1.0,1.0,0.0,1,4.0,0.0,2.0,0.0,12,3,0,0,0,0,122,3
12,2,2024,2024-02-01,19,1,Rio de Janeiro,3304557,Capital,0,0,0,0,0,,0,2,,34,6,1,7,20,14,1,35,2,0,1,1,0,0.0,0,0,0.0,11,50,10,100,16,126,9.0,247,508,0,2,0,147,10,6.0,3.0,1.0,3,35.0,3.0,30.0,4.0,32,2,0,0,0,0,1084,3
13,2,2024,2024-02-01,19,1,Rio de Janeiro,3304557,Capital,0,0,0,0,0,,0,3,,17,0,0,6,16,6,0,22,1,0,1,1,0,0.0,0,0,0.0,4,29,8,25,3,53,6.0,117,212,0,1,0,146,5,4.0,1.0,0.0,0,21.0,0.0,5.0,1.0,29,3,0,0,0,0,599,3
14,2,2024,2024-02-01,23,1,Rio de Janeiro,3304557,Capital,0,0,0,0,0,,0,0,,31,2,0,12,19,31,0,50,3,0,3,0,0,0.0,0,0,0.0,9,65,24,102,7,436,17.0,219,805,0,3,0,178,13,7.0,6.0,1.0,0,26.0,6.0,22.0,4.0,16,4,0,0,0,0,1401,3
15,2,2024,2024-02-01,23,1,Rio de Janeiro,3304557,Capital,0,0,0,0,0,,0,1,,24,1,0,16,13,19,0,32,5,0,3,0,0,0.0,0,0,0.0,3,43,7,12,10,148,3.0,85,265,0,3,0,113,3,2.0,1.0,0.0,2,14.0,2.0,2.0,2.0,19,4,0,0,0,0,686,3
16,2,2024,2024-02-01,31,2,Rio de Janeiro,3304557,Capital,4,0,0,4,1,,5,3,,72,6,9,57,86,38,8,132,7,1,2,3,0,0.0,0,0,0.0,36,181,37,41,35,110,5.0,321,549,0,5,1,388,25,14.0,11.0,0.0,12,83.0,25.0,20.0,4.0,74,6,1,0,0,0,1934,3
17,2,2024,2024-02-01,4,1,Rio de Janeiro,3304557,Capital,0,0,0,0,0,,0,1,,27,5,4,24,27,21,27,75,41,4,1,0,0,0.0,0,0,0.0,13,134,22,9,17,45,0.0,93,186,0,0,0,39,8,3.0,5.0,0.0,13,36.0,6.0,6.0,3.0,26,7,1,0,0,0,650,3
18,2,2024,2024-02-01,6,1,Rio de Janeiro,3304557,Capital,1,0,0,1,0,,1,2,,30,3,1,18,52,44,5,101,32,0,1,0,0,0.0,0,1,1.0,11,147,4,31,14,99,4.0,120,272,0,4,0,92,8,5.0,2.0,1.0,3,34.0,1.0,8.0,0.0,25,3,0,0,0,0,796,3
19,2,2024,2024-02-01,6,1,Rio de Janeiro,3304557,Capital,0,0,0,0,0,,0,4,,42,2,0,11,22,24,4,50,26,0,2,0,0,1.0,0,0,1.0,6,86,10,15,19,76,3.0,129,252,0,8,0,165,6,4.0,2.0,0.0,9,26.0,9.0,9.0,0.0,46,3,0,0,0,0,842,3
20,2,2024,2024-02-01,6,1,Rio de Janeiro,3304557,Capital,1,0,0,1,0,,1,1,,30,1,0,9,26,18,0,44,29,0,0,0,0,0.0,0,0,0.0,11,84,4,9,12,24,1.0,67,117,0,3,0,67,1,0.0,1.0,0.0,7,12.0,6.0,2.0,0.0,26,7,0,0,0,0,465,3
21,2,2024,2024-02-01,22,1,Rio de Janeiro,3304557,Capital,3,0,1,4,0,,4,13,,49,9,6,60,70,24,24,118,88,22,1,0,0,0.0,0,0,0.0,32,261,25,28,31,45,0.0,215,344,0,4,1,153,21,12.0,5.0,4.0,153,48.0,6.0,48.0,6.0,58,14,1,0,0,0,1558,3
22,2,2024,2024-02-01,16,1,Rio de Janeiro,3304557,Capital,2,0,0,2,2,,4,7,,42,4,2,24,24,4,5,33,30,9,3,1,0,1.0,0,0,1.0,10,88,14,8,22,12,0.0,124,180,0,5,0,151,14,3.0,6.0,5.0,20,13.0,0.0,4.0,0.0,37,3,0,0,0,0,880,3
23,2,2024,2024-02-01,3,1,Rio de Janeiro,3304557,Capital,1,0,0,1,0,,1,0,,22,1,0,6,28,16,4,48,48,0,1,0,0,0.0,0,0,0.0,19,116,9,6,11,16,0.0,111,153,0,0,0,91,0,0.0,0.0,0.0,4,26.0,1.0,10.0,0.0,27,1,0,0,0,0,586,3
24,2,2024,2024-02-01,3,1,Rio de Janeiro,3304557,Capital,1,0,0,1,0,,1,0,,34,3,0,25,47,16,4,67,46,0,1,4,0,0.0,0,0,0.0,15,133,11,13,6,18,0.0,68,116,0,2,0,87,1,1.0,0.0,0.0,26,13.0,0.0,3.0,0.0,36,2,0,0,0,0,587,3
25,2,2024,2024-02-01,3,1,Rio de Janeiro,3304557,Capital,2,0,0,2,1,,3,2,,42,4,0,6,18,19,6,43,34,0,3,1,0,0.0,0,0,0.0,20,101,6,4,6,29,1.0,78,124,0,4,1,92,15,6.0,7.0,2.0,18,36.0,0.0,13.0,2.0,47,2,2,0,0,0,608,3
26,2,2024,2024-02-01,3,1,Rio de Janeiro,3304557,Capital,1,0,0,1,0,,1,0,,16,2,0,16,23,20,0,43,25,1,0,0,0,0.0,0,0,1.0,10,80,5,14,10,32,2.0,94,157,0,3,1,65,4,3.0,1.0,0.0,16,15.0,4.0,5.0,0.0,24,0,0,0,0,0,541,3
27,2,2024,2024-02-01,41,2,Rio de Janeiro,3304557,Capital,1,0,1,2,1,,3,2,,43,3,1,15,59,48,7,114,92,5,1,0,0,1.0,0,1,0.0,40,254,31,8,5,25,2.0,80,151,0,0,1,127,5,2.0,3.0,0.0,35,25.0,4.0,10.0,0.0,44,4,1,0,0,0,833,3
28,2,2024,2024-02-01,18,2,Rio de Janeiro,3304557,Capital,0,0,0,0,3,,3,2,,33,9,1,10,16,5,0,21,19,0,1,1,0,0.0,0,0,0.0,5,47,9,11,8,21,2.0,49,100,0,5,0,114,3,1.0,2.0,0.0,3,22.0,1.0,3.0,0.0,31,1,0,0,0,0,523,3
29,2,2024,2024-02-01,9,2,Rio de Janeiro,3304557,Capital,1,0,0,1,0,,1,3,,76,3,0,30,80,39,26,145,62,2,2,1,0,0.0,0,0,0.0,40,252,28,30,23,38,0.0,135,254,0,2,0,158,1,0.0,1.0,0.0,26,29.0,1.0,12.0,0.0,54,4,0,0,0,0,1101,3
30,2,2024,2024-02-01,9,2,Rio de Janeiro,3304557,Capital,1,0,0,1,0,,1,5,,57,3,0,10,42,31,5,78,72,0,3,0,0,0.0,0,0,0.0,14,167,35,9,6,16,0.0,61,127,0,1,0,88,7,3.0,3.0,1.0,6,32.0,1.0,4.0,1.0,56,0,0,0,0,0,693,3
31,2,2024,2024-02-01,41,2,Rio de Janeiro,3304557,Capital,1,0,0,1,1,,2,6,,34,2,0,17,31,14,5,50,33,1,1,0,0,0.0,0,1,0.0,13,99,13,5,5,14,2.0,38,77,0,1,0,76,6,0.0,6.0,0.0,39,12.0,0.0,3.0,1.0,36,5,0,0,0,0,528,3
32,2,2024,2024-02-01,18,2,Rio de Janeiro,3304557,Capital,11,0,0,11,3,,14,13,,152,21,3,59,54,42,5,101,42,1,2,3,0,0.0,1,0,2.0,35,187,42,20,31,53,3.0,242,391,0,11,0,395,19,5.0,14.0,0.0,38,77.0,2.0,33.0,0.0,174,12,0,0,0,0,2016,3
33,2,2024,2024-02-01,14,2,Rio de Janeiro,3304557,Capital,2,0,0,2,0,,2,3,,113,4,5,35,22,48,0,70,54,5,1,0,0,0.0,0,1,0.0,9,140,21,3,9,44,1.0,101,179,0,0,0,157,4,0.0,4.0,0.0,15,37.0,0.0,2.0,0.0,85,8,0,0,0,0,1002,3
34,2,2024,2024-02-01,14,2,Rio de Janeiro,3304557,Capital,8,0,0,8,1,,9,12,,137,8,5,39,55,32,9,96,45,4,0,2,0,0.0,0,0,0.0,9,156,20,13,6,39,0.0,114,192,0,2,1,207,19,3.0,14.0,3.0,46,71.0,4.0,56.0,4.0,126,11,1,0,0,0,1286,3
35,2,2024,2024-02-01,40,2,Rio de Janeiro,3304557,Capital,8,0,0,8,0,,8,6,,248,28,0,78,45,26,8,79,40,7,3,1,0,0.0,0,2,0.0,22,154,69,32,13,65,0.0,231,410,0,3,0,639,2,1.0,1.0,0.0,33,69.0,2.0,18.0,0.0,247,14,0,0,0,0,2375,3
36,2,2024,2024-02-01,27,2,Rio de Janeiro,3304557,Capital,5,0,0,5,0,,5,3,,118,7,7,42,20,13,6,39,12,2,5,1,0,0.0,0,0,0.0,4,63,26,6,13,17,3.0,87,152,0,3,0,160,1,0.0,1.0,0.0,23,51.0,1.0,4.0,0.0,108,11,1,0,0,0,1032,3
37,2,2024,2024-02-01,17,1,Rio de Janeiro,3304557,Capital,1,0,0,1,0,,1,0,,40,2,1,23,13,4,1,18,14,3,0,1,0,0.0,0,0,0.0,4,40,10,15,11,27,1.0,89,153,0,2,1,104,7,6.0,1.0,0.0,15,21.0,3.0,6.0,6.0,70,5,0,0,0,0,872,3
38,2,2024,2024-02-01,16,1,Rio de Janeiro,3304557,Capital,0,0,0,0,0,,0,4,,52,5,6,26,36,14,0,50,52,7,1,0,0,0.0,0,0,0.0,19,129,17,4,4,4,0.0,54,83,0,2,0,95,8,1.0,7.0,0.0,36,25.0,10.0,8.0,5.0,47,10,1,0,0,0,625,3
39,2,2024,2024-02-01,41,2,Rio de Janeiro,3304557,Capital,2,0,0,2,1,,3,2,,60,5,0,16,38,22,15,75,75,6,2,0,0,0.0,0,0,0.0,45,203,10,28,6,14,0.0,80,138,0,0,0,122,16,3.0,13.0,0.0,107,50.0,9.0,25.0,0.0,30,5,1,0,0,0,927,3
40,2,2024,2024-02-01,9,2,Rio de Janeiro,3304557,Capital,5,0,0,5,0,,5,6,,21,3,0,29,45,25,9,79,40,1,0,0,0,0.0,0,1,1.0,10,132,17,7,5,12,1.0,30,72,0,0,0,64,6,0.0,6.0,0.0,16,36.0,1.0,6.0,0.0,31,1,0,0,0,0,494,3
41,2,2024,2024-02-01,18,2,Rio de Janeiro,3304557,Capital,0,0,0,0,0,,0,2,,36,2,0,29,16,12,1,29,16,0,0,0,0,0.0,0,0,0.0,7,52,8,5,14,16,2.0,74,119,0,5,0,124,2,0.0,2.0,0.0,7,9.0,0.0,3.0,0.0,60,7,0,0,0,0,626,3
42,2,2024,2024-02-01,31,2,Rio de Janeiro,3304557,Capital,2,0,1,3,0,,3,5,,75,3,1,25,41,18,9,68,21,2,1,1,0,0.0,0,0,0.0,8,101,70,19,19,56,8.0,119,291,0,4,0,239,23,12.0,10.0,1.0,10,53.0,12.0,10.0,2.0,96,4,0,0,0,0,1321,3
43,2,2024,2024-02-01,27,2,Rio de Janeiro,3304557,Capital,3,0,0,3,0,,3,4,,82,7,0,29,19,11,14,44,6,0,1,2,0,0.0,0,0,0.0,6,59,9,2,3,14,1.0,51,80,0,2,0,92,2,2.0,0.0,0.0,18,26.0,4.0,2.0,0.0,104,11,1,0,0,0,661,3
44,2,2024,2024-02-01,3,1,Rio de Janeiro,3304557,Capital,0,0,0,0,5,,5,13,,36,4,0,26,34,25,5,64,50,1,2,0,0,0.0,0,0,1.0,25,143,15,11,2,20,1.0,88,137,0,1,0,68,4,0.0,4.0,0.0,19,23.0,4.0,6.0,0.0,36,1,0,0,0,0,647,3
48,2,2024,2024-02-01,24,3,Seropédica,3305554,Baixada Fluminense,2,0,0,2,0,,2,3,,19,3,0,21,8,4,0,12,10,0,0,2,0,0.0,0,0,0.0,3,27,2,1,1,7,2.0,15,28,0,2,0,43,2,2.0,0.0,0.0,12,24.0,1.0,3.0,1.0,22,1,0,0,0,0,289,3
50,2,2024,2024-02-01,24,3,Itaguaí,3302007,Baixada Fluminense,2,0,0,2,0,,2,3,,43,6,2,10,12,6,4,22,8,0,0,3,0,1.0,0,0,0.0,6,40,11,9,1,9,1.0,27,58,0,4,0,66,7,3.0,4.0,0.0,15,21.0,3.0,10.0,0.0,52,4,0,0,0,0,433,3
51,2,2024,2024-02-01,24,3,Paracambi,3303609,Baixada Fluminense,1,0,0,1,0,,1,0,,19,1,1,4,0,2,0,2,0,0,1,0,0,0.0,0,0,0.0,0,3,0,1,0,3,1.0,8,13,0,0,0,11,8,4.0,3.0,1.0,0,9.0,1.0,3.0,0.0,15,0,0,0,0,0,114,3
52,2,2024,2024-02-01,20,3,Nova Iguaçu,3303500,Baixada Fluminense,1,0,0,1,1,,2,1,,68,7,3,37,71,42,7,120,66,4,6,0,0,0.0,0,0,0.0,13,209,51,12,7,29,2.0,137,238,0,3,0,79,5,5.0,0.0,0.0,18,43.0,2.0,14.0,0.0,89,10,0,0,0,0,1225,3
53,2,2024,2024-02-01,20,3,Mesquita,3302858,Baixada Fluminense,2,0,0,2,1,,3,9,,65,4,2,19,39,25,7,71,32,0,3,0,0,0.0,0,0,1.0,9,116,17,4,3,6,1.0,50,81,0,2,0,79,5,3.0,2.0,0.0,12,16.0,0.0,8.0,0.0,60,5,0,0,0,0,585,3
54,2,2024,2024-02-01,39,3,Belford Roxo,3300456,Baixada Fluminense,8,0,0,8,3,,11,8,,120,16,4,35,95,72,13,180,101,10,3,0,1,0.0,0,0,0.0,32,327,36,9,4,10,3.0,114,176,0,9,3,181,13,2.0,8.0,3.0,74,57.0,2.0,26.0,0.0,146,23,0,0,0,0,1408,3
55,2,2024,2024-02-01,24,3,Queimados,3304144,Baixada Fluminense,3,0,0,3,0,,3,6,,53,8,1,8,21,8,0,29,7,0,2,2,0,0.0,0,1,0.0,4,45,9,7,3,5,2.0,58,84,0,2,1,64,7,4.0,3.0,0.0,21,22.0,0.0,13.0,2.0,58,11,1,0,0,0,566,3
56,2,2024,2024-02-01,20,3,Nova Iguaçu,3303500,Baixada Fluminense,2,0,2,4,0,,4,4,,135,10,2,33,51,43,15,109,36,3,6,1,0,0.0,0,1,0.0,23,179,21,4,2,10,1.0,52,90,0,3,0,80,5,1.0,4.0,0.0,16,66.0,1.0,7.0,0.0,115,8,0,0,0,0,796,3
57,2,2024,2024-02-01,20,3,Nilópolis,3303203,Baixada Fluminense,0,0,0,0,2,,2,5,,57,2,0,12,42,16,1,59,16,0,1,1,0,0.0,0,0,1.0,9,87,22,7,2,10,0.0,88,129,0,2,0,89,2,0.0,2.0,0.0,9,14.0,1.0,10.0,0.0,78,1,0,0,0,0,699,3
58,2,2024,2024-02-01,20,3,Nova Iguaçu,3303500,Baixada Fluminense,13,1,0,14,2,,16,1,,167,6,7,24,74,47,5,126,61,6,4,3,0,0.0,0,1,1.0,15,217,31,1,0,12,4.0,50,98,0,1,0,101,9,4.0,5.0,0.0,21,45.0,3.0,7.0,0.0,151,19,0,1,0,0,1084,3
59,2,2024,2024-02-01,15,3,Duque de Caxias,3301702,Baixada Fluminense,4,0,1,5,2,,7,4,,95,4,2,40,119,66,7,192,120,14,2,1,0,0.0,0,3,0.0,31,363,27,46,5,29,0.0,184,291,0,1,1,142,6,3.0,3.0,0.0,117,27.0,2.0,12.0,0.0,85,13,1,0,0,0,1520,3
60,2,2024,2024-02-01,15,3,Duque de Caxias,3301702,Baixada Fluminense,10,2,0,12,0,,12,11,,68,11,6,44,47,26,6,79,111,19,2,0,0,0.0,0,0,1.0,27,239,26,4,1,8,1.0,52,92,0,1,0,110,7,0.0,7.0,0.0,47,38.0,4.0,13.0,2.0,61,11,1,0,0,0,915,3
61,2,2024,2024-02-01,15,3,Duque de Caxias,3301702,Baixada Fluminense,1,0,0,1,0,,1,1,,23,3,0,4,4,3,1,8,7,0,0,1,0,0.0,0,0,0.0,1,17,5,1,0,1,1.0,3,11,0,0,0,23,0,0.0,0.0,0.0,9,11.0,0.0,0.0,0.0,30,3,0,0,0,0,153,3
62,2,2024,2024-02-01,15,3,Duque de Caxias,3301702,Baixada Fluminense,0,0,1,1,0,,1,1,,54,7,0,8,43,12,7,62,28,3,0,0,0,0.0,0,0,1.0,8,102,21,0,2,1,2.0,22,48,0,4,0,75,7,1.0,5.0,1.0,15,21.0,0.0,1.0,0.0,34,2,1,0,0,0,435,3
63,2,2024,2024-02-01,24,3,Japeri,3302270,Baixada Fluminense,1,0,0,1,1,,2,1,,35,5,0,1,1,0,0,1,6,1,0,0,0,0.0,0,0,0.0,2,10,6,0,1,2,0.0,11,20,0,0,0,11,2,0.0,2.0,0.0,7,19.0,0.0,6.0,3.0,21,2,0,0,0,0,231,3
64,2,2024,2024-02-01,21,3,São João de Meriti,3305109,Baixada Fluminense,10,0,0,10,6,,16,14,,154,9,2,51,81,35,37,153,75,8,3,3,0,2.0,0,1,0.0,35,280,45,8,8,26,0.0,123,210,0,11,2,294,19,2.0,17.0,0.0,61,66.0,3.0,13.0,0.0,157,26,1,0,0,0,1676,3
65,2,2024,2024-02-01,34,3,Magé,3302502,Baixada Fluminense,0,0,0,0,1,,1,2,,41,4,2,18,1,0,0,1,0,0,0,1,0,0.0,0,0,0.0,2,4,6,2,0,6,1.0,26,41,0,0,0,26,5,2.0,3.0,0.0,2,8.0,2.0,8.0,1.0,27,3,0,0,0,0,264,3
66,2,2024,2024-02-01,34,3,Magé,3302502,Baixada Fluminense,1,0,0,1,0,,1,8,,88,12,0,24,14,3,0,17,2,0,0,0,0,0.0,0,0,0.0,1,20,14,3,1,7,2.0,62,89,0,3,0,65,5,3.0,2.0,0.0,5,34.0,0.0,5.0,0.0,106,10,0,0,0,0,580,3
67,2,2024,2024-02-01,34,3,Guapimirim,3301850,Baixada Fluminense,2,0,0,2,0,,2,0,,29,7,0,10,1,0,0,1,1,0,0,1,0,0.0,0,0,0.0,2,5,1,3,0,2,1.0,21,28,0,4,0,29,7,3.0,3.0,1.0,1,4.0,2.0,3.0,0.0,40,1,0,0,0,0,222,3
1,3,2024,2024-03-01,5,1,Rio de Janeiro,3304557,Capital,0,0,0,0,0,,0,0,,9,0,0,4,45,22,3,70,1,0,0,0,0,0.0,0,0,0.0,3,74,5,72,19,74,1.0,103,274,0,3,0,97,5,2.0,2.0,1.0,3,24.0,10.0,15.0,0.0,14,2,0,0,0,0,631,3
4,3,2024,2024-03-01,5,1,Rio de Janeiro,3304557,Capital,1,0,0,1,0,,1,4,,28,3,0,14,31,23,3,57,4,0,0,0,0,0.0,0,1,0.0,6,68,7,34,17,114,1.0,76,249,0,2,0,27,14,4.0,10.0,0.0,3,43.0,3.0,20.0,2.0,16,5,0,0,0,0,595,3
5,3,2024,2024-03-01,5,1,Rio de Janeiro,3304557,Capital,0,0,0,0,0,,0,2,,57,4,0,5,97,109,8,214,7,0,0,0,0,0.0,0,0,0.0,16,237,10,93,7,161,4.0,112,387,0,4,0,120,19,5.0,11.0,3.0,4,43.0,12.0,18.0,7.0,32,5,1,0,0,0,1181,3
6,3,2024,2024-03-01,4,1,Rio de Janeiro,3304557,Capital,0,0,0,0,0,,0,1,,22,4,0,26,33,15,7,55,19,8,2,0,0,0.0,0,0,0.0,11,95,16,49,40,40,0.0,73,218,0,0,0,76,4,1.0,3.0,0.0,21,28.0,0.0,9.0,1.0,17,4,0,0,0,0,644,3
7,3,2024,2024-03-01,5,1,Rio de Janeiro,3304557,Capital,0,0,0,0,0,,0,0,,17,0,0,1,27,3,0,30,2,0,0,0,0,0.0,0,0,0.0,1,33,8,5,0,11,1.0,27,52,0,1,0,36,3,0.0,2.0,1.0,4,8.0,0.0,0.0,0.0,15,1,0,0,0,0,228,3
9,3,2024,2024-03-01,2,1,Rio de Janeiro,3304557,Capital,0,0,0,0,0,,0,0,,19,1,3,15,69,50,5,124,17,0,0,2,0,1.0,0,0,5.0,13,162,33,40,11,152,8.0,178,422,0,3,0,160,8,7.0,1.0,0.0,1,31.0,16.0,9.0,0.0,48,4,0,0,0,0,1129,3
10,3,2024,2024-03-01,2,1,Rio de Janeiro,3304557,Capital,0,0,0,0,0,,0,0,,24,2,1,23,33,31,2,66,8,0,7,0,0,0.0,0,0,1.0,12,94,30,26,19,106,8.0,184,373,0,8,0,145,6,5.0,1.0,0.0,1,31.0,9.0,21.0,0.0,38,1,0,1,0,0,1007,3
11,3,2024,2024-03-01,23,1,Rio de Janeiro,3304557,Capital,0,0,0,0,0,,0,1,,7,0,0,0,0,0,1,1,0,0,0,0,0,0.0,0,0,0.0,0,1,4,0,2,2,1.0,9,18,0,0,0,10,0,0.0,0.0,0.0,1,0.0,0.0,6.0,0.0,5,3,0,0,0,0,92,3
12,3,2024,2024-03-01,19,1,Rio de Janeiro,3304557,Capital,0,0,0,0,0,,0,0,,40,0,0,14,27,10,0,37,1,1,1,3,0,0.0,0,0,0.0,5,48,9,83,20,99,9.0,167,387,0,5,0,164,4,2.0,2.0,0.0,0,43.0,19.0,19.0,7.0,40,7,0,0,0,0,968,3
13,3,2024,2024-03-01,19,1,Rio de Janeiro,3304557,Capital,0,0,0,0,0,,0,0,,16,0,0,6,6,5,1,12,0,0,1,1,0,0.0,0,0,1.0,6,21,8,22,7,37,6.0,87,167,0,1,0,106,5,4.0,1.0,0.0,2,31.0,3.0,6.0,0.0,15,1,0,0,0,0,503,3
14,3,2024,2024-03-01,23,1,Rio de Janeiro,3304557,Capital,0,0,0,0,0,,0,1,,40,0,0,4,17,13,0,30,1,0,1,2,0,0.0,0,0,2.0,11,47,12,49,2,125,13.0,130,331,0,2,0,192,7,5.0,2.0,0.0,0,47.0,12.0,16.0,4.0,31,5,0,0,0,0,912,3
15,3,2024,2024-03-01,23,1,Rio de Janeiro,3304557,Capital,0,0,0,0,0,,0,0,,19,6,0,13,6,27,1,34,5,0,0,0,0,0.0,0,0,1.0,9,49,19,8,6,79,4.0,72,188,0,4,0,138,3,1.0,2.0,0.0,3,15.0,3.0,1.0,0.0,23,1,0,0,0,0,622,3
16,3,2024,2024-03-01,31,2,Rio de Janeiro,3304557,Capital,12,0,0,12,0,,12,6,,69,11,1,43,64,21,11,96,8,0,6,0,0,0.0,0,1,0.0,42,153,55,27,45,115,3.0,321,566,0,5,1,384,25,17.0,7.0,1.0,12,87.0,26.0,22.0,6.0,89,8,0,0,0,0,1917,3
17,3,2024,2024-03-01,4,1,Rio de Janeiro,3304557,Capital,1,0,0,1,0,,1,0,,26,1,2,35,27,21,21,69,38,11,1,0,0,0.0,0,0,0.0,27,146,19,16,21,52,1.0,101,210,0,2,0,52,10,2.0,7.0,1.0,5,17.0,5.0,12.0,0.0,21,3,0,0,0,0,722,3
18,3,2024,2024-03-01,6,1,Rio de Janeiro,3304557,Capital,0,0,1,1,0,,1,0,,26,2,0,20,59,61,12,132,36,0,4,0,0,0.0,0,0,0.0,17,189,9,58,14,221,4.0,166,472,0,0,0,95,8,7.0,0.0,1.0,3,15.0,1.0,9.0,0.0,26,1,0,0,0,0,1046,3
19,3,2024,2024-03-01,6,1,Rio de Janeiro,3304557,Capital,0,0,0,0,0,,0,0,,48,4,0,14,27,35,4,66,43,0,5,1,0,0.0,0,0,0.0,25,140,7,12,15,67,5.0,169,275,0,4,0,207,8,6.0,1.0,1.0,9,49.0,5.0,9.0,5.0,40,3,0,0,0,0,979,3
20,3,2024,2024-03-01,6,1,Rio de Janeiro,3304557,Capital,1,0,0,1,0,,1,0,,35,2,0,16,28,40,5,73,33,0,3,0,0,0.0,0,0,0.0,12,121,9,13,14,34,2.0,99,171,0,6,0,152,4,2.0,1.0,1.0,2,26.0,1.0,9.0,0.0,36,4,0,0,0,0,780,3
21,3,2024,2024-03-01,22,1,Rio de Janeiro,3304557,Capital,1,0,1,2,2,,4,7,,61,3,1,71,58,45,24,127,109,20,0,1,0,0.0,0,0,0.0,38,295,32,15,33,47,1.0,175,303,0,4,0,166,20,7.0,11.0,2.0,97,72.0,3.0,41.0,5.0,63,10,0,0,0,0,1504,3
22,3,2024,2024-03-01,16,1,Rio de Janeiro,3304557,Capital,4,0,0,4,0,,4,1,,54,3,2,42,42,15,4,61,52,4,2,1,0,0.0,0,0,0.0,13,133,18,9,19,10,0.0,118,174,0,5,0,145,13,3.0,9.0,1.0,33,39.0,10.0,6.0,0.0,40,3,0,0,0,0,1024,3
23,3,2024,2024-03-01,3,1,Rio de Janeiro,3304557,Capital,1,0,1,2,1,,3,1,,14,0,0,11,26,31,1,58,29,0,0,0,0,0.0,0,1,0.0,19,107,12,9,14,22,0.0,108,165,0,2,0,85,2,1.0,0.0,1.0,6,35.0,4.0,12.0,2.0,36,2,0,0,0,0,589,3
24,3,2024,2024-03-01,3,1,Rio de Janeiro,3304557,Capital,1,0,0,1,0,,1,0,,24,1,1,26,38,23,0,61,80,2,0,0,0,0.0,0,0,1.0,28,172,11,7,12,24,0.0,76,130,0,4,0,98,4,3.0,1.0,0.0,22,10.0,2.0,2.0,1.0,37,2,0,0,0,0,652,3
25,3,2024,2024-03-01,3,1,Rio de Janeiro,3304557,Capital,4,0,0,4,0,,4,4,,36,2,3,12,18,31,2,51,28,1,3,1,0,0.0,0,0,0.0,24,108,6,7,9,50,0.0,115,187,0,1,0,91,33,7.0,23.0,5.0,16,57.0,4.0,12.0,4.0,32,1,0,0,0,0,708,3
26,3,2024,2024-03-01,3,1,Rio de Janeiro,3304557,Capital,0,1,0,1,2,,3,0,,52,0,2,15,33,16,3,52,26,2,1,0,0,0.0,0,0,0.0,10,91,3,5,14,27,0.0,81,130,0,0,0,110,0,0.0,0.0,0.0,8,14.0,2.0,9.0,0.0,29,2,0,0,0,0,593,3
27,3,2024,2024-03-01,41,2,Rio de Janeiro,3304557,Capital,1,0,0,1,0,,1,0,,79,3,1,13,53,67,4,124,158,5,1,0,0,0.0,0,1,0.0,32,321,32,12,18,16,1.0,93,172,0,1,0,139,1,1.0,0.0,0.0,25,35.0,5.0,8.0,1.0,66,3,0,0,0,0,1019,3
28,3,2024,2024-03-01,18,2,Rio de Janeiro,3304557,Capital,3,0,0,3,2,,5,0,,33,2,2,13,22,9,1,32,27,2,2,0,0,0.0,0,0,0.0,8,71,10,4,15,29,0.0,45,103,0,2,0,120,3,0.0,3.0,0.0,8,28.0,0.0,5.0,0.0,47,4,1,0,0,0,568,3
29,3,2024,2024-03-01,9,2,Rio de Janeiro,3304557,Capital,6,0,0,6,1,,7,4,,80,8,0,20,63,63,34,160,107,3,2,3,0,0.0,0,1,0.0,45,321,25,31,27,42,1.0,183,309,0,2,0,183,8,2.0,6.0,0.0,44,36.0,3.0,16.0,1.0,69,4,1,0,0,0,1308,3
30,3,2024,2024-03-01,9,2,Rio de Janeiro,3304557,Capital,0,0,0,0,1,,1,1,,62,3,0,24,33,26,3,62,52,1,4,0,0,0.0,0,0,0.0,9,128,19,14,8,8,1.0,35,85,0,1,0,128,3,2.0,1.0,0.0,6,20.0,1.0,13.0,0.0,78,1,0,0,0,0,677,3
31,3,2024,2024-03-01,41,2,Rio de Janeiro,3304557,Capital,2,0,0,2,0,,2,1,,35,2,0,14,21,14,4,39,54,2,4,0,0,0.0,0,0,0.0,9,108,29,5,3,16,0.0,46,99,0,1,0,97,6,1.0,4.0,1.0,25,17.0,3.0,5.0,1.0,29,3,0,0,0,0,570,3
32,3,2024,2024-03-01,18,2,Rio de Janeiro,3304557,Capital,11,0,0,11,3,,14,6,,149,15,1,63,58,27,9,94,23,5,3,2,0,0.0,0,0,0.0,32,159,53,15,23,53,2.0,312,458,0,8,0,422,17,7.0,8.0,2.0,32,84.0,8.0,19.0,2.0,183,21,0,0,0,0,2104,3
33,3,2024,2024-03-01,14,2,Rio de Janeiro,3304557,Capital,5,0,1,6,0,,6,0,,97,6,0,52,17,45,3,65,69,5,2,0,0,0.0,1,1,0.0,17,160,23,9,6,52,0.0,61,151,0,2,0,166,4,1.0,3.0,1.0,9,31.0,0.0,8.0,0.0,66,8,0,0,0,0,964,3
34,3,2024,2024-03-01,14,2,Rio de Janeiro,3304557,Capital,2,0,0,2,0,,2,1,,147,12,4,43,59,39,7,105,66,11,5,3,0,0.0,0,2,0.0,11,203,25,26,8,27,4.0,96,186,0,3,0,223,33,5.0,21.0,7.0,43,79.0,2.0,79.0,6.0,123,7,0,0,0,0,1406,3
35,3,2024,2024-03-01,40,2,Rio de Janeiro,3304557,Capital,7,1,0,8,0,,8,5,,258,22,5,91,54,31,6,91,58,3,5,1,0,0.0,0,0,0.0,37,195,62,34,14,49,4.0,337,500,0,4,2,567,4,1.0,2.0,1.0,19,109.0,4.0,21.0,1.0,255,22,2,0,0,0,2643,3
36,3,2024,2024-03-01,27,2,Rio de Janeiro,3304557,Capital,2,0,1,3,0,,3,4,,113,8,1,36,36,12,8,56,7,3,3,0,0,0.0,0,0,0.0,9,78,23,2,9,9,3.0,98,144,0,2,0,165,1,1.0,0.0,0.0,15,50.0,0.0,10.0,1.0,136,17,1,0,0,0,1061,3
37,3,2024,2024-03-01,17,1,Rio de Janeiro,3304557,Capital,2,0,0,2,0,,2,2,,50,2,2,28,9,11,2,22,14,3,0,0,0,0.0,0,0,0.0,5,44,19,8,19,27,4.0,97,174,0,2,0,134,6,5.0,1.0,0.0,24,31.0,0.0,4.0,4.0,65,1,1,0,0,0,813,3
38,3,2024,2024-03-01,16,1,Rio de Janeiro,3304557,Capital,2,0,0,2,1,,3,7,,60,4,1,30,39,20,1,60,75,8,2,2,0,0.0,0,0,0.0,19,166,18,1,5,9,0.0,70,103,0,5,0,127,10,1.0,8.0,1.0,63,29.0,9.0,5.0,2.0,43,7,0,0,0,0,756,3
39,3,2024,2024-03-01,41,2,Rio de Janeiro,3304557,Capital,8,0,0,8,0,,8,3,,36,7,2,16,65,22,23,110,90,9,6,1,0,0.0,0,0,0.0,57,273,12,8,6,16,0.0,92,134,0,1,0,97,14,0.0,14.0,0.0,69,76.0,5.0,7.0,1.0,35,3,0,0,0,0,874,3
40,3,2024,2024-03-01,9,2,Rio de Janeiro,3304557,Capital,2,0,1,3,1,,4,4,,38,2,1,33,48,41,9,98,57,4,0,0,0,0.0,0,0,0.0,20,179,16,5,3,14,0.0,61,99,0,4,0,79,2,0.0,2.0,0.0,24,13.0,1.0,13.0,0.0,40,0,0,0,0,0,601,3
41,3,2024,2024-03-01,18,2,Rio de Janeiro,3304557,Capital,1,0,0,1,1,,2,2,,42,1,0,34,19,12,5,36,26,1,2,0,0,0.0,0,0,0.0,9,74,10,4,12,31,3.0,90,150,0,3,0,173,6,2.0,3.0,1.0,11,18.0,2.0,2.0,0.0,53,2,0,0,0,0,746,3
42,3,2024,2024-03-01,31,2,Rio de Janeiro,3304557,Capital,4,0,0,4,1,,5,6,,77,7,0,33,27,11,8,46,9,0,3,2,0,0.0,0,0,0.0,21,81,95,11,18,37,4.0,174,339,0,8,0,278,21,15.0,5.0,1.0,10,35.0,9.0,16.0,4.0,95,13,0,0,0,0,1383,3
43,3,2024,2024-03-01,27,2,Rio de Janeiro,3304557,Capital,8,0,0,8,0,,8,3,,112,9,0,22,10,9,1,20,5,0,2,0,0,0.0,0,0,0.0,5,32,12,1,2,15,3.0,33,66,0,2,0,95,0,0.0,0.0,0.0,5,16.0,0.0,4.0,1.0,84,10,0,0,0,0,599,3
44,3,2024,2024-03-01,3,1,Rio de Janeiro,3304557,Capital,1,0,1,2,1,,3,7,,39,2,2,38,37,24,6,67,95,1,0,1,0,0.0,0,0,0.0,36,200,15,8,13,14,1.0,73,124,0,1,0,77,8,2.0,6.0,0.0,17,23.0,0.0,12.0,0.0,34,2,0,0,0,0,739,3
48,3,2024,2024-03-01,24,3,Seropédica,3305554,Baixada Fluminense,1,0,0,1,0,,1,0,,37,2,3,8,6,5,0,11,9,1,0,0,0,0.0,0,0,0.0,1,22,6,1,0,3,1.0,20,31,0,0,0,52,1,1.0,0.0,0.0,8,10.0,0.0,2.0,1.0,26,3,0,0,0,0,290,3
50,3,2024,2024-03-01,24,3,Itaguaí,3302007,Baixada Fluminense,4,0,0,4,1,,5,5,,56,3,1,12,1,6,0,7,8,0,1,0,0,0.0,0,0,0.0,1,17,17,2,3,6,1.0,49,78,0,1,0,75,11,6.0,5.0,0.0,13,30.0,1.0,9.0,0.0,62,11,0,0,0,0,462,3
51,3,2024,2024-03-01,24,3,Paracambi,3303609,Baixada Fluminense,0,0,0,0,0,,0,0,,19,0,0,2,3,0,0,3,0,0,0,0,0,0.0,0,0,0.0,0,3,2,0,0,2,1.0,7,12,0,0,0,37,9,3.0,5.0,1.0,0,17.0,0.0,3.0,0.0,21,1,0,0,0,0,163,3
52,3,2024,2024-03-01,20,3,Nova Iguaçu,3303500,Baixada Fluminense,1,0,0,1,0,,1,1,,80,5,0,39,120,37,26,183,71,3,2,0,0,1.0,0,1,0.0,14,275,47,31,4,22,2.0,148,254,0,5,0,160,4,4.0,0.0,0.0,16,44.0,0.0,16.0,0.0,104,8,0,0,0,0,1360,3
53,3,2024,2024-03-01,20,3,Mesquita,3302858,Baixada Fluminense,3,0,0,3,2,,5,11,,73,0,0,27,45,17,6,68,28,5,5,1,0,0.0,0,1,0.0,6,114,26,5,3,9,1.0,41,85,0,1,0,78,6,2.0,3.0,1.0,13,26.0,0.0,32.0,0.0,52,4,0,0,0,0,641,3
54,3,2024,2024-03-01,39,3,Belford Roxo,3300456,Baixada Fluminense,16,0,0,16,1,,17,3,,143,15,1,46,57,148,7,212,124,14,1,3,0,0.0,0,1,0.0,10,365,37,12,2,19,1.0,93,164,0,7,2,229,15,3.0,11.0,1.0,56,69.0,4.0,35.0,1.0,167,22,0,0,0,0,1689,3
55,3,2024,2024-03-01,24,3,Queimados,3304144,Baixada Fluminense,4,0,0,4,0,,4,3,,71,6,2,15,23,17,1,41,1,1,2,2,0,0.0,0,0,0.0,3,50,11,8,1,7,1.0,81,109,0,9,0,78,12,4.0,5.0,3.0,9,67.0,4.0,11.0,0.0,57,7,0,0,0,0,616,3
56,3,2024,2024-03-01,20,3,Nova Iguaçu,3303500,Baixada Fluminense,7,0,0,7,0,,7,6,,89,11,0,35,65,30,19,114,48,1,2,1,0,0.0,0,0,0.0,17,183,21,4,3,14,0.0,63,105,0,4,1,79,9,0.0,9.0,0.0,19,51.0,3.0,7.0,0.0,124,12,0,0,0,0,861,3
57,3,2024,2024-03-01,20,3,Nilópolis,3303203,Baixada Fluminense,0,0,0,0,0,,0,3,,57,9,1,12,37,8,5,50,18,0,1,0,0,0.0,0,0,0.0,13,82,25,5,1,13,0.0,107,151,0,0,0,100,3,1.0,2.0,0.0,9,19.0,1.0,15.0,0.0,54,5,0,0,0,0,670,3
58,3,2024,2024-03-01,20,3,Nova Iguaçu,3303500,Baixada Fluminense,4,0,0,4,0,,4,4,,155,7,5,19,71,43,14,128,52,10,1,0,0,0.0,0,0,0.0,18,209,30,6,2,7,3.0,48,96,0,3,0,117,7,1.0,6.0,0.0,16,57.0,6.0,29.0,3.0,141,16,0,0,0,0,1159,3
59,3,2024,2024-03-01,15,3,Duque de Caxias,3301702,Baixada Fluminense,2,0,0,2,0,,2,6,,109,12,5,57,154,68,14,236,138,26,4,2,0,0.0,0,5,0.0,38,449,58,54,12,40,2.0,202,368,0,2,0,188,10,5.0,5.0,0.0,98,34.0,0.0,12.0,1.0,118,15,0,0,0,0,1783,3
60,3,2024,2024-03-01,15,3,Duque de Caxias,3301702,Baixada Fluminense,5,0,0,5,0,,5,8,,75,8,10,29,30,15,1,46,97,16,2,0,0,0.0,0,0,0.0,41,202,22,4,4,8,0.0,62,100,0,2,0,108,6,1.0,5.0,0.0,32,59.0,0.0,24.0,0.0,53,11,0,0,0,0,855,3
61,3,2024,2024-03-01,15,3,Duque de Caxias,3301702,Baixada Fluminense,1,0,0,1,0,,1,0,,12,2,0,4,2,1,0,3,13,1,0,0,0,0.0,0,0,0.0,1,18,2,0,2,1,3.0,14,22,0,1,0,22,4,3.0,1.0,0.0,6,23.0,1.0,2.0,0.0,21,1,0,0,0,0,197,3
62,3,2024,2024-03-01,15,3,Duque de Caxias,3301702,Baixada Fluminense,6,0,1,7,3,,10,3,,59,2,0,20,28,12,3,43,27,6,2,1,0,0.0,0,1,0.0,14,94,10,1,2,9,1.0,24,47,0,0,0,79,2,0.0,2.0,0.0,14,28.0,1.0,8.0,1.0,43,6,0,0,0,0,489,3
63,3,2024,2024-03-01,24,3,Japeri,3302270,Baixada Fluminense,2,0,0,2,0,,2,1,,51,2,1,4,6,0,0,6,2,0,0,1,0,0.0,0,0,0.0,1,10,5,0,1,3,0.0,22,31,0,0,0,23,7,3.0,3.0,1.0,4,17.0,1.0,12.0,3.0,28,3,0,0,0,0,258,3
64,3,2024,2024-03-01,21,3,São João de Meriti,3305109,Baixada Fluminense,10,0,0,10,3,,13,11,,109,11,3,48,106,26,26,158,93,10,3,4,0,1.0,0,3,0.0,49,321,32,11,11,17,0.0,133,204,0,10,0,355,20,2.0,17.0,1.0,48,79.0,15.0,22.0,1.0,158,24,0,0,0,0,1733,3
65,3,2024,2024-03-01,34,3,Magé,3302502,Baixada Fluminense,0,0,0,0,0,,0,0,,42,4,0,13,4,4,0,8,1,1,0,0,0,0.0,0,0,0.0,1,11,14,1,1,6,0.0,20,42,0,2,0,29,8,1.0,7.0,0.0,2,16.0,1.0,12.0,1.0,34,4,0,0,0,0,272,3
66,3,2024,2024-03-01,34,3,Magé,3302502,Baixada Fluminense,3,0,0,3,0,,3,7,,66,8,1,14,8,11,0,19,4,2,4,1,0,0.0,0,1,2.0,1,34,12,6,2,21,1.0,60,102,0,2,0,65,4,2.0,2.0,0.0,2,12.0,0.0,6.0,0.0,95,12,0,0,0,0,597,3
67,3,2024,2024-03-01,34,3,Guapimirim,3301850,Baixada Fluminense,0,0,0,0,0,,0,0,,11,5,0,8,2,0,0,2,3,0,0,0,0,0.0,0,0,0.0,1,6,5,0,0,1,0.0,16,22,0,1,0,24,6,1.0,4.0,1.0,0,4.0,2.0,9.0,0.0,23,1,0,0,0,0,191,3
1,4,2024,2024-04-01,5,1,Rio de Janeiro,3304557,Capital,0,0,0,0,0,,0,0,,5,1,0,5,36,16,7,59,0,0,0,0,0,0.0,0,0,0.0,4,63,6,108,13,77,5.0,93,302,0,4,0,109,3,1.0,0.0,2.0,0,34.0,11.0,18.0,7.0,19,0,0,0,0,0,659,3
4,4,2024,2024-04-01,5,1,Rio de Janeiro,3304557,Capital,1,0,0,1,0,,1,0,,22,2,2,12,38,31,7,76,2,0,0,0,0,0.0,0,0,0.0,9,87,9,57,14,152,0.0,78,310,0,1,2,42,14,5.0,9.0,0.0,4,29.0,11.0,15.0,6.0,15,3,1,0,0,0,666,3
5,4,2024,2024-04-01,5,1,Rio de Janeiro,3304557,Capital,0,0,0,0,0,,0,1,,51,4,0,5,102,122,19,243,2,0,1,0,0,0.0,0,0,2.0,12,260,10,98,12,161,8.0,119,408,0,4,0,151,4,3.0,0.0,1.0,2,53.0,13.0,21.0,3.0,31,5,0,0,0,0,1284,3
6,4,2024,2024-04-01,4,1,Rio de Janeiro,3304557,Capital,1,0,0,1,0,,1,1,,15,3,3,47,33,18,8,59,12,1,1,0,0,0.0,0,0,0.0,12,85,17,28,26,64,2.0,120,257,0,1,0,56,2,1.0,1.0,0.0,7,18.0,3.0,22.0,3.0,24,3,0,0,0,0,677,3
7,4,2024,2024-04-01,5,1,Rio de Janeiro,3304557,Capital,0,0,0,0,0,,0,0,,12,1,0,1,16,2,0,18,2,0,0,2,0,0.0,0,0,0.0,4,26,8,4,1,11,0.0,24,48,0,1,0,44,4,1.0,3.0,0.0,4,13.0,3.0,3.0,0.0,16,2,0,0,0,0,227,3
9,4,2024,2024-04-01,2,1,Rio de Janeiro,3304557,Capital,0,0,0,0,1,,1,0,,29,3,1,20,74,48,19,141,6,0,3,1,0,0.0,1,2,6.0,12,172,38,40,19,79,10.0,184,370,0,2,0,171,10,6.0,3.0,1.0,5,25.0,12.0,9.0,0.0,41,2,0,0,0,0,1224,3
10,4,2024,2024-04-01,2,1,Rio de Janeiro,3304557,Capital,0,0,0,0,0,,0,0,,15,5,1,22,52,47,2,101,8,0,8,1,0,0.0,0,0,1.0,13,132,27,28,23,116,23.0,204,421,0,4,0,164,3,3.0,0.0,0.0,1,14.0,3.0,32.0,0.0,28,3,0,0,0,0,1094,3
11,4,2024,2024-04-01,23,1,Rio de Janeiro,3304557,Capital,1,0,0,1,0,,1,1,,13,2,0,0,0,0,0,0,0,0,0,0,0,0.0,0,0,0.0,0,0,1,3,0,2,0.0,8,14,0,0,0,9,1,0.0,1.0,0.0,0,4.0,0.0,6.0,0.0,14,1,0,0,0,0,100,3
12,4,2024,2024-04-01,19,1,Rio de Janeiro,3304557,Capital,2,0,0,2,1,,3,2,,35,2,0,7,15,9,0,24,1,0,1,2,0,0.0,0,0,1.0,1,30,17,63,23,130,13.0,132,378,0,4,0,194,9,5.0,5.0,0.0,1,20.0,11.0,16.0,7.0,44,5,0,0,0,0,973,3
13,4,2024,2024-04-01,19,1,Rio de Janeiro,3304557,Capital,0,0,0,0,0,,0,0,,25,2,0,4,15,4,3,22,0,0,1,2,0,0.0,0,0,1.0,9,35,13,40,3,56,6.0,102,220,0,4,0,124,2,1.0,1.0,0.0,0,27.0,2.0,9.0,0.0,11,3,0,0,0,0,583,3
14,4,2024,2024-04-01,23,1,Rio de Janeiro,3304557,Capital,0,0,0,0,0,,0,1,,21,2,0,5,13,15,0,28,0,0,2,0,0,0.0,0,1,1.0,6,38,14,22,2,94,14.0,151,297,0,5,0,181,4,0.0,4.0,0.0,1,30.0,1.0,18.0,6.0,21,6,0,0,0,0,862,3
15,4,2024,2024-04-01,23,1,Rio de Janeiro,3304557,Capital,0,0,0,0,0,,0,0,,12,1,2,18,16,11,1,28,0,0,1,0,0,0.0,0,0,0.0,5,34,10,15,10,55,4.0,62,156,0,2,0,156,8,6.0,3.0,0.0,3,21.0,5.0,1.0,1.0,33,5,0,0,0,0,622,3
16,4,2024,2024-04-01,31,2,Rio de Janeiro,3304557,Capital,1,0,0,1,2,,3,7,,60,7,2,46,53,32,9,94,9,0,3,1,0,0.0,0,0,0.0,37,144,62,19,28,101,10.0,249,469,0,7,0,422,19,11.0,7.0,1.0,7,58.0,15.0,16.0,7.0,69,9,0,0,0,0,1825,3
17,4,2024,2024-04-01,4,1,Rio de Janeiro,3304557,Capital,1,0,0,1,0,,1,1,,16,0,4,42,23,23,19,65,23,3,1,0,0,0.0,0,1,0.0,20,113,21,13,21,47,0.0,97,199,0,0,0,59,12,4.0,7.0,1.0,11,33.0,1.0,19.0,5.0,24,5,0,0,0,0,732,3
18,4,2024,2024-04-01,6,1,Rio de Janeiro,3304557,Capital,1,0,0,1,0,,1,0,,23,3,0,20,48,90,7,145,22,0,1,0,0,0.0,0,0,2.0,17,187,10,42,22,214,0.0,133,421,0,2,0,90,13,11.0,2.0,0.0,7,17.0,3.0,3.0,1.0,24,3,0,0,0,0,1017,3
19,4,2024,2024-04-01,6,1,Rio de Janeiro,3304557,Capital,0,0,0,0,0,,0,1,,43,2,0,13,36,50,3,89,22,0,1,0,0,1.0,0,0,1.0,29,143,7,27,31,57,6.0,159,287,0,5,0,219,4,4.0,0.0,0.0,6,28.0,4.0,17.0,3.0,44,8,0,0,0,0,1024,3
20,4,2024,2024-04-01,6,1,Rio de Janeiro,3304557,Capital,4,0,0,4,0,,4,1,,48,4,2,23,44,31,0,75,23,0,0,0,0,0.0,0,0,0.0,31,129,14,17,17,55,2.0,121,226,0,4,0,133,2,0.0,2.0,0.0,11,11.0,4.0,8.0,1.0,29,1,0,0,0,0,835,3
21,4,2024,2024-04-01,22,1,Rio de Janeiro,3304557,Capital,7,0,0,7,0,,7,3,,78,4,3,48,49,35,43,127,58,22,0,0,0,0.0,0,1,0.0,31,239,31,21,36,59,1.0,210,358,0,6,0,205,12,9.0,2.0,1.0,103,62.0,4.0,40.0,4.0,61,14,0,0,0,0,1584,3
22,4,2024,2024-04-01,16,1,Rio de Janeiro,3304557,Capital,8,0,0,8,1,,9,3,,54,1,7,30,24,6,4,34,37,5,0,1,0,0.0,0,0,0.0,16,93,18,6,12,29,2.0,93,160,0,5,0,165,13,4.0,9.0,0.0,38,28.0,4.0,11.0,0.0,44,11,1,0,0,0,963,3
23,4,2024,2024-04-01,3,1,Rio de Janeiro,3304557,Capital,2,0,0,2,1,,3,0,,22,0,1,14,31,36,4,71,21,0,2,0,0,0.0,1,0,0.0,16,111,11,8,12,18,0.0,107,156,0,2,0,114,4,2.0,2.0,0.0,6,22.0,3.0,5.0,1.0,29,4,0,0,0,0,637,3
24,4,2024,2024-04-01,3,1,Rio de Janeiro,3304557,Capital,1,0,0,1,1,,2,5,,41,3,0,11,42,20,2,64,42,0,0,0,0,0.0,0,1,0.0,20,127,17,8,4,23,0.0,77,129,0,1,0,104,2,0.0,2.0,0.0,35,34.0,3.0,4.0,0.0,24,6,0,0,0,0,644,3
25,4,2024,2024-04-01,3,1,Rio de Janeiro,3304557,Capital,1,0,0,1,0,,1,0,,28,1,2,19,21,29,7,57,27,0,1,1,0,0.0,0,0,0.0,18,104,7,4,9,40,0.0,121,181,0,1,0,100,10,2.0,7.0,2.0,19,27.0,3.0,5.0,3.0,42,1,0,0,0,0,752,3
26,4,2024,2024-04-01,3,1,Rio de Janeiro,3304557,Capital,0,0,0,0,0,,0,0,,42,0,2,19,28,20,3,51,19,0,1,0,0,0.0,0,0,1.0,12,84,10,11,21,53,0.0,90,185,0,0,0,96,4,3.0,0.0,1.0,2,12.0,7.0,6.0,2.0,26,1,0,0,0,0,617,3
27,4,2024,2024-04-01,41,2,Rio de Janeiro,3304557,Capital,3,0,0,3,0,,3,0,,56,3,2,26,68,40,6,114,85,10,2,1,0,0.0,1,2,0.0,30,245,29,8,6,20,1.0,134,198,0,4,0,171,4,3.0,1.0,0.0,25,32.0,5.0,5.0,3.0,34,3,0,0,0,0,983,3
28,4,2024,2024-04-01,18,2,Rio de Janeiro,3304557,Capital,0,0,0,0,2,,2,2,,39,2,1,13,16,10,1,27,18,1,3,0,0,0.0,0,0,0.0,9,58,4,5,17,21,1.0,57,105,0,3,0,116,2,0.0,2.0,0.0,14,24.0,0.0,1.0,0.0,60,4,0,0,0,0,604,3
29,4,2024,2024-04-01,9,2,Rio de Janeiro,3304557,Capital,2,0,0,2,3,,5,3,,44,7,0,34,109,57,24,190,100,9,9,1,0,0.0,0,0,0.0,40,349,37,36,15,77,1.0,178,344,0,4,0,166,4,1.0,3.0,0.0,26,37.0,2.0,11.0,0.0,44,6,1,0,0,0,1272,3
30,4,2024,2024-04-01,9,2,Rio de Janeiro,3304557,Capital,2,0,0,2,0,,2,6,,66,4,0,23,31,36,4,71,51,0,0,2,0,0.0,0,0,1.0,7,132,13,2,7,23,2.0,50,97,0,3,0,122,2,0.0,2.0,0.0,3,31.0,0.0,40.0,2.0,68,4,2,0,0,0,754,3
31,4,2024,2024-04-01,41,2,Rio de Janeiro,3304557,Capital,1,0,0,1,2,,3,0,,49,7,2,10,29,19,7,55,27,0,1,2,0,0.0,0,0,0.0,13,98,20,1,4,16,0.0,40,81,0,2,0,88,4,0.0,4.0,0.0,53,19.0,0.0,2.0,1.0,45,7,2,0,0,0,575,3
32,4,2024,2024-04-01,18,2,Rio de Janeiro,3304557,Capital,9,0,0,9,2,,11,13,,154,15,1,72,64,39,8,111,43,0,4,2,0,0.0,1,3,0.0,27,191,43,11,19,80,4.0,332,489,0,7,0,503,9,4.0,5.0,0.0,32,80.0,7.0,27.0,1.0,183,18,0,0,0,0,2237,3
33,4,2024,2024-04-01,14,2,Rio de Janeiro,3304557,Capital,2,0,0,2,3,,5,7,,93,6,6,47,30,51,0,81,64,5,1,2,0,0.0,0,0,0.0,16,169,17,7,9,73,3.0,102,211,0,3,0,189,6,0.0,6.0,0.0,23,51.0,0.0,12.0,0.0,76,1,0,0,0,0,1094,3
34,4,2024,2024-04-01,14,2,Rio de Janeiro,3304557,Capital,2,0,1,3,4,,7,10,,131,7,5,54,63,31,9,103,68,10,4,2,0,0.0,0,0,3.0,11,201,21,24,10,51,1.0,109,216,0,2,0,288,19,1.0,17.0,1.0,40,95.0,2.0,119.0,3.0,112,20,1,0,0,0,1543,3
35,4,2024,2024-04-01,40,2,Rio de Janeiro,3304557,Capital,5,0,0,5,1,,6,3,,194,19,5,73,63,34,7,104,62,3,4,3,0,0.0,0,2,0.0,39,217,54,16,4,30,5.0,401,510,0,8,0,551,2,1.0,1.0,0.0,40,101.0,1.0,21.0,1.0,284,17,0,0,0,0,2703,3
36,4,2024,2024-04-01,27,2,Rio de Janeiro,3304557,Capital,10,0,0,10,0,,10,4,,142,15,3,30,49,16,8,73,8,0,2,1,0,0.0,0,0,0.0,2,86,26,4,9,10,5.0,145,199,0,10,0,180,0,0.0,0.0,0.0,16,31.0,0.0,3.0,0.0,132,15,0,0,1,0,1179,3
37,4,2024,2024-04-01,17,1,Rio de Janeiro,3304557,Capital,3,0,0,3,0,,3,2,,58,4,3,26,24,6,1,31,11,1,1,0,0,0.0,0,0,1.0,5,50,17,19,21,66,4.0,135,262,0,2,0,112,25,7.0,3.0,15.0,28,65.0,6.0,13.0,3.0,66,9,0,0,0,0,1021,3
38,4,2024,2024-04-01,16,1,Rio de Janeiro,3304557,Capital,3,0,0,3,1,,4,8,,67,10,3,41,42,20,1,63,73,4,1,1,0,0.0,0,0,0.0,16,158,30,2,4,12,0.0,44,92,0,2,0,100,8,2.0,6.0,0.0,38,35.0,6.0,6.0,6.0,47,4,0,0,0,0,704,3
39,4,2024,2024-04-01,41,2,Rio de Janeiro,3304557,Capital,4,1,0,5,2,,7,4,,55,2,1,21,54,40,22,116,109,15,0,1,0,0.0,0,0,0.0,49,290,9,24,4,28,0.0,63,128,0,0,0,117,8,0.0,8.0,0.0,75,34.0,1.0,11.0,1.0,38,6,0,0,0,0,941,3
40,4,2024,2024-04-01,9,2,Rio de Janeiro,3304557,Capital,2,0,0,2,4,,6,2,,48,2,0,23,65,31,5,101,54,5,1,2,0,1.0,0,0,0.0,20,184,12,7,2,10,0.0,58,89,0,2,0,71,3,1.0,2.0,0.0,29,16.0,4.0,22.0,0.0,48,4,1,0,0,0,644,3
41,4,2024,2024-04-01,18,2,Rio de Janeiro,3304557,Capital,0,0,0,0,1,,1,3,,25,0,0,32,21,12,1,34,17,1,3,1,0,0.0,0,0,0.0,6,62,8,9,12,34,1.0,62,126,0,6,0,170,1,0.0,1.0,0.0,12,12.0,4.0,1.0,0.0,38,3,0,0,0,0,686,3
42,4,2024,2024-04-01,31,2,Rio de Janeiro,3304557,Capital,0,0,0,0,4,,4,5,,76,4,2,32,23,14,10,47,4,1,3,1,0,0.0,0,1,2.0,14,73,69,6,18,61,11.0,167,332,0,9,0,288,19,13.0,7.0,0.0,10,35.0,3.0,10.0,3.0,102,8,0,0,0,0,1319,3
43,4,2024,2024-04-01,27,2,Rio de Janeiro,3304557,Capital,6,0,0,6,1,,7,6,,81,13,2,39,24,12,1,37,8,0,2,2,0,0.0,0,0,0.0,4,53,8,4,1,7,2.0,43,65,0,4,1,103,2,1.0,1.0,0.0,20,16.0,0.0,11.0,0.0,93,9,1,0,0,0,628,3
44,4,2024,2024-04-01,3,1,Rio de Janeiro,3304557,Capital,2,0,0,2,1,,3,9,,29,6,3,38,31,28,5,64,79,2,1,0,0,0.0,0,0,0.0,34,180,13,9,5,16,0.0,74,117,0,0,0,96,5,2.0,3.0,0.0,29,16.0,1.0,3.0,1.0,33,5,0,0,0,0,757,3
48,4,2024,2024-04-01,24,3,Seropédica,3305554,Baixada Fluminense,2,0,0,2,0,,2,11,,19,1,3,15,2,2,1,5,3,0,1,0,0,0.0,0,0,0.0,2,11,1,0,0,3,2.0,20,26,0,3,0,43,5,3.0,2.0,0.0,12,22.0,0.0,2.0,0.0,22,5,0,0,0,0,311,3
50,4,2024,2024-04-01,24,3,Itaguaí,3302007,Baixada Fluminense,4,0,0,4,0,,4,4,,61,2,1,19,10,4,1,15,8,1,0,0,0,0.0,0,0,1.0,2,27,6,3,0,5,4.0,36,54,0,0,0,77,3,3.0,0.0,0.0,7,21.0,3.0,10.0,0.0,58,1,0,0,0,0,413,3
51,4,2024,2024-04-01,24,3,Paracambi,3303609,Baixada Fluminense,0,0,0,0,0,,0,0,,29,3,2,4,0,0,0,0,0,1,0,0,0,0.0,0,0,0.0,0,1,4,0,0,1,1.0,10,16,0,1,0,33,12,8.0,3.0,1.0,1,11.0,0.0,3.0,0.0,27,1,0,0,0,0,166,3
52,4,2024,2024-04-01,20,3,Nova Iguaçu,3303500,Baixada Fluminense,2,0,0,2,0,,2,2,,59,2,4,39,109,64,9,182,71,2,4,0,0,0.0,0,0,0.0,18,277,41,19,4,27,3.0,155,249,0,4,0,190,11,10.0,1.0,0.0,25,53.0,0.0,15.0,0.0,78,5,0,0,0,0,1406,3
53,4,2024,2024-04-01,20,3,Mesquita,3302858,Baixada Fluminense,1,0,0,1,0,,1,1,,64,4,1,14,33,19,9,61,30,1,8,0,0,0.0,0,0,0.0,4,104,25,5,3,12,2.0,55,102,0,2,0,88,14,1.0,10.0,3.0,18,25.0,1.0,21.0,1.0,64,2,0,0,0,0,649,3
54,4,2024,2024-04-01,39,3,Belford Roxo,3300456,Baixada Fluminense,14,0,1,15,2,,17,8,,145,7,1,34,63,66,17,146,118,12,3,2,0,0.0,0,1,0.0,36,318,37,3,3,18,1.0,130,192,0,8,1,193,16,3.0,12.0,1.0,89,50.0,3.0,34.0,0.0,103,21,0,1,0,0,1433,3
55,4,2024,2024-04-01,24,3,Queimados,3304144,Baixada Fluminense,7,0,2,9,1,,10,9,,67,14,2,19,22,7,0,29,6,1,1,0,0,0.0,0,0,0.0,6,43,8,1,3,6,2.0,84,104,0,2,0,38,12,4.0,8.0,0.0,6,56.0,3.0,4.0,0.0,71,5,0,0,0,0,540,3
56,4,2024,2024-04-01,20,3,Nova Iguaçu,3303500,Baixada Fluminense,7,0,0,7,0,,7,4,,119,9,3,28,43,38,35,116,62,7,3,1,0,0.0,0,0,1.0,21,211,19,1,0,7,1.0,49,77,0,4,0,116,4,1.0,3.0,0.0,31,43.0,6.0,7.0,1.0,119,10,1,0,0,0,895,3
57,4,2024,2024-04-01,20,3,Nilópolis,3303203,Baixada Fluminense,0,0,0,0,0,,0,0,,52,2,0,20,40,26,4,70,23,1,3,1,0,0.0,0,0,0.0,15,113,32,6,1,20,1.0,122,182,0,3,0,124,1,0.0,1.0,0.0,8,30.0,0.0,10.0,0.0,48,3,0,0,0,0,789,3
58,4,2024,2024-04-01,20,3,Nova Iguaçu,3303500,Baixada Fluminense,5,0,0,5,0,,5,6,,160,9,6,43,69,48,7,124,63,9,2,4,0,0.0,1,0,0.0,16,219,23,1,0,8,3.0,41,76,0,0,0,132,7,4.0,1.0,2.0,19,35.0,1.0,14.0,0.0,136,16,0,0,0,0,1090,3
59,4,2024,2024-04-01,15,3,Duque de Caxias,3301702,Baixada Fluminense,3,0,0,3,0,,3,1,,110,7,3,67,78,59,8,145,117,16,4,2,0,0.0,0,3,0.0,29,316,40,64,13,47,0.0,168,332,0,6,0,188,4,2.0,2.0,0.0,152,41.0,3.0,14.0,0.0,114,22,0,0,0,0,1673,3
60,4,2024,2024-04-01,15,3,Duque de Caxias,3301702,Baixada Fluminense,4,0,0,4,1,,5,5,,61,7,16,34,35,27,2,64,95,21,2,1,0,0.0,0,0,0.0,18,201,38,2,3,4,2.0,55,104,0,3,0,89,13,3.0,10.0,0.0,44,39.0,1.0,11.0,1.0,57,13,0,1,0,0,861,3
61,4,2024,2024-04-01,15,3,Duque de Caxias,3301702,Baixada Fluminense,1,0,0,1,0,,1,4,,25,3,1,14,7,1,0,8,9,0,0,1,0,0.0,0,0,0.0,1,19,6,0,0,1,2.0,12,21,0,0,0,29,2,1.0,1.0,0.0,9,11.0,0.0,11.0,0.0,32,3,1,0,0,0,247,3
62,4,2024,2024-04-01,15,3,Duque de Caxias,3301702,Baixada Fluminense,1,1,0,2,0,,2,0,,59,7,0,14,37,8,0,45,18,4,2,0,0,0.0,0,0,0.0,6,75,25,2,1,1,3.0,22,54,0,3,1,98,5,0.0,5.0,0.0,12,19.0,0.0,7.0,0.0,51,4,0,0,0,0,495,3
63,4,2024,2024-04-01,24,3,Japeri,3302270,Baixada Fluminense,1,0,0,1,1,,2,6,,37,3,1,8,6,4,0,10,5,0,0,0,0,0.0,0,0,0.0,0,15,5,0,2,2,1.0,8,18,0,1,0,19,6,3.0,3.0,0.0,8,17.0,1.0,19.0,1.0,35,5,0,0,0,0,273,3
64,4,2024,2024-04-01,21,3,São João de Meriti,3305109,Baixada Fluminense,6,0,0,6,6,,12,7,,135,11,1,46,120,32,27,179,93,15,4,0,0,0.0,0,3,0.0,37,331,40,10,11,29,0.0,133,223,0,10,2,357,23,3.0,20.0,0.0,43,72.0,8.0,15.0,1.0,132,19,1,0,0,0,1791,3
65,4,2024,2024-04-01,34,3,Magé,3302502,Baixada Fluminense,1,0,0,1,0,,1,0,,23,3,0,8,3,0,0,3,2,0,0,0,0,0.0,0,0,0.0,2,7,9,1,2,4,0.0,21,37,0,1,0,56,8,1.0,6.0,1.0,2,14.0,1.0,13.0,1.0,34,5,0,0,0,0,295,3
66,4,2024,2024-04-01,34,3,Magé,3302502,Baixada Fluminense,2,0,0,2,0,,2,4,,77,6,1,22,8,4,1,13,6,1,0,0,0,0.0,0,0,0.0,3,23,18,5,0,8,4.0,62,97,0,1,0,65,4,0.0,3.0,1.0,6,33.0,0.0,6.0,0.0,80,9,4,0,0,0,580,3
67,4,2024,2024-04-01,34,3,Guapimirim,3301850,Baixada Fluminense,1,0,0,1,0,,1,4,,24,3,1,8,1,0,0,1,1,0,0,0,0,0.0,0,0,0.0,2,4,3,0,0,3,0.0,27,33,0,2,0,37,4,2.0,1.0,1.0,3,5.0,0.0,4.0,1.0,36,0,0,0,0,0,246,3
1,5,2024,2024-05-01,5,1,Rio de Janeiro,3304557,Capital,0,0,0,0,0,,0,0,,15,1,0,11,41,15,2,58,0,0,1,0,0,0.0,0,0,0.0,5,64,5,74,21,69,1.0,71,241,0,4,0,107,4,1.0,3.0,0.0,1,20.0,10.0,19.0,4.0,20,2,1,0,0,0,598,3
4,5,2024,2024-05-01,5,1,Rio de Janeiro,3304557,Capital,2,0,0,2,0,,2,0,,27,0,3,20,39,32,9,80,2,3,1,0,0,0.0,0,0,0.0,6,92,9,34,14,140,0.0,78,275,0,1,0,39,9,3.0,6.0,0.0,3,31.0,4.0,16.0,2.0,9,6,0,0,0,0,620,3
5,5,2024,2024-05-01,5,1,Rio de Janeiro,3304557,Capital,0,0,0,0,1,,1,0,,49,3,0,8,81,100,4,185,2,0,0,1,0,0.0,0,0,2.0,10,200,21,108,11,151,6.0,106,403,0,3,0,138,3,1.0,0.0,2.0,4,41.0,14.0,24.0,5.0,33,9,1,0,0,0,1202,3
6,5,2024,2024-05-01,4,1,Rio de Janeiro,3304557,Capital,0,0,0,0,1,,1,0,,25,3,1,29,29,20,15,64,43,2,2,0,0,0.0,0,0,0.0,14,125,7,20,26,45,1.0,85,184,0,0,0,59,3,2.0,1.0,0.0,29,28.0,8.0,18.0,1.0,27,3,0,0,0,0,658,3
7,5,2024,2024-05-01,5,1,Rio de Janeiro,3304557,Capital,0,0,1,1,0,,1,0,,5,0,0,1,23,7,6,36,1,0,0,0,0,0.0,0,0,0.0,3,40,11,4,1,9,1.0,26,52,0,0,0,34,6,1.0,2.0,3.0,5,7.0,0.0,0.0,0.0,13,1,0,0,0,0,232,3
9,5,2024,2024-05-01,2,1,Rio de Janeiro,3304557,Capital,0,0,1,1,0,,1,0,,25,2,1,21,84,41,17,142,15,0,1,0,0,0.0,0,0,6.0,13,177,18,44,9,107,12.0,240,430,0,4,0,160,8,3.0,5.0,0.0,3,40.0,11.0,24.0,0.0,24,5,0,0,0,0,1285,3
10,5,2024,2024-05-01,2,1,Rio de Janeiro,3304557,Capital,0,0,0,0,0,,0,0,,17,0,0,27,61,44,2,107,8,0,5,0,0,0.0,0,0,14.0,15,149,41,36,36,128,13.0,245,499,0,4,1,149,4,3.0,1.0,0.0,1,21.0,11.0,28.0,0.0,22,1,0,0,0,0,1166,3
11,5,2024,2024-05-01,23,1,Rio de Janeiro,3304557,Capital,0,0,0,0,0,,0,0,,12,3,0,1,0,0,0,0,0,0,0,0,0,0.0,0,0,0.0,1,1,1,1,1,2,0.0,9,14,0,1,0,15,0,0.0,0.0,0.0,1,0.0,0.0,7.0,0.0,3,1,0,0,0,0,79,3
12,5,2024,2024-05-01,19,1,Rio de Janeiro,3304557,Capital,0,0,0,0,0,,0,0,,50,1,0,13,48,43,2,93,2,0,0,2,0,0.0,0,1,2.0,9,109,14,199,16,499,15.0,248,991,0,4,0,220,6,4.0,2.0,0.0,0,34.0,6.0,31.0,9.0,40,11,0,0,0,0,1752,3
13,5,2024,2024-05-01,19,1,Rio de Janeiro,3304557,Capital,0,0,0,0,0,,0,0,,23,0,0,8,12,22,0,34,0,0,0,1,0,0.0,0,0,0.0,3,38,7,70,6,181,6.0,128,398,0,3,0,103,4,4.0,0.0,0.0,0,14.0,1.0,14.0,0.0,23,0,0,0,0,0,747,3
14,5,2024,2024-05-01,23,1,Rio de Janeiro,3304557,Capital,2,0,0,2,0,,2,1,,22,0,0,13,22,16,0,38,3,0,0,0,0,0.0,0,1,1.0,6,49,17,17,4,119,16.0,169,342,0,3,0,201,5,2.0,3.0,0.0,1,22.0,3.0,13.0,4.0,30,4,0,0,0,0,926,3
15,5,2024,2024-05-01,23,1,Rio de Janeiro,3304557,Capital,0,0,0,0,0,,0,1,,21,2,5,14,17,14,3,34,3,0,0,2,0,0.0,0,1,0.0,3,43,15,10,6,56,4.0,78,169,0,2,0,149,2,2.0,0.0,0.0,4,8.0,0.0,0.0,0.0,26,2,0,0,2,0,616,3
16,5,2024,2024-05-01,31,2,Rio de Janeiro,3304557,Capital,3,0,0,3,1,,4,17,,48,8,3,59,44,36,9,89,11,1,4,1,0,0.0,0,0,3.0,45,154,58,20,35,95,12.0,318,538,0,14,0,445,15,9.0,6.0,0.0,9,68.0,21.0,10.0,10.0,89,11,0,0,0,0,1992,3
17,5,2024,2024-05-01,4,1,Rio de Janeiro,3304557,Capital,2,0,0,2,0,,2,0,,30,4,2,39,33,31,26,90,33,6,1,0,0,0.0,0,0,0.0,16,146,18,20,25,61,0.0,82,206,0,1,0,78,4,1.0,3.0,0.0,19,36.0,4.0,16.0,2.0,20,2,0,0,0,0,752,3
18,5,2024,2024-05-01,6,1,Rio de Janeiro,3304557,Capital,0,0,0,0,0,,0,3,,15,0,0,22,51,106,8,165,63,1,4,1,0,0.0,0,0,0.0,26,260,9,36,17,217,1.0,151,431,0,4,0,94,6,6.0,0.0,0.0,1,12.0,5.0,14.0,0.0,27,1,0,0,0,0,1064,3
19,5,2024,2024-05-01,6,1,Rio de Janeiro,3304557,Capital,0,0,0,0,0,,0,2,,23,1,1,16,29,37,3,69,46,0,6,0,0,0.0,1,1,0.0,21,144,13,21,10,68,2.0,161,275,0,5,0,240,2,1.0,1.0,0.0,3,48.0,4.0,14.0,4.0,36,2,0,1,0,0,1000,3
20,5,2024,2024-05-01,6,1,Rio de Janeiro,3304557,Capital,0,0,0,0,0,,0,0,,25,1,1,4,35,22,1,58,30,1,2,0,0,0.0,0,0,0.0,20,111,3,6,21,43,3.0,112,188,0,3,0,135,5,3.0,2.0,0.0,12,17.0,2.0,6.0,0.0,40,4,0,0,0,0,739,3
21,5,2024,2024-05-01,22,1,Rio de Janeiro,3304557,Capital,1,1,1,3,3,,6,2,,71,11,3,64,59,37,67,163,130,24,2,3,0,0.0,0,1,0.0,48,371,40,19,29,56,1.0,222,367,0,3,0,210,21,9.0,10.0,3.0,163,59.0,7.0,42.0,7.0,68,8,0,0,0,0,1833,3
22,5,2024,2024-05-01,16,1,Rio de Janeiro,3304557,Capital,0,0,0,0,0,,0,0,,55,8,4,27,21,25,11,57,78,9,3,0,0,0.0,0,0,0.0,13,160,17,6,4,27,0.0,89,143,0,4,0,197,4,1.0,3.0,0.0,39,29.0,0.0,3.0,0.0,44,4,0,0,0,0,984,3
23,5,2024,2024-05-01,3,1,Rio de Janeiro,3304557,Capital,0,0,0,0,0,,0,1,,20,2,2,7,31,15,4,50,42,1,1,0,0,0.0,0,0,0.0,20,114,13,7,9,16,0.0,69,114,0,4,0,110,0,0.0,0.0,0.0,5,21.0,1.0,5.0,1.0,30,0,0,0,0,0,578,3
24,5,2024,2024-05-01,3,1,Rio de Janeiro,3304557,Capital,1,0,0,1,1,,2,7,,14,3,0,24,41,15,7,63,45,2,2,0,0,0.0,0,1,0.0,16,129,18,19,14,26,0.0,77,154,0,6,0,119,8,0.0,8.0,0.0,14,24.0,4.0,4.0,0.0,34,2,0,0,1,0,670,3
25,5,2024,2024-05-01,3,1,Rio de Janeiro,3304557,Capital,2,0,0,2,0,,2,0,,24,0,1,14,29,26,4,59,38,1,1,2,0,0.0,0,0,0.0,32,133,16,9,20,44,0.0,90,179,0,1,0,108,20,5.0,12.0,3.0,5,32.0,2.0,20.0,3.0,41,3,2,0,0,0,772,3
26,5,2024,2024-05-01,3,1,Rio de Janeiro,3304557,Capital,0,0,0,0,1,,1,1,,25,3,2,16,23,25,7,55,26,0,1,0,0,0.0,0,0,0.0,13,95,8,8,19,59,2.0,69,165,0,5,0,144,5,4.0,1.0,0.0,5,22.0,9.0,5.0,1.0,35,2,0,0,0,0,686,3
27,5,2024,2024-05-01,41,2,Rio de Janeiro,3304557,Capital,3,0,0,3,2,,5,2,,32,5,5,12,51,37,24,112,96,3,3,1,0,0.0,0,1,0.0,21,237,22,10,5,20,1.0,103,161,0,2,0,165,7,2.0,3.0,2.0,37,35.0,1.0,9.0,1.0,41,3,0,0,0,0,912,3
28,5,2024,2024-05-01,18,2,Rio de Janeiro,3304557,Capital,1,0,0,1,0,,1,2,,30,2,0,20,19,14,1,34,26,0,1,0,0,0.0,0,0,0.0,8,69,10,5,10,17,0.0,55,97,0,4,0,161,2,0.0,1.0,1.0,9,43.0,2.0,0.0,2.0,51,5,0,0,0,0,639,3
29,5,2024,2024-05-01,9,2,Rio de Janeiro,3304557,Capital,5,0,0,5,7,,12,7,,85,4,1,43,80,50,39,169,94,4,2,0,0,0.0,0,0,0.0,40,309,28,38,23,59,1.0,195,344,0,1,0,204,3,1.0,2.0,0.0,28,47.0,1.0,6.0,2.0,60,10,1,0,0,0,1398,3
30,5,2024,2024-05-01,9,2,Rio de Janeiro,3304557,Capital,0,0,0,0,1,,1,2,,65,2,1,15,34,20,3,57,57,0,3,0,0,1.0,0,1,0.0,8,127,19,6,13,29,0.0,61,128,0,2,0,144,3,1.0,2.0,0.0,12,29.0,1.0,41.0,0.0,61,3,0,0,0,0,795,3
31,5,2024,2024-05-01,41,2,Rio de Janeiro,3304557,Capital,2,0,0,2,2,,4,3,,41,5,1,23,19,16,4,39,47,2,1,0,0,0.0,0,0,0.0,17,106,13,3,3,14,0.0,37,70,0,2,0,114,4,1.0,3.0,0.0,32,24.0,0.0,7.0,1.0,37,9,0,0,0,0,622,3
32,5,2024,2024-05-01,18,2,Rio de Janeiro,3304557,Capital,11,0,0,11,2,,13,9,,166,18,2,66,51,53,14,118,46,2,5,0,0,0.0,0,0,0.0,33,204,42,12,32,62,7.0,279,434,0,16,1,490,21,3.0,17.0,1.0,24,101.0,11.0,17.0,7.0,190,15,2,0,0,0,2195,3
33,5,2024,2024-05-01,14,2,Rio de Janeiro,3304557,Capital,6,0,1,7,1,,8,5,,79,6,2,61,26,65,5,96,59,6,0,1,0,0.0,1,0,0.0,20,183,21,3,10,77,0.0,88,199,0,6,0,190,7,1.0,6.0,0.0,17,36.0,2.0,5.0,0.0,77,2,1,0,0,0,1067,3
34,5,2024,2024-05-01,14,2,Rio de Janeiro,3304557,Capital,7,0,0,7,3,,10,6,,142,11,3,46,65,37,11,113,56,17,0,5,0,0.0,0,0,0.0,21,212,24,18,8,40,3.0,143,236,0,3,2,326,31,4.0,21.0,6.0,36,72.0,3.0,96.0,2.0,138,15,0,0,0,0,1599,3
35,5,2024,2024-05-01,40,2,Rio de Janeiro,3304557,Capital,6,1,0,7,0,,7,2,,258,18,7,83,51,31,8,90,59,11,11,1,0,0.0,0,0,0.0,31,203,60,17,10,32,6.0,326,451,0,7,0,554,2,1.0,1.0,0.0,34,119.0,0.0,18.0,1.0,260,13,0,0,0,0,2701,3
36,5,2024,2024-05-01,27,2,Rio de Janeiro,3304557,Capital,5,1,1,7,0,,7,5,,133,11,9,35,27,14,8,49,13,0,0,1,0,0.0,0,0,0.0,8,71,24,9,4,21,1.0,102,161,0,5,0,204,2,1.0,1.0,0.0,22,30.0,0.0,6.0,0.0,117,17,0,0,0,0,1071,3
37,5,2024,2024-05-01,17,1,Rio de Janeiro,3304557,Capital,5,0,0,5,0,,5,1,,60,6,3,22,13,8,2,23,16,1,0,1,0,0.0,0,0,0.0,8,49,24,10,10,26,1.0,90,161,0,4,0,158,13,6.0,3.0,4.0,24,54.0,9.0,9.0,8.0,58,8,0,1,0,0,917,3
38,5,2024,2024-05-01,16,1,Rio de Janeiro,3304557,Capital,5,0,0,5,2,,7,12,,51,2,1,27,44,16,19,79,121,16,0,0,0,0.0,0,0,2.0,21,239,22,2,6,10,0.0,50,90,0,4,0,110,4,1.0,4.0,0.0,48,21.0,5.0,21.0,13.0,56,6,0,0,0,0,815,3
39,5,2024,2024-05-01,41,2,Rio de Janeiro,3304557,Capital,8,0,1,9,10,,19,7,,45,6,1,26,55,44,38,137,92,4,4,1,0,0.0,0,0,0.0,77,315,8,6,6,22,0.0,83,125,0,1,1,122,8,1.0,7.0,0.0,64,55.0,4.0,11.0,0.0,45,9,0,0,0,0,963,3
40,5,2024,2024-05-01,9,2,Rio de Janeiro,3304557,Capital,2,0,0,2,9,,11,2,,53,2,1,11,40,30,11,81,60,1,1,1,0,0.0,0,0,0.0,26,170,11,5,3,12,1.0,40,72,0,1,0,79,4,0.0,3.0,1.0,13,22.0,1.0,20.0,0.0,49,3,2,0,0,0,573,3
41,5,2024,2024-05-01,18,2,Rio de Janeiro,3304557,Capital,0,0,0,0,3,,3,1,,35,6,0,27,23,13,1,37,17,1,2,1,0,0.0,0,1,0.0,5,64,6,23,18,17,1.0,71,136,0,4,0,202,3,0.0,3.0,0.0,7,33.0,0.0,2.0,1.0,57,4,0,0,0,0,734,3
42,5,2024,2024-05-01,31,2,Rio de Janeiro,3304557,Capital,4,0,0,4,1,,5,6,,60,5,2,33,29,21,5,55,11,0,4,0,0,0.0,1,1,0.0,17,89,63,6,10,75,10.0,167,331,0,16,1,351,19,13.0,6.0,0.0,6,46.0,10.0,13.0,1.0,120,3,0,0,0,0,1418,3
43,5,2024,2024-05-01,27,2,Rio de Janeiro,3304557,Capital,2,0,0,2,0,,2,1,,67,4,7,31,25,20,4,49,4,0,1,1,0,0.0,0,0,0.0,0,55,12,1,4,9,3.0,55,84,0,3,0,135,1,0.0,1.0,0.0,6,31.0,2.0,4.0,0.0,129,7,0,0,0,0,702,3
44,5,2024,2024-05-01,3,1,Rio de Janeiro,3304557,Capital,0,0,0,0,0,,0,3,,23,1,2,28,31,28,6,65,47,2,0,0,0,0.0,0,0,0.0,22,136,9,3,3,15,1.0,78,109,0,4,0,126,5,1.0,4.0,0.0,16,20.0,0.0,4.0,1.0,32,2,0,0,0,0,635,3
48,5,2024,2024-05-01,24,3,Seropédica,3305554,Baixada Fluminense,5,0,0,5,0,,5,0,,20,7,4,14,7,3,0,10,10,1,0,1,0,0.0,0,0,0.0,1,23,1,0,1,2,2.0,12,18,0,0,0,45,5,3.0,2.0,0.0,9,15.0,0.0,3.0,0.0,24,5,0,0,0,0,281,3
50,5,2024,2024-05-01,24,3,Itaguaí,3302007,Baixada Fluminense,4,0,0,4,2,,6,2,,45,1,3,16,9,2,0,11,10,1,0,1,0,0.0,0,0,0.0,2,25,10,0,0,9,4.0,42,65,0,2,0,71,11,4.0,6.0,1.0,16,29.0,0.0,13.0,0.0,39,4,0,0,0,0,455,3
51,5,2024,2024-05-01,24,3,Paracambi,3303609,Baixada Fluminense,0,0,0,0,0,,0,1,,23,0,1,4,1,0,0,1,0,1,0,0,0,0.0,0,0,0.0,0,2,0,0,0,1,2.0,12,15,0,0,0,22,11,7.0,4.0,0.0,0,4.0,1.0,4.0,0.0,16,1,0,0,0,0,131,3
52,5,2024,2024-05-01,20,3,Nova Iguaçu,3303500,Baixada Fluminense,0,0,0,0,0,,0,0,,78,11,4,62,96,38,11,145,80,1,3,0,0,0.0,0,0,0.0,10,239,58,21,7,18,6.0,190,300,0,1,0,173,9,5.0,4.0,0.0,22,42.0,5.0,16.0,2.0,77,8,0,0,0,0,1430,3
53,5,2024,2024-05-01,20,3,Mesquita,3302858,Baixada Fluminense,1,0,0,1,0,,1,7,,61,8,2,25,49,32,6,87,47,2,3,0,0,0.0,0,0,0.0,5,144,30,3,1,10,0.0,53,97,0,2,0,102,8,0.0,6.0,2.0,16,22.0,4.0,20.0,0.0,81,5,0,0,0,0,715,3
54,5,2024,2024-05-01,39,3,Belford Roxo,3300456,Baixada Fluminense,14,0,0,14,2,,16,14,,115,7,3,37,32,114,8,154,107,16,1,0,0,0.0,0,3,0.0,29,310,44,7,5,12,2.0,93,163,0,1,0,184,25,5.0,18.0,3.0,80,68.0,4.0,37.0,2.0,125,12,2,0,0,0,1470,3
55,5,2024,2024-05-01,24,3,Queimados,3304144,Baixada Fluminense,3,0,0,3,3,,6,9,,73,11,0,21,14,14,0,28,9,2,1,0,0,0.0,0,0,0.0,3,43,10,3,0,1,1.0,78,93,0,2,0,55,7,2.0,5.0,0.0,7,62.0,0.0,9.0,0.0,72,3,1,0,0,0,552,3
56,5,2024,2024-05-01,20,3,Nova Iguaçu,3303500,Baixada Fluminense,3,0,0,3,1,,4,3,,120,12,1,32,63,35,23,121,44,2,3,1,0,0.0,1,0,0.0,17,189,26,2,1,12,1.0,62,104,0,4,0,110,6,1.0,5.0,0.0,18,41.0,4.0,5.0,1.0,96,8,0,0,0,0,851,3
57,5,2024,2024-05-01,20,3,Nilópolis,3303203,Baixada Fluminense,1,0,0,1,0,,1,3,,46,1,0,9,29,13,1,43,16,1,5,2,0,0.0,0,0,0.0,7,74,23,10,0,16,1.0,91,141,0,3,0,99,4,1.0,2.0,1.0,8,11.0,2.0,15.0,0.0,54,4,0,0,0,0,631,3
58,5,2024,2024-05-01,20,3,Nova Iguaçu,3303500,Baixada Fluminense,8,0,0,8,3,,11,12,,165,13,2,27,67,48,3,118,84,8,1,2,0,0.0,0,0,0.0,22,235,21,2,1,10,0.0,68,102,0,2,0,130,10,5.0,5.0,0.0,18,64.0,2.0,14.0,0.0,159,18,1,0,0,0,1178,3
59,5,2024,2024-05-01,15,3,Duque de Caxias,3301702,Baixada Fluminense,4,0,0,4,1,,5,16,,127,13,4,42,101,67,15,183,141,27,1,0,0,0.0,0,1,0.0,34,387,49,67,9,40,1.0,210,376,0,3,0,230,15,4.0,10.0,1.0,141,76.0,6.0,17.0,0.0,116,9,0,0,0,0,1905,3
60,5,2024,2024-05-01,15,3,Duque de Caxias,3301702,Baixada Fluminense,9,0,0,9,0,,9,14,,80,7,9,39,19,29,6,54,100,14,2,4,0,1.0,0,0,0.0,22,197,23,3,1,7,2.0,55,91,0,1,0,115,15,0.0,13.0,2.0,25,52.0,3.0,15.0,1.0,63,9,0,0,0,0,874,3
61,5,2024,2024-05-01,15,3,Duque de Caxias,3301702,Baixada Fluminense,2,0,0,2,0,,2,3,,22,1,1,15,3,0,0,3,3,0,1,0,0,0.0,0,0,0.0,2,9,3,0,0,6,2.0,12,23,0,0,0,30,1,1.0,0.0,0.0,8,9.0,0.0,1.0,0.0,27,1,1,0,0,0,191,3
62,5,2024,2024-05-01,15,3,Duque de Caxias,3301702,Baixada Fluminense,1,0,0,1,0,,1,0,,49,2,0,18,37,13,3,53,43,2,1,2,0,0.0,0,0,0.0,4,105,14,1,2,3,0.0,22,42,0,1,0,60,1,0.0,1.0,0.0,4,6.0,1.0,4.0,0.0,44,9,1,0,0,0,422,3
63,5,2024,2024-05-01,24,3,Japeri,3302270,Baixada Fluminense,3,0,0,3,4,,7,12,,51,3,0,3,5,2,0,7,3,0,0,1,0,0.0,0,0,0.0,2,13,3,0,1,3,1.0,11,19,0,1,0,20,11,2.0,9.0,0.0,13,32.0,3.0,12.0,0.0,46,9,1,0,0,0,319,3
64,5,2024,2024-05-01,21,3,São João de Meriti,3305109,Baixada Fluminense,6,0,0,6,5,,11,24,,130,8,4,84,131,24,29,184,90,16,4,1,0,0.0,0,2,0.0,37,334,48,9,8,18,1.0,111,195,0,11,0,373,12,0.0,12.0,0.0,33,77.0,8.0,19.0,0.0,147,16,1,0,0,0,1715,3
65,5,2024,2024-05-01,34,3,Magé,3302502,Baixada Fluminense,1,0,0,1,0,,1,1,,42,6,1,11,11,1,0,12,5,0,0,0,0,0.0,0,1,0.0,1,19,12,0,0,3,0.0,29,44,0,4,0,49,12,0.0,12.0,0.0,4,15.0,3.0,8.0,0.0,32,2,0,0,0,0,336,3
66,5,2024,2024-05-01,34,3,Magé,3302502,Baixada Fluminense,2,0,0,2,1,,3,3,,65,11,2,22,16,16,0,32,9,2,0,0,0,0.0,0,0,1.0,1,45,16,3,0,12,4.0,50,85,0,1,0,81,3,3.0,0.0,0.0,5,24.0,1.0,6.0,0.0,93,3,0,1,0,0,579,3
67,5,2024,2024-05-01,34,3,Guapimirim,3301850,Baixada Fluminense,2,0,0,2,0,,2,4,,21,6,1,13,1,3,0,4,2,1,0,0,0,0.0,0,0,1.0,0,8,0,0,0,2,4.0,24,30,0,1,0,42,6,3.0,2.0,1.0,2,3.0,0.0,4.0,0.0,33,1,0,0,0,0,239,3
1,6,2024,2024-06-01,5,1,Rio de Janeiro,3304557,Capital,0,0,0,0,0,,0,0,,9,0,0,3,33,14,4,51,1,0,2,0,0,0.0,0,0,0.0,3,57,6,70,16,69,2.0,64,227,0,2,0,93,1,0.0,1.0,0.0,0,20.0,5.0,27.0,1.0,18,1,0,0,0,0,550,3
4,6,2024,2024-06-01,5,1,Rio de Janeiro,3304557,Capital,0,0,0,0,0,,0,2,,38,1,2,14,24,24,8,56,5,1,0,2,0,1.0,0,0,0.0,5,70,7,23,11,99,0.0,98,238,0,3,1,41,11,3.0,8.0,0.0,1,36.0,4.0,24.0,2.0,17,5,0,0,0,0,584,3
5,6,2024,2024-06-01,5,1,Rio de Janeiro,3304557,Capital,1,0,0,1,0,,1,1,,43,4,0,12,103,93,2,198,5,0,4,0,0,0.0,0,0,0.0,9,216,11,84,13,179,7.0,98,392,0,3,0,160,9,2.0,7.0,0.0,2,57.0,13.0,31.0,4.0,37,5,1,0,0,0,1215,3
6,6,2024,2024-06-01,4,1,Rio de Janeiro,3304557,Capital,3,0,0,3,1,,4,1,,28,1,2,48,19,12,16,47,24,4,2,1,0,0.0,0,0,0.0,5,83,9,14,24,21,0.0,64,132,0,0,0,57,7,1.0,6.0,0.0,19,44.0,1.0,18.0,1.0,25,5,0,0,0,0,538,3
7,6,2024,2024-06-01,5,1,Rio de Janeiro,3304557,Capital,0,0,0,0,0,,0,0,,11,1,0,3,25,2,1,28,3,0,0,1,0,0.0,0,0,0.0,1,33,3,6,2,6,0.0,27,44,0,1,0,37,1,1.0,0.0,0.0,4,10.0,0.0,4.0,0.0,14,1,0,0,0,0,206,3
9,6,2024,2024-06-01,2,1,Rio de Janeiro,3304557,Capital,0,0,0,0,0,,0,0,,37,3,2,14,92,29,5,126,21,0,1,3,0,0.0,1,0,2.0,16,170,13,51,14,72,10.0,181,341,0,8,0,214,5,2.0,2.0,1.0,1,34.0,21.0,37.0,1.0,30,1,0,0,0,0,1194,3
10,6,2024,2024-06-01,2,1,Rio de Janeiro,3304557,Capital,1,0,0,1,0,,1,1,,30,1,0,19,94,42,4,140,18,0,1,0,0,0.0,0,0,13.0,18,190,16,25,15,93,10.0,194,353,0,5,0,154,10,7.0,3.0,0.0,4,31.0,6.0,6.0,2.0,27,4,1,0,0,0,1016,3
11,6,2024,2024-06-01,23,1,Rio de Janeiro,3304557,Capital,0,0,0,0,0,,0,0,,13,2,0,0,0,1,0,1,0,0,0,0,0,0.0,0,0,0.0,0,1,2,4,2,3,0.0,6,17,0,0,0,15,1,0.0,1.0,0.0,0,0.0,0.0,2.0,0.0,5,0,0,0,0,0,80,3
12,6,2024,2024-06-01,19,1,Rio de Janeiro,3304557,Capital,1,0,0,1,0,,1,5,,42,5,0,14,19,18,2,39,1,0,4,2,0,0.0,0,0,1.0,4,51,11,41,9,95,14.0,138,308,0,3,0,224,5,5.0,0.0,0.0,2,22.0,8.0,24.0,4.0,47,4,0,0,0,0,936,3
13,6,2024,2024-06-01,19,1,Rio de Janeiro,3304557,Capital,0,0,0,0,0,,0,0,,15,2,0,6,9,8,0,17,0,0,1,1,0,0.0,0,0,0.0,5,24,10,24,7,26,9.0,79,155,0,2,0,128,3,3.0,0.0,0.0,0,10.0,0.0,20.0,1.0,9,2,0,0,0,0,543,3
14,6,2024,2024-06-01,23,1,Rio de Janeiro,3304557,Capital,0,0,0,0,0,,0,0,,16,1,1,9,11,8,0,19,3,0,1,0,0,0.0,0,0,0.0,6,29,14,22,3,98,14.0,169,320,0,7,0,177,3,2.0,1.0,0.0,2,23.0,8.0,15.0,6.0,23,3,0,0,0,0,838,3
15,6,2024,2024-06-01,23,1,Rio de Janeiro,3304557,Capital,0,0,0,0,0,,0,1,,13,2,2,9,15,19,0,34,6,0,1,1,0,0.0,0,0,0.0,6,48,15,14,5,59,4.0,84,181,0,4,0,156,8,7.0,2.0,0.0,6,23.0,2.0,4.0,1.0,16,1,0,0,0,0,639,3
16,6,2024,2024-06-01,31,2,Rio de Janeiro,3304557,Capital,1,0,0,1,2,,3,7,,72,3,6,62,68,32,15,115,3,0,2,0,0,0.0,0,0,1.0,44,165,45,23,23,81,4.0,323,499,0,9,0,386,17,6.0,10.0,1.0,2,70.0,18.0,19.0,7.0,70,13,1,0,0,0,1804,3
17,6,2024,2024-06-01,4,1,Rio de Janeiro,3304557,Capital,2,0,0,2,1,,3,1,,33,1,2,24,18,24,15,57,32,10,0,0,0,0.0,0,0,0.0,19,118,20,11,11,51,1.0,95,189,0,1,1,58,7,2.0,4.0,1.0,19,26.0,1.0,14.0,3.0,30,9,1,0,0,0,726,3
18,6,2024,2024-06-01,6,1,Rio de Janeiro,3304557,Capital,0,1,0,1,0,,1,5,,20,2,0,32,62,103,6,171,43,0,1,0,0,0.0,0,0,0.0,16,231,8,36,16,173,6.0,168,407,0,1,0,89,14,12.0,2.0,0.0,6,17.0,2.0,9.0,2.0,23,0,0,0,0,0,1100,3
19,6,2024,2024-06-01,6,1,Rio de Janeiro,3304557,Capital,0,1,0,1,0,,1,2,,22,2,0,15,39,20,5,64,33,0,2,1,0,0.0,0,1,0.0,31,132,13,18,26,35,5.0,140,237,0,6,1,210,2,0.0,1.0,1.0,6,23.0,3.0,7.0,4.0,38,5,0,0,0,0,933,3
20,6,2024,2024-06-01,6,1,Rio de Janeiro,3304557,Capital,2,0,0,2,0,,2,4,,24,1,0,10,34,23,2,59,27,1,1,0,0,0.0,0,0,1.0,20,109,3,16,20,36,4.0,139,218,0,0,2,140,4,4.0,0.0,0.0,11,32.0,4.0,7.0,0.0,37,3,0,1,0,0,768,3
21,6,2024,2024-06-01,22,1,Rio de Janeiro,3304557,Capital,6,0,2,8,4,,12,7,,69,4,4,47,46,41,66,153,68,23,3,0,0,0.0,0,1,0.0,40,288,26,14,22,46,2.0,227,337,0,4,1,230,16,9.0,6.0,1.0,171,80.0,6.0,57.0,9.0,58,16,0,0,2,0,1741,3
22,6,2024,2024-06-01,16,1,Rio de Janeiro,3304557,Capital,4,0,0,4,0,,4,8,,35,6,1,28,37,25,17,79,46,11,1,1,0,0.0,1,0,0.0,5,144,25,6,11,11,0.0,92,145,0,3,0,181,7,3.0,3.0,1.0,35,29.0,1.0,9.0,0.0,44,9,0,0,0,0,945,3
23,6,2024,2024-06-01,3,1,Rio de Janeiro,3304557,Capital,0,0,0,0,0,,0,0,,14,1,1,10,21,20,3,44,17,0,0,0,0,0.0,0,0,0.0,9,70,14,8,17,16,0.0,98,153,0,1,0,118,0,0.0,0.0,0.0,9,21.0,0.0,5.0,0.0,17,1,0,0,0,0,576,3
24,6,2024,2024-06-01,3,1,Rio de Janeiro,3304557,Capital,1,0,0,1,0,,1,0,,45,2,2,28,41,10,2,53,47,0,2,2,0,0.0,0,0,0.0,16,120,16,11,8,37,1.0,81,154,0,2,0,109,3,2.0,1.0,0.0,5,17.0,0.0,6.0,0.0,45,5,1,0,0,0,622,3
25,6,2024,2024-06-01,3,1,Rio de Janeiro,3304557,Capital,1,0,0,1,0,,1,0,,32,4,3,18,29,31,8,68,29,1,6,0,0,0.0,0,0,0.0,29,133,5,7,19,39,1.0,79,150,0,3,0,126,12,4.0,8.0,0.0,8,31.0,4.0,11.0,6.0,47,2,1,0,0,0,695,3
26,6,2024,2024-06-01,3,1,Rio de Janeiro,3304557,Capital,1,0,0,1,2,,3,5,,34,4,0,22,46,21,3,70,30,0,1,0,0,0.0,1,1,0.0,5,108,5,12,26,43,1.0,89,176,0,2,0,109,3,2.0,0.0,1.0,10,16.0,3.0,5.0,0.0,27,5,1,0,0,0,715,3
27,6,2024,2024-06-01,41,2,Rio de Janeiro,3304557,Capital,2,0,0,2,0,,2,3,,74,3,1,29,55,38,22,115,97,13,1,0,0,0.0,0,1,0.0,17,244,23,7,7,26,5.0,106,174,0,4,0,148,7,1.0,5.0,1.0,46,49.0,4.0,5.0,0.0,64,8,1,0,0,0,998,3
28,6,2024,2024-06-01,18,2,Rio de Janeiro,3304557,Capital,1,0,0,1,0,,1,1,,33,6,0,19,6,16,1,23,19,0,8,0,0,0.0,0,0,0.0,3,53,8,2,14,12,0.0,45,81,0,2,1,126,7,1.0,6.0,0.0,13,12.0,2.0,4.0,0.0,28,3,0,0,0,0,534,3
29,6,2024,2024-06-01,9,2,Rio de Janeiro,3304557,Capital,8,0,0,8,5,,13,5,,39,2,2,23,69,43,19,131,68,2,0,1,0,0.0,0,1,0.0,44,247,22,23,13,53,1.0,207,319,0,0,0,202,5,1.0,4.0,0.0,19,63.0,1.0,10.0,2.0,52,3,3,0,0,0,1204,3
30,6,2024,2024-06-01,9,2,Rio de Janeiro,3304557,Capital,1,0,0,1,1,,2,0,,46,1,0,20,24,30,3,57,37,2,2,0,0,0.0,0,1,0.0,6,105,14,8,5,13,0.0,56,96,0,2,0,101,4,2.0,2.0,0.0,14,22.0,1.0,33.0,0.0,52,4,1,0,0,0,648,3
31,6,2024,2024-06-01,41,2,Rio de Janeiro,3304557,Capital,1,0,0,1,0,,1,4,,31,1,1,15,31,16,16,63,62,5,2,0,0,0.0,0,1,0.0,13,146,13,3,2,16,1.0,51,86,0,0,0,108,3,0.0,3.0,0.0,50,15.0,0.0,4.0,0.0,34,4,0,0,0,0,639,3
32,6,2024,2024-06-01,18,2,Rio de Janeiro,3304557,Capital,12,0,0,12,5,,17,12,,129,11,1,69,46,50,6,102,45,1,6,0,0,0.0,0,2,0.0,29,185,29,10,22,73,6.0,304,444,0,10,1,460,11,2.0,8.0,1.0,21,88.0,4.0,14.0,3.0,163,24,1,0,0,0,2043,3
33,6,2024,2024-06-01,14,2,Rio de Janeiro,3304557,Capital,6,1,0,7,7,,14,2,,61,4,4,64,14,52,3,69,46,6,0,2,0,0.0,0,0,0.0,20,143,21,7,7,74,2.0,96,207,0,1,1,216,8,2.0,5.0,1.0,22,66.0,1.0,9.0,0.0,66,6,1,0,0,0,1114,3
34,6,2024,2024-06-01,14,2,Rio de Janeiro,3304557,Capital,5,0,0,5,4,,9,11,,144,18,8,63,47,42,15,104,52,6,2,1,0,0.0,0,1,1.0,16,183,21,18,13,32,3.0,119,206,0,5,0,298,14,2.0,8.0,4.0,39,60.0,0.0,58.0,3.0,127,6,1,0,0,0,1453,3
35,6,2024,2024-06-01,40,2,Rio de Janeiro,3304557,Capital,4,0,1,5,0,,5,8,,197,19,9,98,49,42,3,94,53,6,4,4,0,0.0,1,0,0.0,26,188,46,20,5,30,1.0,319,421,0,13,0,603,4,1.0,3.0,0.0,32,101.0,0.0,31.0,0.0,258,16,0,0,0,0,2577,3
36,6,2024,2024-06-01,27,2,Rio de Janeiro,3304557,Capital,5,0,0,5,1,,6,7,,100,5,2,29,30,13,6,49,14,0,3,0,0,0.0,0,0,0.0,2,68,9,5,3,14,2.0,112,145,0,4,0,194,1,0.0,1.0,0.0,14,39.0,0.0,9.0,1.0,101,12,1,0,0,0,1053,3
37,6,2024,2024-06-01,17,1,Rio de Janeiro,3304557,Capital,0,0,0,0,0,,0,0,,60,10,2,25,12,11,1,24,8,2,0,0,0,0.0,0,0,0.0,3,37,22,6,5,24,4.0,89,150,0,4,0,145,25,6.0,3.0,16.0,30,34.0,5.0,10.0,0.0,57,8,0,0,0,0,876,3
38,6,2024,2024-06-01,16,1,Rio de Janeiro,3304557,Capital,4,0,0,4,1,,5,8,,50,4,3,41,31,28,6,65,73,9,2,2,0,0.0,0,0,0.0,15,166,13,1,4,8,0.0,49,75,0,4,0,94,7,1.0,5.0,1.0,42,22.0,5.0,25.0,0.0,39,3,0,0,0,0,655,3
39,6,2024,2024-06-01,41,2,Rio de Janeiro,3304557,Capital,5,0,0,5,0,,5,5,,51,6,5,21,61,48,32,141,81,1,7,0,0,0.0,0,0,0.0,52,282,17,5,7,41,0.0,85,155,0,0,0,148,7,0.0,6.0,1.0,57,42.0,4.0,5.0,2.0,34,6,0,0,0,0,963,3
40,6,2024,2024-06-01,9,2,Rio de Janeiro,3304557,Capital,0,0,0,0,0,,0,1,,37,2,0,18,40,44,5,89,45,1,0,2,0,0.0,0,2,0.0,29,168,8,9,0,21,0.0,49,87,0,3,0,70,3,1.0,2.0,0.0,11,30.0,4.0,15.0,0.0,35,3,0,0,0,0,566,3
41,6,2024,2024-06-01,18,2,Rio de Janeiro,3304557,Capital,1,0,0,1,7,,8,3,,23,3,0,33,15,17,1,33,17,1,1,1,0,0.0,0,2,1.0,6,62,5,4,19,25,5.0,76,134,0,0,0,187,2,0.0,2.0,0.0,6,22.0,1.0,2.0,0.0,42,2,0,0,0,0,731,3
42,6,2024,2024-06-01,31,2,Rio de Janeiro,3304557,Capital,0,0,1,1,0,,1,6,,66,3,0,29,36,18,22,76,10,1,0,2,0,0.0,0,0,3.0,22,114,55,10,4,44,1.0,155,269,0,9,0,299,37,23.0,10.0,4.0,3,31.0,10.0,7.0,2.0,84,4,0,0,0,0,1277,3
43,6,2024,2024-06-01,27,2,Rio de Janeiro,3304557,Capital,0,1,0,1,0,,1,2,,80,15,4,38,16,11,1,28,10,1,0,1,0,0.0,0,0,0.0,1,41,10,2,1,10,1.0,36,60,0,5,0,121,1,1.0,0.0,0.0,9,20.0,0.0,3.0,2.0,69,5,0,0,0,0,607,3
44,6,2024,2024-06-01,3,1,Rio de Janeiro,3304557,Capital,1,0,0,1,2,,3,4,,26,2,1,39,31,25,7,63,29,1,1,1,0,0.0,0,0,0.0,17,112,6,7,2,14,0.0,76,105,0,2,0,87,6,1.0,4.0,1.0,12,14.0,1.0,7.0,1.0,25,4,1,0,0,0,612,3
48,6,2024,2024-06-01,24,3,Seropédica,3305554,Baixada Fluminense,4,1,0,5,0,,5,3,,21,1,2,16,8,4,0,12,3,0,1,0,0,0.0,0,0,0.0,1,17,2,0,0,2,1.0,15,20,0,2,0,48,4,2.0,2.0,0.0,7,23.0,0.0,3.0,0.0,20,4,1,0,0,0,260,3
50,6,2024,2024-06-01,24,3,Itaguaí,3302007,Baixada Fluminense,1,1,0,2,0,,2,1,,42,2,3,15,8,5,1,14,0,0,0,0,0,0.0,0,0,0.0,5,19,9,5,0,32,2.0,59,107,0,4,0,81,5,2.0,3.0,0.0,8,25.0,0.0,11.0,1.0,47,1,0,0,0,0,499,3
51,6,2024,2024-06-01,24,3,Paracambi,3303609,Baixada Fluminense,0,0,0,0,0,,0,1,,26,1,1,1,1,1,0,2,1,0,1,0,0,0.0,0,0,0.0,0,4,0,0,0,1,0.0,4,5,0,0,0,20,11,5.0,4.0,2.0,0,9.0,0.0,4.0,0.0,19,1,0,0,0,0,128,3
52,6,2024,2024-06-01,20,3,Nova Iguaçu,3303500,Baixada Fluminense,1,1,0,2,0,,2,2,,63,5,0,33,92,51,9,152,97,0,3,1,0,0.0,0,1,1.0,16,271,37,17,3,43,3.0,153,256,0,4,0,205,3,3.0,0.0,0.0,24,40.0,2.0,33.0,3.0,103,3,0,0,0,0,1384,3
53,6,2024,2024-06-01,20,3,Mesquita,3302858,Baixada Fluminense,1,0,0,1,0,,1,9,,46,4,2,20,46,18,10,74,35,3,2,0,0,0.0,0,0,0.0,5,119,21,2,4,9,4.0,54,94,0,1,0,97,10,2.0,8.0,0.0,16,25.0,2.0,13.0,2.0,39,2,0,0,0,0,611,3
54,6,2024,2024-06-01,39,3,Belford Roxo,3300456,Baixada Fluminense,8,0,0,8,0,,8,9,,139,21,4,35,47,140,11,198,146,17,3,2,0,0.0,0,0,0.0,15,381,47,18,1,14,0.0,89,169,0,9,3,198,25,2.0,24.0,1.0,80,59.0,6.0,18.0,4.0,143,11,1,0,0,0,1470,3
55,6,2024,2024-06-01,24,3,Queimados,3304144,Baixada Fluminense,1,0,0,1,0,,1,2,,68,4,3,19,16,7,1,24,6,2,3,1,0,0.0,0,0,1.0,5,42,10,2,0,4,3.0,65,84,0,2,0,40,8,2.0,6.0,0.0,5,50.0,2.0,16.0,1.0,37,8,1,0,0,0,502,3
56,6,2024,2024-06-01,20,3,Nova Iguaçu,3303500,Baixada Fluminense,5,0,0,5,0,,5,1,,95,8,0,26,40,49,20,109,45,2,0,1,0,0.0,0,0,0.0,9,166,22,1,3,11,3.0,44,84,0,1,0,114,9,2.0,7.0,0.0,18,41.0,0.0,8.0,1.0,103,10,1,0,0,0,754,3
57,6,2024,2024-06-01,20,3,Nilópolis,3303203,Baixada Fluminense,1,0,0,1,0,,1,3,,46,7,0,14,18,28,3,49,33,1,0,0,0,0.0,0,0,1.0,12,96,19,3,1,11,2.0,89,125,0,1,0,120,2,0.0,1.0,1.0,15,28.0,0.0,19.0,0.0,59,2,0,0,0,0,689,3
58,6,2024,2024-06-01,20,3,Nova Iguaçu,3303500,Baixada Fluminense,10,0,0,10,1,,11,8,,147,11,7,46,45,41,22,108,83,6,2,1,0,0.0,0,0,0.0,18,218,22,1,0,18,3.0,59,103,0,0,0,164,4,2.0,2.0,0.0,19,37.0,3.0,9.0,1.0,117,9,0,0,0,0,1170,3
59,6,2024,2024-06-01,15,3,Duque de Caxias,3301702,Baixada Fluminense,5,0,1,6,2,,8,6,,146,14,5,60,117,119,19,255,145,24,1,2,0,0.0,0,4,0.0,42,473,33,71,15,45,3.0,182,349,0,6,2,200,14,3.0,11.0,0.0,162,76.0,11.0,14.0,0.0,128,16,1,0,0,0,1946,3
60,6,2024,2024-06-01,15,3,Duque de Caxias,3301702,Baixada Fluminense,7,0,0,7,5,,12,16,,50,4,3,22,20,24,16,60,120,24,0,0,0,0.0,0,0,0.0,16,220,23,4,1,8,3.0,56,95,0,4,0,129,16,0.0,16.0,0.0,33,49.0,5.0,16.0,1.0,66,9,1,0,0,0,883,3
61,6,2024,2024-06-01,15,3,Duque de Caxias,3301702,Baixada Fluminense,1,0,0,1,0,,1,2,,25,3,2,6,1,0,0,1,3,2,2,1,0,0.0,0,0,0.0,2,11,3,1,0,6,1.0,15,26,0,0,0,29,1,0.0,1.0,0.0,5,12.0,0.0,1.0,0.0,27,1,0,0,0,0,178,3
62,6,2024,2024-06-01,15,3,Duque de Caxias,3301702,Baixada Fluminense,0,0,0,0,1,,1,2,,44,3,1,18,33,10,3,46,54,7,3,0,0,0.0,0,0,0.0,15,125,16,0,0,3,3.0,31,53,0,0,2,54,10,1.0,9.0,0.0,7,20.0,1.0,9.0,0.0,38,5,0,0,0,0,408,3
63,6,2024,2024-06-01,24,3,Japeri,3302270,Baixada Fluminense,2,0,0,2,8,,10,4,,34,1,0,4,15,6,1,22,3,0,1,1,0,0.0,1,0,0.0,3,31,3,1,0,1,1.0,19,25,0,1,0,14,9,3.0,6.0,0.0,5,18.0,1.0,14.0,0.0,23,4,0,0,0,0,306,3
64,6,2024,2024-06-01,21,3,São João de Meriti,3305109,Baixada Fluminense,9,0,0,9,3,,12,20,,120,13,3,59,97,31,56,184,104,16,5,3,0,0.0,1,1,0.0,26,340,65,16,4,31,1.0,112,229,0,14,0,343,20,4.0,17.0,0.0,58,84.0,15.0,22.0,0.0,121,20,0,1,0,0,1727,3
65,6,2024,2024-06-01,34,3,Magé,3302502,Baixada Fluminense,1,0,0,1,1,,2,1,,18,5,0,11,3,1,0,4,3,0,0,0,0,0.0,0,0,0.0,0,7,9,1,0,5,2.0,16,33,0,0,0,44,12,4.0,9.0,0.0,2,12.0,4.0,24.0,0.0,17,2,0,0,0,0,279,3
66,6,2024,2024-06-01,34,3,Magé,3302502,Baixada Fluminense,3,0,0,3,0,,3,3,,44,4,1,11,14,15,0,29,5,2,0,1,0,0.0,0,0,0.0,1,38,32,6,0,25,10.0,64,137,0,0,0,91,3,1.0,2.0,0.0,4,26.0,0.0,3.0,0.0,72,12,0,0,0,0,619,3
67,6,2024,2024-06-01,34,3,Guapimirim,3301850,Baixada Fluminense,2,0,0,2,0,,2,0,,24,6,0,16,0,1,0,1,1,1,0,1,0,0.0,0,0,0.0,3,7,0,0,0,3,1.0,17,21,0,0,0,39,4,1.0,2.0,1.0,3,14.0,0.0,4.0,0.0,27,1,0,0,0,0,234,3
1,7,2024,2024-07-01,5,1,Rio de Janeiro,3304557,Capital,0,0,0,0,0,,0,0,,16,0,0,4,29,22,4,55,1,0,0,0,0,0.0,0,1,0.0,3,60,4,71,17,66,1.0,63,222,0,2,0,110,3,3.0,0.0,0.0,0,21.0,7.0,16.0,2.0,19,0,0,0,0,0,597,3
4,7,2024,2024-07-01,5,1,Rio de Janeiro,3304557,Capital,0,1,0,1,0,,1,1,,19,1,6,12,37,27,9,73,16,2,1,0,0,0.0,0,0,0.0,10,102,10,31,13,109,2.0,90,255,0,3,0,43,12,3.0,8.0,1.0,6,25.0,3.0,39.0,1.0,23,3,0,0,0,0,694,3
5,7,2024,2024-07-01,5,1,Rio de Janeiro,3304557,Capital,0,0,0,0,0,,0,1,,29,4,1,16,84,86,5,175,6,3,3,1,0,0.0,0,0,0.0,4,192,16,83,11,134,6.0,118,368,0,1,0,145,7,2.0,5.0,0.0,1,51.0,2.0,20.0,2.0,32,3,1,0,0,0,1143,3
6,7,2024,2024-07-01,4,1,Rio de Janeiro,3304557,Capital,0,0,0,0,1,,1,4,,35,2,2,34,29,3,7,39,17,2,1,0,0,0.0,0,0,0.0,3,62,15,20,11,34,3.0,80,163,0,0,0,51,3,0.0,3.0,0.0,24,41.0,0.0,13.0,2.0,34,0,0,0,0,0,539,3
7,7,2024,2024-07-01,5,1,Rio de Janeiro,3304557,Capital,0,0,0,0,0,,0,0,,10,2,0,3,18,7,2,27,3,0,0,1,0,0.0,0,0,0.0,1,32,10,3,2,7,0.0,36,58,0,0,0,37,1,0.0,0.0,1.0,7,2.0,1.0,1.0,0.0,9,3,0,0,0,0,232,3
9,7,2024,2024-07-01,2,1,Rio de Janeiro,3304557,Capital,0,0,0,0,0,,0,2,,27,2,0,24,79,20,10,109,16,0,0,1,0,0.0,0,0,5.0,10,141,11,46,17,60,11.0,163,308,0,8,0,197,4,2.0,1.0,1.0,2,12.0,7.0,5.0,5.0,26,0,2,0,0,0,1058,3
10,7,2024,2024-07-01,2,1,Rio de Janeiro,3304557,Capital,1,0,0,1,0,,1,0,,18,2,1,26,76,29,4,109,12,0,9,1,0,0.0,0,0,12.0,4,147,16,35,22,89,11.0,211,384,0,4,0,131,3,3.0,0.0,0.0,0,24.0,13.0,18.0,3.0,20,0,0,0,0,0,1008,3
11,7,2024,2024-07-01,23,1,Rio de Janeiro,3304557,Capital,0,0,0,0,0,,0,0,,8,1,0,1,0,1,0,1,0,0,0,0,0,0.0,0,0,0.0,0,1,0,3,0,1,0.0,6,10,0,0,0,11,0,0.0,0.0,0.0,0,1.0,0.0,1.0,0.0,5,3,0,0,0,0,75,3
12,7,2024,2024-07-01,19,1,Rio de Janeiro,3304557,Capital,0,0,0,0,0,,0,1,,30,3,1,18,20,11,0,31,0,0,2,1,0,0.0,0,0,2.0,3,39,13,39,13,67,10.0,151,293,0,1,0,203,5,3.0,2.0,0.0,1,26.0,5.0,25.0,4.0,49,7,1,0,0,0,939,3
13,7,2024,2024-07-01,19,1,Rio de Janeiro,3304557,Capital,0,0,0,0,0,,0,0,,12,1,0,13,4,4,2,10,2,0,1,3,0,1.0,0,0,0.0,1,18,8,21,7,31,8.0,90,165,0,0,0,124,1,1.0,0.0,0.0,0,7.0,0.0,14.0,0.0,13,2,0,0,0,0,511,3
14,7,2024,2024-07-01,23,1,Rio de Janeiro,3304557,Capital,0,0,0,0,0,,0,0,,11,0,1,7,20,25,1,46,0,0,1,0,0,0.0,0,1,0.0,8,56,15,21,5,85,24.0,186,336,0,6,0,161,6,4.0,2.0,0.0,6,24.0,7.0,13.0,1.0,20,7,0,0,0,0,882,3
15,7,2024,2024-07-01,23,1,Rio de Janeiro,3304557,Capital,0,0,0,0,0,,0,1,,17,4,1,15,13,24,0,37,3,0,1,0,0,0.0,0,0,0.0,9,50,5,6,8,58,10.0,66,153,0,5,0,156,5,4.0,1.0,0.0,1,14.0,2.0,2.0,0.0,18,1,0,0,0,0,619,3
16,7,2024,2024-07-01,31,2,Rio de Janeiro,3304557,Capital,3,0,0,3,1,,4,3,,54,5,4,50,36,38,12,86,4,0,2,1,0,0.0,0,0,0.0,33,126,32,16,27,75,15.0,304,469,0,12,3,402,9,2.0,6.0,1.0,8,63.0,30.0,25.0,7.0,67,8,1,0,0,0,1789,3
17,7,2024,2024-07-01,4,1,Rio de Janeiro,3304557,Capital,1,0,0,1,1,,2,5,,22,2,0,32,25,37,34,96,40,8,0,0,0,0.0,0,1,0.0,24,169,27,25,20,104,1.0,124,301,0,2,0,64,8,3.0,5.0,0.0,9,29.0,3.0,12.0,2.0,16,5,0,0,0,0,870,3
18,7,2024,2024-07-01,6,1,Rio de Janeiro,3304557,Capital,1,0,0,1,0,,1,5,,21,1,0,29,52,85,8,145,28,1,0,0,0,1.0,0,0,2.0,19,196,6,36,14,156,6.0,125,343,0,2,0,105,9,6.0,2.0,1.0,3,24.0,2.0,5.0,0.0,20,2,1,0,0,0,969,3
19,7,2024,2024-07-01,6,1,Rio de Janeiro,3304557,Capital,0,0,0,0,0,,0,0,,32,2,1,22,30,20,5,55,31,0,0,0,0,0.0,0,0,0.0,6,92,12,19,15,51,7.0,122,226,0,4,0,221,3,2.0,0.0,1.0,5,30.0,1.0,9.0,4.0,48,1,0,0,0,0,885,3
20,7,2024,2024-07-01,6,1,Rio de Janeiro,3304557,Capital,1,0,0,1,1,,2,0,,16,5,0,10,34,26,5,65,31,2,2,0,0,0.0,0,0,0.0,14,114,9,21,17,35,6.0,89,177,0,4,0,121,5,0.0,5.0,0.0,8,34.0,5.0,5.0,0.0,22,3,1,0,0,0,708,3
21,7,2024,2024-07-01,22,1,Rio de Janeiro,3304557,Capital,3,0,0,3,4,,7,12,,70,8,1,52,54,50,43,147,64,19,6,1,0,0.0,0,0,0.0,33,270,36,28,35,57,1.0,212,369,0,5,0,202,11,8.0,2.0,1.0,109,60.0,3.0,57.0,5.0,68,12,0,0,0,0,1658,3
22,7,2024,2024-07-01,16,1,Rio de Janeiro,3304557,Capital,3,0,0,3,1,,4,2,,43,2,5,30,33,22,10,65,36,5,2,0,0,0.0,0,1,0.0,9,118,36,9,8,18,0.0,82,153,0,1,0,166,12,5.0,5.0,2.0,33,36.0,8.0,9.0,0.0,38,9,2,0,0,0,859,3
23,7,2024,2024-07-01,3,1,Rio de Janeiro,3304557,Capital,1,0,0,1,0,,1,0,,21,1,0,4,29,24,11,64,31,0,0,0,0,0.0,0,0,0.0,16,111,13,6,17,13,0.0,105,154,0,1,0,100,2,0.0,2.0,0.0,8,24.0,8.0,2.0,0.0,21,4,1,0,0,0,598,3
24,7,2024,2024-07-01,3,1,Rio de Janeiro,3304557,Capital,1,0,0,1,2,,3,2,,37,4,1,21,41,18,7,66,65,2,1,0,0,0.0,0,0,0.0,16,150,20,18,9,52,0.0,126,225,0,3,0,103,2,0.0,2.0,0.0,3,10.0,1.0,3.0,1.0,35,7,1,0,1,0,706,3
25,7,2024,2024-07-01,3,1,Rio de Janeiro,3304557,Capital,1,0,0,1,0,,1,0,,32,2,0,22,20,56,41,117,27,1,1,1,0,0.0,0,0,1.0,15,163,11,8,16,44,0.0,57,136,0,2,0,92,14,4.0,10.0,0.0,18,33.0,1.0,8.0,5.0,32,5,0,0,0,0,706,3
26,7,2024,2024-07-01,3,1,Rio de Janeiro,3304557,Capital,0,0,0,0,0,,0,0,,36,4,0,21,42,26,5,73,28,0,0,1,0,0.0,0,0,0.0,11,113,8,12,13,40,0.0,96,169,0,1,0,119,3,2.0,1.0,0.0,7,24.0,3.0,6.0,0.0,30,3,0,0,0,0,711,3
27,7,2024,2024-07-01,41,2,Rio de Janeiro,3304557,Capital,4,0,0,4,5,,9,1,,49,1,0,11,50,41,5,96,144,11,1,0,0,0.0,1,1,1.0,22,277,32,3,10,9,1.0,87,142,0,3,1,124,5,0.0,4.0,1.0,29,36.0,3.0,8.0,0.0,41,5,2,0,0,0,886,3
28,7,2024,2024-07-01,18,2,Rio de Janeiro,3304557,Capital,1,0,0,1,1,,2,0,,32,2,1,15,23,13,0,36,19,0,2,0,0,0.0,0,1,0.0,3,61,7,1,16,12,2.0,64,102,0,3,0,125,3,3.0,0.0,0.0,9,27.0,0.0,2.0,0.0,33,5,0,0,0,0,565,3
29,7,2024,2024-07-01,9,2,Rio de Janeiro,3304557,Capital,3,0,0,3,1,,4,2,,65,6,2,32,84,39,29,152,87,2,2,0,0,0.0,0,1,0.0,22,266,27,26,25,48,0.0,177,303,0,3,0,193,2,1.0,1.0,0.0,28,30.0,1.0,11.0,0.0,60,4,2,0,0,0,1258,3
30,7,2024,2024-07-01,9,2,Rio de Janeiro,3304557,Capital,3,0,0,3,0,,3,0,,43,0,0,14,19,34,4,57,35,1,2,1,0,0.0,0,1,0.0,10,107,27,12,4,21,0.0,48,112,0,2,0,135,1,0.0,1.0,0.0,16,18.0,0.0,5.0,0.0,43,6,0,0,0,0,693,3
31,7,2024,2024-07-01,41,2,Rio de Janeiro,3304557,Capital,3,0,0,3,2,,5,3,,38,5,0,8,34,22,8,64,57,6,3,3,0,0.0,0,0,0.0,11,144,14,3,3,16,0.0,36,72,0,1,1,98,3,0.0,3.0,0.0,34,7.0,1.0,5.0,0.0,36,4,1,0,0,0,592,3
32,7,2024,2024-07-01,18,2,Rio de Janeiro,3304557,Capital,3,1,0,4,7,,11,14,,123,13,2,43,71,53,7,131,32,5,3,0,0,0.0,0,0,0.0,22,193,30,13,22,55,5.0,308,433,0,10,0,501,25,2.0,14.0,9.0,29,158.0,1.0,19.0,7.0,162,13,0,0,0,0,2199,3
33,7,2024,2024-07-01,14,2,Rio de Janeiro,3304557,Capital,5,0,0,5,0,,5,3,,76,6,6,63,37,70,9,116,58,5,2,0,0,1.0,0,0,0.0,12,194,25,10,9,70,1.0,95,210,0,1,0,218,7,2.0,5.0,0.0,18,54.0,2.0,2.0,0.0,56,4,1,0,0,0,1115,3
34,7,2024,2024-07-01,14,2,Rio de Janeiro,3304557,Capital,2,0,1,3,0,,3,0,,110,9,5,54,72,54,7,133,57,11,0,1,0,0.0,1,0,0.0,16,219,26,17,10,49,5.0,113,220,0,4,1,282,13,1.0,11.0,1.0,83,59.0,2.0,42.0,1.0,109,10,1,0,0,0,1496,3
35,7,2024,2024-07-01,40,2,Rio de Janeiro,3304557,Capital,2,0,0,2,2,,4,9,,217,16,6,72,71,37,6,114,48,2,2,2,0,0.0,0,1,0.0,36,205,47,18,3,21,1.0,372,462,0,3,0,637,7,2.0,5.0,0.0,24,89.0,5.0,21.0,1.0,225,21,0,0,0,0,2624,3
36,7,2024,2024-07-01,27,2,Rio de Janeiro,3304557,Capital,4,0,0,4,0,,4,3,,107,11,3,32,30,19,3,52,13,0,0,0,0,0.0,0,1,0.0,5,71,20,8,10,19,1.0,111,169,0,3,0,243,3,2.0,1.0,0.0,29,43.0,2.0,4.0,0.0,91,11,1,0,0,0,1125,3
37,7,2024,2024-07-01,17,1,Rio de Janeiro,3304557,Capital,5,0,0,5,2,,7,1,,49,6,1,32,9,4,5,18,8,3,0,1,0,0.0,0,0,0.0,6,36,20,5,7,12,2.0,78,124,0,3,2,149,7,3.0,3.0,1.0,18,44.0,6.0,12.0,0.0,62,7,0,0,0,0,831,3
38,7,2024,2024-07-01,16,1,Rio de Janeiro,3304557,Capital,1,0,0,1,1,,2,16,,47,5,0,25,24,20,5,49,78,8,0,0,0,0.0,0,0,0.0,24,159,15,3,6,8,0.0,39,71,0,3,0,102,12,2.0,8.0,2.0,65,37.0,3.0,17.0,7.0,61,6,0,0,0,0,736,3
39,7,2024,2024-07-01,41,2,Rio de Janeiro,3304557,Capital,10,0,1,11,1,,12,0,,37,8,0,23,68,35,35,138,65,5,0,0,0,0.0,0,1,0.0,35,244,13,12,4,19,0.0,65,113,0,1,0,147,9,2.0,5.0,2.0,65,52.0,0.0,9.0,2.0,52,4,0,0,1,0,884,3
40,7,2024,2024-07-01,9,2,Rio de Janeiro,3304557,Capital,0,0,1,1,0,,1,0,,28,3,2,17,46,28,2,76,37,2,1,0,0,0.0,0,1,0.0,14,131,11,7,10,12,0.0,40,80,0,2,0,86,1,0.0,1.0,0.0,12,39.0,1.0,13.0,0.0,31,2,0,0,0,0,506,3
41,7,2024,2024-07-01,18,2,Rio de Janeiro,3304557,Capital,1,0,0,1,0,,1,0,,17,1,2,26,17,10,1,28,9,1,3,1,0,0.0,0,0,0.0,4,46,7,12,14,16,1.0,74,124,0,4,0,167,4,2.0,2.0,1.0,14,29.0,0.0,4.0,1.0,42,7,0,0,0,0,725,3
42,7,2024,2024-07-01,31,2,Rio de Janeiro,3304557,Capital,3,0,0,3,0,,3,4,,78,8,2,26,30,20,8,58,7,1,7,1,0,0.0,0,0,0.0,15,89,41,8,10,74,22.0,183,338,0,13,0,318,27,15.0,11.0,2.0,6,80.0,11.0,20.0,5.0,94,4,0,0,0,0,1403,3
43,7,2024,2024-07-01,27,2,Rio de Janeiro,3304557,Capital,1,1,0,2,0,,2,1,,95,8,0,24,24,14,0,38,7,0,3,1,0,0.0,0,1,0.0,2,52,16,2,7,12,2.0,34,73,0,0,0,96,0,0.0,0.0,0.0,8,15.0,0.0,2.0,0.0,83,12,0,0,0,0,598,3
44,7,2024,2024-07-01,3,1,Rio de Janeiro,3304557,Capital,2,0,0,2,0,,2,2,,18,9,1,23,31,31,5,67,32,0,1,0,0,0.0,0,0,0.0,10,110,11,4,3,13,0.0,96,127,0,1,0,107,6,0.0,6.0,0.0,10,17.0,4.0,1.0,1.0,25,4,0,0,0,0,659,3
48,7,2024,2024-07-01,24,3,Seropédica,3305554,Baixada Fluminense,4,0,0,4,0,,4,2,,22,2,1,14,8,2,1,11,6,0,0,2,0,0.0,0,0,0.0,1,20,2,0,0,3,1.0,18,24,0,4,0,37,4,1.0,2.0,1.0,8,11.0,2.0,4.0,0.0,28,4,2,0,0,0,251,3
50,7,2024,2024-07-01,24,3,Itaguaí,3302007,Baixada Fluminense,0,0,0,0,1,,1,0,,41,6,0,18,8,2,0,10,4,1,2,0,0,0.0,0,0,0.0,3,20,11,7,0,72,2.0,56,148,0,2,0,80,7,1.0,6.0,0.0,6,17.0,1.0,16.0,1.0,49,4,0,0,0,0,520,3
51,7,2024,2024-07-01,24,3,Paracambi,3303609,Baixada Fluminense,2,0,0,2,0,,2,1,,15,3,0,7,1,0,0,1,1,0,0,0,0,0.0,0,0,0.0,0,2,6,0,0,5,0.0,12,23,0,1,0,28,4,2.0,2.0,0.0,1,9.0,0.0,5.0,0.0,16,2,0,0,0,0,139,3
52,7,2024,2024-07-01,20,3,Nova Iguaçu,3303500,Baixada Fluminense,1,0,0,1,0,,1,1,,77,1,6,40,70,43,13,126,79,2,2,0,0,1.0,0,1,1.0,12,224,29,14,8,51,4.0,167,273,0,3,0,174,6,5.0,1.0,0.0,37,47.0,3.0,21.0,0.0,79,8,0,0,0,0,1318,3
53,7,2024,2024-07-01,20,3,Mesquita,3302858,Baixada Fluminense,1,0,0,1,2,,3,0,,45,3,1,17,57,16,5,78,33,2,0,2,0,0.0,0,0,0.0,4,119,17,3,3,4,2.0,53,82,0,5,0,125,4,2.0,2.0,0.0,6,16.0,1.0,9.0,1.0,46,6,0,0,0,0,622,3
54,7,2024,2024-07-01,39,3,Belford Roxo,3300456,Baixada Fluminense,10,0,1,11,3,,14,16,,118,9,3,64,53,150,11,214,182,16,5,0,0,0.0,1,2,0.0,18,438,27,10,6,19,4.0,76,142,0,13,0,257,18,1.0,16.0,1.0,123,64.0,6.0,25.0,4.0,137,18,0,0,0,0,1581,3
55,7,2024,2024-07-01,24,3,Queimados,3304144,Baixada Fluminense,4,0,0,4,0,,4,1,,55,7,2,16,11,16,2,29,5,2,0,0,0,0.0,0,0,0.0,3,39,10,0,1,3,2.0,73,89,0,2,0,58,7,2.0,4.0,1.0,1,47.0,1.0,2.0,0.0,45,10,0,0,0,0,452,3
56,7,2024,2024-07-01,20,3,Nova Iguaçu,3303500,Baixada Fluminense,4,0,1,5,5,,10,5,,73,9,1,23,49,44,13,106,29,5,2,1,0,0.0,0,2,0.0,11,156,16,2,1,13,1.0,49,82,0,2,1,128,3,0.0,3.0,0.0,20,44.0,0.0,4.0,2.0,98,7,0,0,0,0,778,3
57,7,2024,2024-07-01,20,3,Nilópolis,3303203,Baixada Fluminense,0,0,0,0,1,,1,5,,43,4,0,14,26,24,2,52,25,1,1,0,0,0.0,0,0,0.0,5,84,14,9,3,18,6.0,105,155,0,2,0,117,2,0.0,1.0,1.0,11,17.0,0.0,12.0,0.0,60,4,0,0,0,0,711,3
58,7,2024,2024-07-01,20,3,Nova Iguaçu,3303500,Baixada Fluminense,2,0,2,4,0,,4,2,,109,12,3,43,84,44,14,142,64,6,1,0,0,0.0,0,1,0.0,18,232,27,1,0,11,4.0,71,114,0,7,0,188,3,2.0,1.0,0.0,29,48.0,3.0,13.0,1.0,98,15,0,0,0,0,1178,3
59,7,2024,2024-07-01,15,3,Duque de Caxias,3301702,Baixada Fluminense,6,0,0,6,8,,14,9,,105,8,3,71,148,80,35,263,119,24,3,0,0,1.0,0,3,0.0,29,442,27,53,12,44,0.0,189,325,0,2,0,207,7,1.0,5.0,1.0,125,53.0,3.0,16.0,1.0,147,8,0,0,0,0,1800,3
60,7,2024,2024-07-01,15,3,Duque de Caxias,3301702,Baixada Fluminense,10,0,0,10,5,,15,11,,68,9,8,29,24,43,22,89,132,24,3,0,0,0.0,0,0,0.0,11,259,28,3,2,10,3.0,50,96,0,2,0,147,7,1.0,6.0,0.0,25,33.0,5.0,10.0,1.0,76,10,0,0,0,0,958,3
61,7,2024,2024-07-01,15,3,Duque de Caxias,3301702,Baixada Fluminense,0,0,0,0,0,,0,0,,25,1,1,5,2,2,0,4,8,2,0,0,0,0.0,0,0,0.0,2,16,5,2,0,0,1.0,15,23,0,2,0,30,1,0.0,0.0,1.0,1,5.0,0.0,0.0,0.0,28,2,1,0,0,0,181,3
62,7,2024,2024-07-01,15,3,Duque de Caxias,3301702,Baixada Fluminense,2,0,0,2,0,,2,8,,41,3,1,9,29,16,7,52,55,9,1,0,0,0.0,0,0,0.0,8,125,17,1,0,5,3.0,19,45,0,2,0,67,4,0.0,4.0,0.0,14,14.0,0.0,1.0,0.0,39,3,0,0,0,0,440,3
63,7,2024,2024-07-01,24,3,Japeri,3302270,Baixada Fluminense,1,0,0,1,3,,4,5,,39,5,0,2,6,4,0,10,4,0,1,0,0,0.0,0,0,0.0,2,17,5,1,0,4,0.0,16,26,0,1,0,30,6,1.0,4.0,1.0,8,17.0,0.0,14.0,0.0,30,4,1,0,0,0,293,3
64,7,2024,2024-07-01,21,3,São João de Meriti,3305109,Baixada Fluminense,5,1,0,6,8,,14,13,,99,7,2,58,128,32,28,188,111,14,3,2,0,0.0,0,2,0.0,30,350,51,12,8,24,2.0,124,221,0,7,0,358,21,2.0,18.0,1.0,51,67.0,10.0,16.0,0.0,120,16,1,0,0,0,1701,3
65,7,2024,2024-07-01,34,3,Magé,3302502,Baixada Fluminense,3,0,0,3,0,,3,4,,45,4,0,5,2,1,0,3,3,1,0,0,0,0.0,0,0,0.0,0,7,10,0,0,5,1.0,33,49,0,1,0,47,15,5.0,10.0,0.0,6,23.0,2.0,9.0,1.0,34,5,3,0,0,0,326,3
66,7,2024,2024-07-01,34,3,Magé,3302502,Baixada Fluminense,0,0,0,0,0,,0,2,,59,4,1,20,16,9,1,26,3,2,0,0,0,0.0,0,0,0.0,4,35,18,3,0,7,2.0,52,82,0,0,0,101,4,3.0,1.0,0.0,2,13.0,2.0,3.0,0.0,59,3,0,0,0,0,546,3
67,7,2024,2024-07-01,34,3,Guapimirim,3301850,Baixada Fluminense,0,0,0,0,0,,0,0,,21,2,2,14,1,1,0,2,1,1,0,0,0,0.0,0,0,0.0,1,5,6,1,0,0,1.0,21,29,0,2,0,36,7,4.0,3.0,0.0,0,5.0,2.0,4.0,0.0,22,3,0,0,0,0,220,3
1,8,2024,2024-08-01,5,1,Rio de Janeiro,3304557,Capital,1,0,0,1,0,,1,0,,11,0,0,4,38,18,5,61,1,0,0,0,0,0.0,0,0,0.0,4,66,7,73,16,56,2.0,63,217,0,1,0,102,2,1.0,1.0,0.0,0,24.0,2.0,24.0,5.0,13,1,0,0,0,0,569,3
4,8,2024,2024-08-01,5,1,Rio de Janeiro,3304557,Capital,1,0,0,1,0,,1,1,,22,2,4,16,21,17,22,60,5,0,0,0,0,0.0,0,0,0.0,8,73,5,33,17,105,1.0,100,261,0,3,0,43,9,1.0,8.0,0.0,6,23.0,6.0,31.0,4.0,17,4,0,0,0,0,641,3
5,8,2024,2024-08-01,5,1,Rio de Janeiro,3304557,Capital,1,0,0,1,0,,1,0,,33,3,0,7,90,104,3,197,6,0,2,0,0,0.0,0,0,0.0,7,212,11,74,10,159,9.0,108,371,0,3,0,148,5,3.0,2.0,0.0,2,35.0,11.0,15.0,4.0,20,6,0,0,0,0,1158,3
6,8,2024,2024-08-01,4,1,Rio de Janeiro,3304557,Capital,2,0,0,2,0,,2,4,,20,3,1,51,31,12,16,59,20,3,0,0,0,1.0,0,0,0.0,7,90,12,18,17,31,0.0,56,134,0,1,0,42,3,2.0,1.0,0.0,17,28.0,0.0,6.0,3.0,22,0,0,0,0,0,524,3
7,8,2024,2024-08-01,5,1,Rio de Janeiro,3304557,Capital,0,0,0,0,0,,0,3,,13,0,0,2,12,5,1,18,2,0,1,1,0,0.0,0,0,0.0,2,24,7,5,2,6,0.0,33,53,0,3,0,29,5,0.0,3.0,2.0,1,1.0,0.0,0.0,0.0,11,1,0,0,0,0,190,3
9,8,2024,2024-08-01,2,1,Rio de Janeiro,3304557,Capital,0,0,0,0,0,,0,0,,29,2,0,20,96,44,12,152,16,0,1,2,0,0.0,0,0,11.0,19,201,18,56,23,93,12.0,197,399,0,2,0,194,2,2.0,0.0,0.0,1,20.0,8.0,8.0,2.0,35,4,0,0,0,0,1229,3
10,8,2024,2024-08-01,2,1,Rio de Janeiro,3304557,Capital,0,0,0,0,0,,0,0,,27,3,0,28,85,60,3,148,11,0,7,1,0,0.0,0,2,17.0,15,201,27,28,26,122,22.0,211,436,0,5,0,135,4,4.0,0.0,0.0,1,25.0,25.0,7.0,1.0,33,3,2,0,0,0,1173,3
11,8,2024,2024-08-01,23,1,Rio de Janeiro,3304557,Capital,0,0,0,0,0,,0,0,,15,4,0,0,0,0,0,0,0,0,0,0,0,0.0,0,0,0.0,0,0,1,2,0,3,0.0,4,10,0,1,0,12,0,0.0,0.0,0.0,1,0.0,0.0,1.0,0.0,11,3,0,0,0,0,87,3
12,8,2024,2024-08-01,19,1,Rio de Janeiro,3304557,Capital,0,0,1,1,0,,1,1,,39,2,1,9,27,13,0,40,0,0,0,2,0,0.0,0,0,3.0,5,50,5,47,22,69,15.0,169,327,0,1,0,192,7,3.0,3.0,1.0,5,30.0,5.0,13.0,8.0,28,8,1,0,0,0,963,3
13,8,2024,2024-08-01,19,1,Rio de Janeiro,3304557,Capital,0,0,0,0,0,,0,0,,12,0,0,4,9,6,0,15,3,0,0,0,0,0.0,0,0,0.0,0,18,8,18,4,33,8.0,93,164,0,2,0,105,1,0.0,1.0,0.0,0,19.0,2.0,6.0,0.0,11,0,0,0,0,0,550,3
14,8,2024,2024-08-01,23,1,Rio de Janeiro,3304557,Capital,0,0,0,0,0,,0,0,,9,1,0,10,23,23,1,47,3,0,0,1,0,1.0,0,0,0.0,3,55,10,33,7,87,14.0,219,370,0,1,0,155,1,0.0,0.0,1.0,3,16.0,6.0,9.0,1.0,20,1,0,0,0,0,854,3
15,8,2024,2024-08-01,23,1,Rio de Janeiro,3304557,Capital,0,0,0,0,0,,0,0,,19,0,1,22,14,13,1,28,3,0,0,0,0,0.0,0,0,2.0,2,35,3,5,8,51,5.0,76,148,0,5,0,122,3,3.0,0.0,0.0,3,10.0,1.0,3.0,2.0,28,2,0,0,0,0,597,3
16,8,2024,2024-08-01,31,2,Rio de Janeiro,3304557,Capital,5,0,0,5,1,,6,18,,65,6,5,67,64,29,14,107,6,0,2,2,0,0.0,0,0,0.0,32,149,39,27,44,88,10.0,322,530,0,5,0,435,19,13.0,5.0,1.0,11,63.0,20.0,12.0,3.0,76,7,3,0,0,0,1946,3
17,8,2024,2024-08-01,4,1,Rio de Janeiro,3304557,Capital,1,0,0,1,1,,2,3,,32,2,0,29,33,20,53,106,43,7,2,0,0,0.0,0,0,0.0,17,175,22,13,20,114,0.0,143,312,0,1,0,89,5,3.0,2.0,0.0,13,15.0,4.0,12.0,1.0,35,1,0,0,0,0,946,3
18,8,2024,2024-08-01,6,1,Rio de Janeiro,3304557,Capital,0,0,0,0,0,,0,0,,37,2,1,24,39,77,41,157,37,1,2,1,0,0.0,0,0,3.0,15,216,8,34,28,157,0.0,135,362,0,1,0,81,1,1.0,0.0,0.0,4,25.0,1.0,3.0,0.0,25,3,0,0,0,0,1038,3
19,8,2024,2024-08-01,6,1,Rio de Janeiro,3304557,Capital,2,0,0,2,0,,2,2,,36,3,2,11,34,40,3,77,46,1,2,0,0,0.0,0,0,1.0,19,146,8,22,22,57,4.0,118,231,0,7,0,188,1,1.0,0.0,0.0,5,26.0,1.0,7.0,2.0,22,4,0,0,0,0,929,3
20,8,2024,2024-08-01,6,1,Rio de Janeiro,3304557,Capital,4,0,0,4,0,,4,3,,27,0,3,10,44,15,6,65,29,2,0,0,0,0.0,0,0,0.0,15,111,8,11,28,26,4.0,127,204,0,1,1,145,6,3.0,3.0,0.0,6,20.0,2.0,3.0,2.0,22,2,0,0,0,0,779,3
21,8,2024,2024-08-01,22,1,Rio de Janeiro,3304557,Capital,3,0,0,3,1,,4,7,,53,10,3,62,51,37,59,147,114,19,1,2,0,0.0,0,1,0.0,28,312,50,25,34,41,0.0,236,386,0,0,0,246,24,12.0,3.0,9.0,260,83.0,1.0,62.0,7.0,60,17,2,0,0,0,2004,3
22,8,2024,2024-08-01,16,1,Rio de Janeiro,3304557,Capital,4,0,0,4,1,,5,1,,49,5,1,37,25,23,10,58,30,10,2,1,0,0.0,0,0,1.0,12,114,32,11,4,15,2.0,95,159,0,4,0,178,7,1.0,5.0,1.0,32,25.0,3.0,6.0,0.0,46,9,1,0,0,0,894,3
23,8,2024,2024-08-01,3,1,Rio de Janeiro,3304557,Capital,2,0,0,2,0,,2,0,,16,3,0,12,21,14,3,38,27,0,0,1,0,0.0,0,0,0.0,6,72,11,10,2,22,0.0,110,155,0,5,0,85,1,0.0,1.0,0.0,3,14.0,1.0,22.0,0.0,24,4,0,0,0,0,569,3
24,8,2024,2024-08-01,3,1,Rio de Janeiro,3304557,Capital,1,0,0,1,2,,3,1,,36,1,1,17,42,13,8,63,89,3,0,0,0,0.0,0,0,0.0,18,173,10,18,6,38,0.0,140,212,0,2,0,118,2,0.0,2.0,0.0,16,26.0,0.0,5.0,0.0,38,7,0,0,0,0,812,3
25,8,2024,2024-08-01,3,1,Rio de Janeiro,3304557,Capital,1,0,0,1,1,,2,3,,34,2,2,29,21,40,58,119,26,0,0,1,0,0.0,0,0,0.0,12,158,9,11,28,59,0.0,56,163,0,5,0,112,13,1.0,11.0,1.0,20,34.0,1.0,9.0,8.0,38,1,0,0,0,0,817,3
26,8,2024,2024-08-01,3,1,Rio de Janeiro,3304557,Capital,0,0,0,0,2,,2,0,,33,1,1,37,43,24,11,78,47,3,0,0,0,0.0,1,0,0.0,13,142,19,9,14,54,1.0,105,202,0,1,0,119,1,1.0,0.0,0.0,24,15.0,4.0,7.0,1.0,30,2,0,0,0,0,800,3
27,8,2024,2024-08-01,41,2,Rio de Janeiro,3304557,Capital,3,0,0,3,2,,5,0,,45,4,5,28,65,50,20,135,142,22,0,0,0,0.0,0,0,0.0,28,327,30,5,12,17,1.0,98,163,0,1,1,112,4,1.0,3.0,0.0,45,28.0,8.0,3.0,0.0,44,4,0,0,0,0,1018,3
28,8,2024,2024-08-01,18,2,Rio de Janeiro,3304557,Capital,2,0,0,2,1,,3,3,,37,4,1,16,16,18,1,35,36,1,1,1,0,0.0,0,0,0.0,8,82,5,5,8,19,1.0,60,98,0,3,0,150,3,0.0,3.0,0.0,2,36.0,0.0,3.0,0.0,34,5,2,0,0,0,631,3
29,8,2024,2024-08-01,9,2,Rio de Janeiro,3304557,Capital,6,0,0,6,2,,8,3,,72,5,5,38,86,60,12,158,101,3,1,1,0,0.0,0,0,0.0,29,293,24,29,28,51,1.0,174,307,0,5,1,200,4,0.0,4.0,0.0,35,55.0,0.0,10.0,1.0,62,5,1,0,0,0,1324,3
30,8,2024,2024-08-01,9,2,Rio de Janeiro,3304557,Capital,2,0,0,2,0,,2,2,,47,3,1,44,43,39,0,82,61,1,2,0,0,0.0,0,0,0.0,8,154,22,9,9,19,0.0,70,129,0,2,0,117,5,1.0,4.0,0.0,10,34.0,0.0,6.0,1.0,48,2,0,0,0,0,759,3
31,8,2024,2024-08-01,41,2,Rio de Janeiro,3304557,Capital,1,0,1,2,2,,4,2,,26,4,1,8,23,31,12,66,63,19,1,0,0,0.0,0,0,0.0,13,162,23,5,7,17,2.0,46,100,0,1,1,84,8,0.0,8.0,0.0,61,29.0,1.0,4.0,0.0,38,2,0,0,0,0,619,3
32,8,2024,2024-08-01,18,2,Rio de Janeiro,3304557,Capital,8,0,0,8,6,,14,18,,142,21,3,60,41,40,9,90,61,6,5,0,0,0.0,0,0,0.0,31,193,29,18,21,74,5.0,284,431,0,12,0,432,15,1.0,14.0,0.0,23,77.0,5.0,10.0,1.0,180,13,4,0,0,0,2075,3
33,8,2024,2024-08-01,14,2,Rio de Janeiro,3304557,Capital,2,0,0,2,0,,2,7,,88,5,3,48,24,56,2,82,53,14,0,0,0,0.0,0,0,0.0,16,165,27,5,12,56,1.0,96,197,0,1,0,198,7,1.0,5.0,1.0,15,61.0,2.0,10.0,0.0,70,6,1,0,0,0,1091,3
34,8,2024,2024-08-01,14,2,Rio de Janeiro,3304557,Capital,5,0,0,5,1,,6,9,,108,6,6,49,58,54,12,124,57,13,2,1,0,0.0,0,1,1.0,14,213,19,17,19,34,4.0,127,220,0,0,0,290,19,4.0,13.0,2.0,51,73.0,5.0,46.0,1.0,115,14,0,0,0,0,1498,3
35,8,2024,2024-08-01,40,2,Rio de Janeiro,3304557,Capital,1,0,0,1,1,,2,5,,207,20,3,96,49,36,6,91,59,4,2,1,0,0.0,0,0,0.0,38,195,64,19,10,38,2.0,345,478,0,11,1,587,2,2.0,0.0,0.0,32,108.0,2.0,24.0,4.0,224,17,0,0,0,0,2601,3
36,8,2024,2024-08-01,27,2,Rio de Janeiro,3304557,Capital,2,0,0,2,0,,2,4,,111,18,5,34,37,19,4,60,9,1,0,1,0,0.0,0,2,0.0,5,78,16,6,7,15,4.0,117,165,0,6,1,229,3,1.0,2.0,0.0,25,53.0,0.0,10.0,2.0,97,22,0,0,0,0,1193,3
37,8,2024,2024-08-01,17,1,Rio de Janeiro,3304557,Capital,6,0,0,6,0,,6,1,,46,5,2,27,8,8,3,19,11,1,1,0,0,0.0,0,0,0.0,6,38,16,11,10,49,1.0,92,179,0,2,0,117,31,7.0,3.0,21.0,11,21.0,9.0,11.0,0.0,56,8,0,0,0,0,849,3
38,8,2024,2024-08-01,16,1,Rio de Janeiro,3304557,Capital,1,0,0,1,2,,3,5,,44,2,3,24,40,28,8,76,79,20,1,3,0,0.0,0,0,0.0,21,200,23,4,1,6,0.0,47,81,0,1,0,100,7,1.0,2.0,4.0,31,15.0,0.0,10.0,1.0,54,7,0,0,0,0,726,3
39,8,2024,2024-08-01,41,2,Rio de Janeiro,3304557,Capital,2,0,0,2,1,,3,3,,35,8,0,17,53,39,94,186,104,11,2,0,0,0.0,0,0,0.0,47,350,13,10,12,33,1.0,60,129,0,0,0,149,10,1.0,8.0,1.0,69,23.0,1.0,7.0,4.0,41,4,1,0,0,0,1010,3
40,8,2024,2024-08-01,9,2,Rio de Janeiro,3304557,Capital,2,0,0,2,0,,2,1,,27,1,0,14,47,49,10,106,36,0,0,0,0,0.0,0,0,0.0,13,155,8,6,1,12,0.0,54,81,0,2,0,88,5,0.0,5.0,0.0,25,21.0,0.0,15.0,1.0,26,3,0,0,0,0,575,3
41,8,2024,2024-08-01,18,2,Rio de Janeiro,3304557,Capital,1,0,0,1,0,,1,0,,38,3,0,32,15,6,1,22,21,0,1,1,0,0.0,0,1,1.0,7,54,13,8,12,26,0.0,69,128,0,5,0,174,2,0.0,2.0,0.0,15,15.0,1.0,2.0,1.0,68,3,0,0,0,0,790,3
42,8,2024,2024-08-01,31,2,Rio de Janeiro,3304557,Capital,3,0,0,3,1,,4,7,,71,5,1,29,29,18,4,51,20,0,0,1,0,0.0,1,1,1.0,17,92,53,2,14,77,9.0,171,326,0,10,0,338,19,6.0,9.0,4.0,3,50.0,2.0,11.0,0.0,98,13,5,0,0,0,1403,3
43,8,2024,2024-08-01,27,2,Rio de Janeiro,3304557,Capital,2,0,0,2,0,,2,1,,60,5,1,34,15,11,1,27,9,0,1,0,0,0.0,0,0,0.0,1,38,10,2,1,17,3.0,35,68,0,2,0,92,0,0.0,0.0,0.0,8,22.0,0.0,6.0,0.0,89,4,0,0,0,0,625,3
44,8,2024,2024-08-01,3,1,Rio de Janeiro,3304557,Capital,2,0,0,2,1,,3,0,,32,3,0,35,34,19,9,62,50,14,0,0,0,1.0,0,0,0.0,12,139,18,5,5,25,0.0,92,145,0,3,0,92,4,0.0,4.0,0.0,11,20.0,2.0,8.0,0.0,30,4,0,0,0,0,676,3
48,8,2024,2024-08-01,24,3,Seropédica,3305554,Baixada Fluminense,2,0,0,2,0,,2,4,,18,5,0,9,2,4,3,9,1,0,0,0,0,0.0,0,0,0.0,2,12,1,0,0,2,4.0,13,20,0,3,0,49,2,1.0,1.0,0.0,10,24.0,1.0,3.0,0.0,28,5,1,0,0,0,291,3
50,8,2024,2024-08-01,24,3,Itaguaí,3302007,Baixada Fluminense,0,0,0,0,0,,0,1,,49,3,7,12,6,1,0,7,10,0,0,0,0,0.0,0,0,0.0,3,20,3,2,0,9,0.0,44,58,0,2,0,94,6,0.0,4.0,2.0,19,18.0,3.0,8.0,0.0,48,1,0,0,0,0,448,3
51,8,2024,2024-08-01,24,3,Paracambi,3303609,Baixada Fluminense,0,0,0,0,0,,0,2,,15,0,1,3,0,0,0,0,0,0,0,0,0,0.0,0,0,0.0,0,0,4,3,0,9,0.0,10,26,0,1,0,33,5,5.0,2.0,0.0,1,10.0,0.0,7.0,0.0,16,6,2,0,0,0,166,3
52,8,2024,2024-08-01,20,3,Nova Iguaçu,3303500,Baixada Fluminense,1,0,0,1,0,,1,3,,94,6,4,60,100,62,20,182,100,2,3,1,0,0.0,0,0,0.0,17,305,43,20,4,38,18.0,158,281,0,0,0,172,2,2.0,0.0,0.0,32,52.0,1.0,7.0,3.0,76,7,0,0,0,0,1457,3
53,8,2024,2024-08-01,20,3,Mesquita,3302858,Baixada Fluminense,6,0,1,7,0,,7,8,,65,1,1,16,45,30,12,87,52,2,2,2,0,0.0,0,0,0.0,9,154,24,4,4,9,5.0,81,127,0,5,0,104,4,2.0,2.0,0.0,9,37.0,3.0,7.0,2.0,69,2,0,0,0,0,708,3
54,8,2024,2024-08-01,39,3,Belford Roxo,3300456,Baixada Fluminense,21,1,0,22,0,,22,6,,139,20,3,59,137,139,17,293,161,22,5,2,0,0.0,0,2,0.0,34,519,37,3,3,18,1.0,133,195,0,12,3,239,18,3.0,14.0,1.0,85,64.0,5.0,23.0,0.0,152,16,0,0,0,0,1717,3
55,8,2024,2024-08-01,24,3,Queimados,3304144,Baixada Fluminense,3,1,0,4,0,,4,1,,49,6,2,16,22,7,2,31,6,1,1,0,0,0.0,0,2,0.0,6,47,8,4,2,5,2.0,47,68,0,1,0,62,5,2.0,3.0,0.0,17,32.0,3.0,16.0,0.0,45,7,0,0,0,0,516,3
56,8,2024,2024-08-01,20,3,Nova Iguaçu,3303500,Baixada Fluminense,8,0,1,9,1,,10,2,,99,5,1,30,54,30,23,107,47,1,0,2,0,0.0,0,0,1.0,16,174,17,5,2,8,5.0,42,79,0,2,0,152,11,2.0,9.0,0.0,27,52.0,2.0,7.0,0.0,94,11,1,0,0,0,859,3
57,8,2024,2024-08-01,20,3,Nilópolis,3303203,Baixada Fluminense,1,0,1,2,0,,2,2,,37,6,0,14,34,17,1,52,36,0,1,0,0,0.0,0,0,0.0,10,99,26,13,0,15,6.0,64,124,0,4,1,113,1,0.0,1.0,0.0,5,19.0,2.0,9.0,0.0,62,3,0,0,0,0,668,3
58,8,2024,2024-08-01,20,3,Nova Iguaçu,3303500,Baixada Fluminense,5,0,0,5,0,,5,3,,132,8,1,32,61,42,16,119,91,4,5,1,0,0.0,0,1,0.0,20,241,18,1,0,13,0.0,64,96,0,3,0,152,2,1.0,1.0,1.0,13,36.0,0.0,18.0,0.0,115,14,1,0,0,0,1082,3
59,8,2024,2024-08-01,15,3,Duque de Caxias,3301702,Baixada Fluminense,2,0,0,2,2,,4,2,,104,9,2,40,98,67,14,179,133,24,5,0,0,0.0,0,1,0.0,20,362,35,45,8,50,3.0,209,350,0,0,0,200,7,1.0,6.0,0.0,165,44.0,2.0,9.0,0.0,91,14,0,0,0,0,1749,3
60,8,2024,2024-08-01,15,3,Duque de Caxias,3301702,Baixada Fluminense,7,0,0,7,5,,12,13,,59,11,7,28,16,26,6,48,130,54,3,0,0,0.0,0,0,1.0,24,260,38,1,2,6,3.0,48,98,0,2,0,144,14,0.0,13.0,1.0,35,51.0,3.0,11.0,2.0,68,15,1,0,0,0,1023,3
61,8,2024,2024-08-01,15,3,Duque de Caxias,3301702,Baixada Fluminense,0,0,0,0,0,,0,2,,31,1,0,13,2,0,0,2,7,1,0,0,0,0.0,0,0,0.0,2,12,3,1,0,5,3.0,15,27,0,1,0,35,0,0.0,0.0,0.0,2,15.0,0.0,1.0,0.0,33,1,1,0,0,0,195,3
62,8,2024,2024-08-01,15,3,Duque de Caxias,3301702,Baixada Fluminense,1,0,0,1,0,,1,6,,48,7,0,21,15,13,3,31,70,7,1,1,0,0.0,0,1,0.0,8,119,16,0,0,5,1.0,20,42,0,3,0,52,2,0.0,2.0,0.0,13,15.0,1.0,5.0,2.0,45,7,0,0,0,0,413,3
63,8,2024,2024-08-01,24,3,Japeri,3302270,Baixada Fluminense,0,0,0,0,0,,0,2,,42,4,0,7,25,4,1,30,1,0,0,2,0,0.0,0,0,0.0,3,36,6,1,2,0,2.0,22,33,0,0,0,27,5,1.0,4.0,0.0,4,18.0,0.0,10.0,1.0,34,4,0,0,0,0,268,3
64,8,2024,2024-08-01,21,3,São João de Meriti,3305109,Baixada Fluminense,9,0,0,9,6,,15,16,,123,16,3,51,104,22,49,175,122,9,3,2,1,1.0,0,2,0.0,36,351,61,10,8,23,0.0,149,251,0,10,1,339,22,4.0,18.0,0.0,47,67.0,9.0,9.0,2.0,123,23,0,0,0,0,1723,3
65,8,2024,2024-08-01,34,3,Magé,3302502,Baixada Fluminense,0,0,0,0,3,,3,6,,50,2,0,4,6,2,0,8,7,0,0,0,0,0.0,0,0,0.0,1,16,9,0,0,7,1.0,23,40,0,3,0,52,6,0.0,5.0,1.0,4,12.0,4.0,3.0,0.0,33,9,0,0,0,0,323,3
66,8,2024,2024-08-01,34,3,Magé,3302502,Baixada Fluminense,1,0,0,1,0,,1,0,,60,5,0,20,11,8,1,20,17,1,2,1,0,0.0,0,0,0.0,2,43,14,1,0,8,7.0,73,103,0,2,0,71,0,0.0,0.0,0.0,2,32.0,1.0,7.0,1.0,83,9,0,0,0,0,607,3
67,8,2024,2024-08-01,34,3,Guapimirim,3301850,Baixada Fluminense,0,0,0,0,1,,1,1,,13,2,0,7,5,1,0,6,0,0,0,1,0,0.0,0,0,0.0,2,9,3,0,0,1,1.0,20,25,0,0,0,38,4,1.0,3.0,0.0,2,6.0,1.0,4.0,0.0,24,3,0,0,0,0,207,3
1,9,2024,2024-09-01,5,1,Rio de Janeiro,3304557,Capital,0,0,0,0,0,,0,0,,9,1,1,6,34,15,5,54,4,0,0,0,0,0.0,0,0,0.0,6,64,6,71,20,69,2.0,57,225,0,1,0,71,2,1.0,1.0,0.0,1,11.0,3.0,13.0,1.0,15,0,0,0,0,0,597,3
4,9,2024,2024-09-01,5,1,Rio de Janeiro,3304557,Capital,1,1,0,2,0,,2,1,,28,2,0,11,42,16,10,68,4,2,1,0,0,0.0,0,0,0.0,6,81,8,28,19,118,1.0,98,272,0,0,0,45,15,2.0,12.0,2.0,5,26.0,2.0,26.0,2.0,20,2,0,0,0,0,644,3
5,9,2024,2024-09-01,5,1,Rio de Janeiro,3304557,Capital,0,0,0,0,0,,0,1,,38,1,1,13,90,112,2,204,11,1,3,0,0,0.0,0,0,1.0,11,231,16,74,12,176,10.0,93,381,0,2,0,152,8,5.0,1.0,2.0,4,38.0,3.0,17.0,5.0,43,5,0,0,0,0,1189,3
6,9,2024,2024-09-01,4,1,Rio de Janeiro,3304557,Capital,1,0,0,1,1,,2,1,,26,0,0,37,25,15,39,79,33,7,0,0,0,0.0,0,0,0.0,8,127,9,16,17,44,0.0,85,171,0,0,0,63,2,2.0,0.0,0.0,21,20.0,7.0,3.0,1.0,32,6,0,0,0,0,630,3
7,9,2024,2024-09-01,5,1,Rio de Janeiro,3304557,Capital,0,0,0,0,0,,0,0,,9,0,0,0,17,9,1,27,3,1,1,0,0,0.0,0,1,0.0,0,33,9,6,2,9,1.0,25,52,0,2,0,23,2,0.0,2.0,0.0,2,7.0,2.0,0.0,0.0,10,1,0,0,0,0,200,3
9,9,2024,2024-09-01,2,1,Rio de Janeiro,3304557,Capital,0,0,0,0,1,,1,0,,36,3,1,10,102,35,8,145,33,0,2,2,0,0.0,0,0,10.0,19,211,20,34,12,93,19.0,191,369,0,7,0,159,3,3.0,0.0,0.0,3,17.0,18.0,6.0,3.0,29,4,0,0,0,0,1156,3
10,9,2024,2024-09-01,2,1,Rio de Janeiro,3304557,Capital,0,0,0,0,0,,0,0,,22,1,0,32,65,45,7,117,26,0,6,0,0,0.0,0,0,9.0,15,173,28,21,25,82,17.0,174,347,0,4,0,128,1,1.0,0.0,0.0,2,27.0,13.0,4.0,7.0,25,2,0,0,0,0,989,3
11,9,2024,2024-09-01,23,1,Rio de Janeiro,3304557,Capital,0,0,0,0,1,,1,0,,11,2,0,1,0,0,0,0,0,0,0,1,0,0.0,0,0,0.0,0,1,1,0,0,3,0.0,11,15,0,0,0,10,2,0.0,2.0,0.0,0,6.0,0.0,0.0,0.0,13,0,0,0,0,0,85,3
12,9,2024,2024-09-01,19,1,Rio de Janeiro,3304557,Capital,0,0,0,0,0,,0,0,,33,1,0,10,21,13,3,37,0,0,1,0,0,0.0,0,0,1.0,5,44,25,46,9,83,21.0,162,346,0,2,1,190,9,3.0,5.0,1.0,2,23.0,6.0,12.0,2.0,34,7,0,0,0,0,964,3
13,9,2024,2024-09-01,19,1,Rio de Janeiro,3304557,Capital,0,0,0,0,0,,0,0,,25,1,0,14,15,7,0,22,0,0,0,2,0,0.0,0,0,1.0,4,29,6,34,8,31,12.0,81,172,0,4,0,96,2,0.0,2.0,0.0,0,18.0,4.0,5.0,0.0,23,2,0,0,0,0,527,3
14,9,2024,2024-09-01,23,1,Rio de Janeiro,3304557,Capital,0,0,0,0,0,,0,0,,15,0,3,8,22,25,2,49,2,0,1,0,0,0.0,0,0,0.0,8,60,20,29,5,127,31.0,196,408,0,2,0,161,10,8.0,2.0,0.0,3,25.0,13.0,11.0,6.0,22,5,0,0,0,0,969,3
15,9,2024,2024-09-01,23,1,Rio de Janeiro,3304557,Capital,0,0,0,0,0,,0,1,,16,3,2,18,13,15,0,28,1,2,0,1,0,0.0,0,0,1.0,6,39,13,11,7,65,8.0,91,195,0,4,0,138,5,2.0,3.0,0.0,5,16.0,7.0,3.0,0.0,18,2,1,0,0,0,658,3
16,9,2024,2024-09-01,31,2,Rio de Janeiro,3304557,Capital,3,0,0,3,0,,3,1,,76,3,3,54,74,44,8,126,11,0,3,3,0,0.0,0,0,0.0,30,173,40,68,29,1008,6.0,494,1645,0,7,1,402,17,11.0,6.0,0.0,9,71.0,20.0,18.0,6.0,98,13,0,0,0,0,3185,3
17,9,2024,2024-09-01,4,1,Rio de Janeiro,3304557,Capital,1,0,1,2,0,,2,1,,36,1,2,105,30,28,80,138,52,6,0,0,0,0.0,0,1,0.0,25,222,30,11,20,64,1.0,104,230,0,1,0,40,8,1.0,7.0,0.0,10,32.0,5.0,9.0,3.0,24,3,0,0,0,0,812,3
18,9,2024,2024-09-01,6,1,Rio de Janeiro,3304557,Capital,0,0,0,0,3,,3,0,,25,2,0,15,72,80,74,226,43,0,3,0,0,0.0,0,0,2.0,9,283,11,35,20,183,3.0,136,388,0,3,0,78,5,5.0,0.0,0.0,9,19.0,6.0,1.0,1.0,23,1,0,0,0,0,1130,3
19,9,2024,2024-09-01,6,1,Rio de Janeiro,3304557,Capital,2,0,0,2,0,,2,5,,48,0,0,19,44,45,5,94,32,4,3,0,0,0.0,0,0,0.0,16,149,6,13,24,56,7.0,138,244,0,2,0,161,2,0.0,2.0,0.0,4,25.0,9.0,13.0,6.0,36,6,0,0,0,0,942,3
20,9,2024,2024-09-01,6,1,Rio de Janeiro,3304557,Capital,2,0,0,2,0,,2,2,,32,4,1,11,18,19,3,40,38,4,1,1,0,0.0,0,0,1.0,12,97,11,8,27,39,2.0,117,204,0,4,0,142,2,1.0,1.0,0.0,3,20.0,8.0,9.0,0.0,24,3,0,0,0,0,762,3
21,9,2024,2024-09-01,22,1,Rio de Janeiro,3304557,Capital,3,0,0,3,5,,8,15,,63,9,2,69,72,43,67,182,131,38,5,0,0,0.0,0,1,0.0,52,409,23,16,36,34,2.0,205,316,0,2,0,157,30,10.0,15.0,5.0,200,97.0,12.0,28.0,2.0,55,7,0,0,0,0,1756,3
22,9,2024,2024-09-01,16,1,Rio de Janeiro,3304557,Capital,4,0,0,4,1,,5,4,,62,4,1,31,29,14,18,61,73,9,1,0,0,0.0,0,0,0.0,8,152,20,6,11,18,0.0,78,133,0,2,0,116,12,1.0,11.0,0.0,21,33.0,4.0,5.0,1.0,36,7,0,0,0,0,821,3
23,9,2024,2024-09-01,3,1,Rio de Janeiro,3304557,Capital,1,0,0,1,0,,1,7,,30,3,1,16,23,10,2,35,43,1,2,1,0,0.0,0,1,0.0,7,90,14,2,5,19,1.0,72,113,0,3,0,64,2,1.0,1.0,0.0,6,25.0,2.0,4.0,0.0,23,0,0,0,0,0,496,3
24,9,2024,2024-09-01,3,1,Rio de Janeiro,3304557,Capital,0,0,1,1,1,,2,3,,51,2,5,8,53,24,11,88,62,3,3,0,0,0.0,0,2,0.0,20,178,14,15,10,42,0.0,108,189,0,0,0,98,2,1.0,1.0,0.0,22,15.0,3.0,0.0,0.0,37,6,1,0,0,0,719,3
25,9,2024,2024-09-01,3,1,Rio de Janeiro,3304557,Capital,1,0,0,1,0,,1,0,,42,7,2,38,17,37,18,72,27,4,1,0,0,0.0,0,0,0.0,11,115,8,6,20,64,1.0,83,182,0,3,0,94,18,2.0,15.0,1.0,30,33.0,10.0,7.0,12.0,39,3,0,0,0,0,749,3
26,9,2024,2024-09-01,3,1,Rio de Janeiro,3304557,Capital,0,0,0,0,0,,0,0,,29,4,1,25,33,24,5,62,58,6,0,0,0,0.0,0,1,1.0,10,138,7,13,9,51,1.0,109,190,0,1,0,87,5,3.0,1.0,1.0,31,24.0,0.0,4.0,0.0,27,5,1,0,0,0,777,3
27,9,2024,2024-09-01,41,2,Rio de Janeiro,3304557,Capital,0,0,0,0,1,,1,3,,74,5,2,21,66,40,18,124,136,22,1,1,0,0.0,0,0,0.0,20,304,49,9,14,22,1.0,106,201,0,5,0,113,5,2.0,3.0,0.0,34,43.0,2.0,9.0,1.0,52,4,0,0,0,0,1015,3
28,9,2024,2024-09-01,18,2,Rio de Janeiro,3304557,Capital,1,0,0,1,2,,3,2,,31,4,0,24,29,22,1,52,36,3,4,0,0,0.0,0,0,0.0,11,106,10,2,15,29,2.0,34,92,0,3,0,131,5,1.0,4.0,0.0,14,19.0,0.0,5.0,0.0,45,4,1,0,0,0,628,3
29,9,2024,2024-09-01,9,2,Rio de Janeiro,3304557,Capital,3,0,0,3,2,,5,2,,63,2,1,29,100,62,9,171,91,2,4,1,0,0.0,0,0,1.0,31,301,32,27,30,35,0.0,164,288,0,3,0,188,3,1.0,1.0,1.0,62,22.0,1.0,4.0,3.0,54,2,0,0,0,0,1302,3
30,9,2024,2024-09-01,9,2,Rio de Janeiro,3304557,Capital,0,0,0,0,1,,1,3,,56,10,3,15,24,30,3,57,55,0,2,1,0,0.0,0,0,0.0,9,124,14,4,10,10,0.0,45,83,0,3,0,116,2,1.0,1.0,0.0,14,15.0,0.0,3.0,0.0,65,4,0,0,0,0,670,3
31,9,2024,2024-09-01,41,2,Rio de Janeiro,3304557,Capital,3,0,0,3,1,,4,0,,42,3,0,16,32,29,24,85,69,20,2,1,0,0.0,0,0,0.0,13,190,21,3,2,12,0.0,26,64,0,0,0,89,4,0.0,3.0,1.0,61,12.0,1.0,4.0,0.0,35,2,0,0,0,0,662,3
32,9,2024,2024-09-01,18,2,Rio de Janeiro,3304557,Capital,2,0,0,2,0,,2,14,,122,15,3,58,45,55,9,109,48,5,6,0,0,0.0,0,3,0.0,30,201,25,9,28,158,2.0,378,600,0,7,0,416,8,1.0,7.0,0.0,26,86.0,6.0,10.0,1.0,137,17,4,0,0,0,2153,3
33,9,2024,2024-09-01,14,2,Rio de Janeiro,3304557,Capital,5,0,0,5,0,,5,1,,72,6,5,57,23,66,4,93,49,5,0,0,0,0.0,0,0,0.0,11,158,22,1,5,78,4.0,82,192,0,3,0,190,4,2.0,2.0,0.0,17,36.0,0.0,3.0,0.0,86,4,0,0,0,0,1038,3
34,9,2024,2024-09-01,14,2,Rio de Janeiro,3304557,Capital,10,0,0,10,1,,11,26,,108,15,4,45,48,41,23,112,73,4,4,0,0,0.0,1,0,0.0,9,203,29,20,12,36,2.0,114,213,0,2,0,219,16,2.0,12.0,2.0,61,55.0,7.0,18.0,0.0,102,9,0,0,0,0,1327,3
35,9,2024,2024-09-01,40,2,Rio de Janeiro,3304557,Capital,4,1,0,5,0,,5,4,,246,19,6,58,50,44,6,100,36,3,8,1,0,0.0,1,0,0.0,13,162,45,25,15,42,5.0,272,404,0,2,0,478,3,0.0,3.0,0.0,24,81.0,3.0,20.0,0.0,230,18,3,0,0,0,2429,3
36,9,2024,2024-09-01,27,2,Rio de Janeiro,3304557,Capital,1,0,0,1,0,,1,2,,114,16,4,36,25,15,2,42,15,0,3,0,0,0.0,0,1,0.0,3,64,18,2,5,12,1.0,79,117,1,3,0,196,1,1.0,0.0,0.0,25,52.0,3.0,5.0,2.0,109,12,2,0,0,0,1034,3
37,9,2024,2024-09-01,17,1,Rio de Janeiro,3304557,Capital,2,0,0,2,1,,3,5,,67,1,2,48,15,6,3,24,26,5,0,0,0,0.0,0,0,0.0,4,59,25,3,5,27,1.0,68,129,0,5,0,111,17,5.0,2.0,10.0,8,40.0,14.0,6.0,2.0,41,3,0,1,0,0,819,3
38,9,2024,2024-09-01,16,1,Rio de Janeiro,3304557,Capital,6,0,0,6,2,,8,7,,37,2,1,26,23,24,10,57,107,14,0,0,0,0.0,0,0,0.0,22,200,15,2,7,15,0.0,44,83,0,1,0,79,7,0.0,6.0,1.0,53,28.0,7.0,17.0,4.0,47,7,0,0,0,0,726,3
39,9,2024,2024-09-01,41,2,Rio de Janeiro,3304557,Capital,1,1,1,3,1,,4,2,,67,6,4,24,44,38,56,138,100,9,1,0,0,0.0,0,0,0.0,28,276,23,7,7,34,0.0,58,129,0,2,0,114,10,0.0,10.0,0.0,91,38.0,3.0,7.0,2.0,37,6,0,0,0,0,950,3
40,9,2024,2024-09-01,9,2,Rio de Janeiro,3304557,Capital,2,0,0,2,0,,2,2,,41,2,2,24,45,40,5,90,65,0,1,0,0,0.0,0,0,0.0,9,165,10,10,5,12,1.0,40,78,0,2,0,78,3,0.0,2.0,1.0,22,11.0,2.0,3.0,0.0,32,4,0,0,0,0,580,3
41,9,2024,2024-09-01,18,2,Rio de Janeiro,3304557,Capital,2,0,0,2,0,,2,6,,41,1,1,30,22,4,4,30,34,0,2,0,0,0.0,0,0,0.0,9,75,7,5,11,29,3.0,85,140,0,6,1,136,4,3.0,0.0,1.0,15,20.0,0.0,2.0,1.0,62,5,0,0,0,0,733,3
42,9,2024,2024-09-01,31,2,Rio de Janeiro,3304557,Capital,1,0,0,1,0,,1,4,,59,2,1,42,23,20,2,45,14,0,2,0,0,0.0,0,0,1.0,8,70,61,8,8,180,6.0,144,407,0,6,0,285,29,15.0,12.0,2.0,11,33.0,7.0,6.0,1.0,75,5,0,0,0,0,1313,3
43,9,2024,2024-09-01,27,2,Rio de Janeiro,3304557,Capital,1,0,1,2,0,,2,3,,75,14,0,46,10,15,0,25,8,0,0,3,0,0.0,0,0,0.0,2,38,10,11,4,12,1.0,40,78,0,3,0,106,0,0.0,0.0,0.0,28,24.0,1.0,7.0,0.0,105,7,0,1,0,0,692,3
44,9,2024,2024-09-01,3,1,Rio de Janeiro,3304557,Capital,1,0,0,1,0,,1,2,,35,2,5,41,32,40,8,80,73,12,1,1,0,0.0,0,0,1.0,24,192,17,4,7,23,0.0,64,115,0,0,0,75,4,2.0,2.0,0.0,22,33.0,1.0,3.0,2.0,33,3,0,0,0,0,735,3
48,9,2024,2024-09-01,24,3,Seropédica,3305554,Baixada Fluminense,1,0,0,1,0,,1,3,,25,2,3,18,1,0,0,1,1,1,0,2,0,0.0,0,0,0.0,2,7,2,2,1,1,2.0,14,22,0,0,0,39,2,0.0,2.0,0.0,3,17.0,1.0,9.0,0.0,25,3,0,0,0,0,239,3
50,9,2024,2024-09-01,24,3,Itaguaí,3302007,Baixada Fluminense,3,0,0,3,0,,3,1,,58,7,0,18,2,5,0,7,9,0,0,0,0,0.0,0,0,0.0,2,18,7,4,2,10,0.0,46,69,0,1,0,74,7,3.0,4.0,1.0,10,14.0,1.0,9.0,1.0,44,4,0,0,0,0,448,3
51,9,2024,2024-09-01,24,3,Paracambi,3303609,Baixada Fluminense,1,0,0,1,0,,1,2,,16,2,0,7,0,0,0,0,0,0,0,0,0,0.0,0,0,0.0,1,1,4,2,0,2,1.0,11,20,0,0,0,18,12,7.0,4.0,1.0,0,14.0,2.0,7.0,0.0,36,2,0,0,0,0,148,3
52,9,2024,2024-09-01,20,3,Nova Iguaçu,3303500,Baixada Fluminense,3,0,0,3,0,,3,4,,71,7,4,31,85,42,13,140,87,1,2,0,0,0.0,1,2,0.0,20,253,34,23,9,29,5.0,165,265,0,3,2,169,7,4.0,1.0,2.0,20,65.0,4.0,12.0,0.0,106,5,0,0,0,0,1333,3
53,9,2024,2024-09-01,20,3,Mesquita,3302858,Baixada Fluminense,0,0,0,0,0,,0,11,,80,11,0,16,46,44,24,114,51,2,2,0,0,0.0,0,3,0.0,12,184,14,5,0,5,3.0,84,111,0,5,0,109,5,0.0,5.0,0.0,8,25.0,3.0,9.0,0.0,59,1,0,0,0,0,752,3
54,9,2024,2024-09-01,39,3,Belford Roxo,3300456,Baixada Fluminense,17,0,1,18,4,,22,18,,165,14,4,46,103,120,18,241,152,16,1,1,0,0.0,1,0,0.0,31,443,48,5,5,15,5.0,93,171,0,8,3,192,12,2.0,9.0,1.0,104,65.0,2.0,10.0,1.0,162,20,1,0,0,0,1585,3
55,9,2024,2024-09-01,24,3,Queimados,3304144,Baixada Fluminense,3,0,0,3,0,,3,1,,85,9,1,16,19,6,2,27,7,1,0,2,0,0.0,0,2,0.0,0,39,14,4,1,11,2.0,40,72,0,2,0,43,4,2.0,2.0,0.0,13,50.0,0.0,5.0,0.0,74,0,1,0,0,0,483,3
56,9,2024,2024-09-01,20,3,Nova Iguaçu,3303500,Baixada Fluminense,7,0,0,7,0,,7,1,,100,11,3,25,69,58,25,152,39,1,2,1,0,0.0,0,1,0.0,14,210,9,4,2,8,6.0,40,69,0,7,0,104,5,1.0,4.0,0.0,8,30.0,4.0,4.0,1.0,94,10,0,0,0,0,791,3
57,9,2024,2024-09-01,20,3,Nilópolis,3303203,Baixada Fluminense,0,0,0,0,2,,2,1,,60,1,1,17,25,25,2,52,15,0,1,0,0,0.0,0,0,0.0,7,75,26,10,0,14,4.0,58,112,0,2,0,117,1,0.0,1.0,0.0,17,19.0,1.0,7.0,0.0,50,2,0,0,0,0,653,3
58,9,2024,2024-09-01,20,3,Nova Iguaçu,3303500,Baixada Fluminense,9,0,0,9,0,,9,11,,169,18,3,36,71,76,16,163,78,3,2,2,0,1.0,0,3,0.0,16,268,23,1,0,7,2.0,55,88,0,3,0,141,4,2.0,3.0,0.0,20,58.0,6.0,13.0,2.0,118,13,0,0,0,0,1206,3
59,9,2024,2024-09-01,15,3,Duque de Caxias,3301702,Baixada Fluminense,3,0,0,3,1,,4,5,,115,7,6,58,116,75,12,203,155,27,3,1,0,0.0,0,0,0.0,22,411,49,50,13,39,3.0,146,300,0,2,0,177,12,5.0,6.0,1.0,173,54.0,5.0,14.0,0.0,101,11,0,0,0,1,1767,3
60,9,2024,2024-09-01,15,3,Duque de Caxias,3301702,Baixada Fluminense,5,0,0,5,0,,5,9,,79,13,8,39,45,28,15,88,194,41,4,0,0,0.0,0,1,0.0,22,350,31,4,3,4,2.0,47,91,0,0,0,130,14,1.0,12.0,1.0,55,44.0,10.0,21.0,2.0,73,8,1,0,0,0,1102,3
61,9,2024,2024-09-01,15,3,Duque de Caxias,3301702,Baixada Fluminense,0,0,0,0,0,,0,1,,27,2,1,8,0,2,0,2,12,2,0,0,0,0.0,0,0,0.0,2,18,2,1,1,1,1.0,10,16,0,2,0,20,0,0.0,0.0,0.0,3,9.0,0.0,2.0,0.0,12,3,1,0,0,0,158,3
62,9,2024,2024-09-01,15,3,Duque de Caxias,3301702,Baixada Fluminense,1,0,0,1,0,,1,1,,46,7,6,19,12,11,1,24,71,6,4,2,0,0.0,0,0,0.0,10,117,20,3,1,2,0.0,19,45,0,0,0,47,3,0.0,3.0,0.0,29,9.0,0.0,3.0,0.0,36,4,0,0,0,0,411,3
63,9,2024,2024-09-01,24,3,Japeri,3302270,Baixada Fluminense,3,0,0,3,0,,3,8,,39,2,1,3,7,7,0,14,5,0,0,0,0,0.0,0,0,0.0,2,21,7,1,0,1,0.0,17,26,0,1,0,27,9,0.0,8.0,1.0,7,12.0,0.0,6.0,1.0,18,1,0,0,0,0,235,3
64,9,2024,2024-09-01,21,3,São João de Meriti,3305109,Baixada Fluminense,10,0,0,10,4,,14,11,,121,13,2,71,84,22,24,130,99,10,3,0,0,0.0,0,0,0.0,27,269,54,8,4,13,2.0,55,136,0,3,0,160,13,2.0,11.0,0.0,49,64.0,7.0,19.0,0.0,111,15,0,0,1,0,1201,3
65,9,2024,2024-09-01,34,3,Magé,3302502,Baixada Fluminense,1,0,0,1,0,,1,4,,26,5,1,17,4,2,0,6,5,1,0,0,0,0.0,0,0,0.0,1,13,6,1,0,6,4.0,24,41,0,0,0,51,9,1.0,8.0,0.0,5,11.0,1.0,6.0,0.0,50,4,0,0,0,0,310,3
66,9,2024,2024-09-01,34,3,Magé,3302502,Baixada Fluminense,1,0,0,1,0,,1,5,,86,9,2,33,5,7,0,12,9,0,0,0,0,0.0,0,0,0.0,2,23,16,6,0,11,1.0,32,66,0,2,0,68,8,6.0,1.0,1.0,5,17.0,1.0,11.0,0.0,108,10,0,0,0,0,596,3
67,9,2024,2024-09-01,34,3,Guapimirim,3301850,Baixada Fluminense,0,0,0,0,0,,0,0,,33,3,1,17,2,3,1,6,4,0,0,1,0,0.0,0,0,0.0,2,13,7,1,0,24,0.0,39,71,0,2,0,34,2,1.0,1.0,0.0,1,8.0,0.0,7.0,1.0,36,6,0,0,0,0,297,3
1,10,2024,2024-10-01,5,1,Rio de Janeiro,3304557,Capital,0,0,0,0,0,0.0,0,0,0.0,15,1,0,4,49,19,3,71,0,0,1,0,0,0.0,0,0,0.0,4,76,3,99,7,62,3.0,74,248,0,3,0,78,2,0.0,1.0,1.0,3,25.0,7.0,21.0,3.0,10,3,0,0,0,0,571,3
4,10,2024,2024-10-01,5,1,Rio de Janeiro,3304557,Capital,1,0,0,1,2,0.0,3,0,0.0,23,0,2,14,35,23,11,69,9,0,0,0,0,0.0,0,0,0.0,11,89,6,40,14,108,2.0,94,264,0,1,0,51,12,3.0,8.0,1.0,4,23.0,1.0,17.0,1.0,15,3,0,0,0,0,631,3
5,10,2024,2024-10-01,5,1,Rio de Janeiro,3304557,Capital,1,0,0,1,0,0.0,1,1,0.0,37,2,0,11,63,46,2,111,15,1,2,0,0,0.0,0,0,0.0,26,155,15,87,7,105,5.0,116,335,0,0,1,107,8,5.0,2.0,1.0,2,19.0,3.0,19.0,1.0,35,2,0,0,0,0,905,3
6,10,2024,2024-10-01,4,1,Rio de Janeiro,3304557,Capital,2,0,0,2,0,0.0,2,3,0.0,34,2,0,24,26,19,13,58,35,2,1,0,0,0.0,0,0,0.0,10,106,11,18,16,44,2.0,63,154,0,0,1,61,7,1.0,4.0,2.0,48,14.0,4.0,6.0,2.0,23,5,0,0,0,0,638,3
7,10,2024,2024-10-01,5,1,Rio de Janeiro,3304557,Capital,0,0,0,0,0,0.0,0,0,0.0,13,0,0,3,17,6,0,23,4,0,0,0,0,0.0,0,0,1.0,4,32,5,6,2,6,0.0,28,47,0,0,0,39,5,0.0,2.0,3.0,3,6.0,0.0,1.0,0.0,19,1,0,0,0,0,252,3
9,10,2024,2024-10-01,2,1,Rio de Janeiro,3304557,Capital,1,0,0,1,0,0.0,1,0,0.0,20,1,0,24,60,41,11,112,33,0,1,1,0,0.0,0,0,9.0,18,174,19,41,17,67,17.0,193,354,0,9,0,178,4,3.0,1.0,0.0,1,26.0,4.0,7.0,1.0,30,0,0,0,0,0,1145,3
10,10,2024,2024-10-01,2,1,Rio de Janeiro,3304557,Capital,0,0,0,0,0,0.0,0,3,0.0,37,1,0,35,60,29,4,93,33,0,6,1,0,0.0,0,1,7.0,11,152,22,28,32,96,26.0,201,405,0,7,1,139,4,3.0,1.0,0.0,6,14.0,17.0,2.0,3.0,31,0,1,0,0,0,1091,3
11,10,2024,2024-10-01,23,1,Rio de Janeiro,3304557,Capital,0,0,0,0,0,0.0,0,0,0.0,8,0,0,0,1,0,1,2,0,0,0,0,0,0.0,0,0,0.0,0,2,1,2,2,7,0.0,6,18,0,0,0,10,2,0.0,2.0,0.0,0,1.0,0.0,1.0,0.0,5,3,0,0,0,0,81,3
12,10,2024,2024-10-01,19,1,Rio de Janeiro,3304557,Capital,0,0,0,0,0,0.0,0,1,0.0,32,3,0,11,18,8,0,26,4,0,2,5,0,0.0,0,0,2.0,7,46,16,47,12,58,13.0,183,329,0,6,0,212,10,5.0,5.0,0.0,3,33.0,15.0,9.0,5.0,41,5,0,0,0,0,994,3
13,10,2024,2024-10-01,19,1,Rio de Janeiro,3304557,Capital,0,0,0,0,0,0.0,0,0,0.0,19,2,0,6,6,4,0,10,0,0,0,0,0,0.0,0,0,2.0,3,15,9,18,7,29,3.0,71,137,0,1,0,105,4,1.0,3.0,0.0,2,9.0,0.0,4.0,1.0,11,0,0,0,0,0,464,3
14,10,2024,2024-10-01,23,1,Rio de Janeiro,3304557,Capital,0,0,0,0,0,0.0,0,0,0.0,14,2,0,7,27,20,3,50,2,0,3,0,0,0.0,0,0,0.0,3,58,21,35,11,125,19.0,148,359,0,2,0,146,3,1.0,2.0,0.0,5,22.0,6.0,5.0,6.0,31,2,0,0,0,0,903,3
15,10,2024,2024-10-01,23,1,Rio de Janeiro,3304557,Capital,0,0,0,0,0,0.0,0,2,0.0,14,0,0,10,12,15,1,28,8,0,2,0,0,1.0,0,0,2.0,5,46,8,8,9,43,6.0,71,145,0,2,0,130,2,1.0,1.0,0.0,4,10.0,7.0,1.0,1.0,21,1,0,0,0,0,565,3
16,10,2024,2024-10-01,31,2,Rio de Janeiro,3304557,Capital,3,1,0,4,2,1.0,7,6,0.0,52,4,4,40,66,34,17,117,10,0,5,0,0,0.0,2,0,2.0,53,189,31,30,50,152,9.0,269,541,0,9,0,376,12,4.0,6.0,2.0,5,78.0,21.0,20.0,10.0,77,4,0,0,0,0,1994,3
17,10,2024,2024-10-01,4,1,Rio de Janeiro,3304557,Capital,0,1,0,1,2,0.0,3,7,1.0,28,3,1,20,30,19,26,75,48,5,1,0,0,0.0,1,0,0.0,22,152,19,28,18,119,2.0,164,350,0,3,0,75,8,2.0,6.0,0.0,12,18.0,3.0,6.0,0.0,42,10,0,0,0,0,959,3
18,10,2024,2024-10-01,6,1,Rio de Janeiro,3304557,Capital,0,0,0,0,0,0.0,0,0,0.0,24,1,2,31,46,75,32,153,45,1,3,1,0,1.0,0,1,2.0,12,219,14,38,22,222,3.0,116,415,0,2,0,95,2,2.0,0.0,0.0,6,18.0,4.0,4.0,2.0,20,0,0,0,0,0,1073,3
19,10,2024,2024-10-01,6,1,Rio de Janeiro,3304557,Capital,0,0,0,0,0,0.0,0,4,0.0,33,2,2,17,29,29,7,65,16,0,2,1,0,0.0,0,0,0.0,12,96,13,19,19,61,1.0,129,242,0,2,0,220,7,2.0,3.0,2.0,4,23.0,2.0,3.0,3.0,53,5,0,0,0,0,933,3
20,10,2024,2024-10-01,6,1,Rio de Janeiro,3304557,Capital,2,0,0,2,1,0.0,3,3,0.0,28,1,2,12,29,27,4,60,49,0,2,1,0,0.0,0,0,0.0,19,131,13,16,14,54,4.0,123,224,0,2,0,141,4,3.0,0.0,1.0,8,16.0,5.0,2.0,2.0,20,1,1,0,0,0,877,3
21,10,2024,2024-10-01,22,1,Rio de Janeiro,3304557,Capital,4,0,0,4,2,0.0,6,0,0.0,83,6,6,52,70,45,58,173,115,22,3,0,0,1.0,1,0,0.0,44,359,35,27,37,37,4.0,208,348,0,3,0,194,22,8.0,9.0,5.0,144,68.0,3.0,26.0,8.0,65,8,2,0,0,0,1700,3
22,10,2024,2024-10-01,16,1,Rio de Janeiro,3304557,Capital,3,0,0,3,0,0.0,3,69,0.0,50,4,3,34,39,17,22,78,70,6,0,0,0,0.0,0,0,1.0,16,171,21,12,15,14,1.0,112,175,0,3,1,122,11,2.0,8.0,1.0,34,39.0,4.0,2.0,0.0,55,4,0,0,0,0,959,3
23,10,2024,2024-10-01,3,1,Rio de Janeiro,3304557,Capital,1,0,0,1,0,1.0,2,0,0.0,26,0,1,11,19,14,6,39,34,1,0,0,0,0.0,0,0,1.0,8,83,12,3,7,18,0.0,53,93,0,0,1,56,1,1.0,0.0,0.0,10,12.0,0.0,4.0,2.0,25,3,0,0,0,0,452,3
24,10,2024,2024-10-01,3,1,Rio de Janeiro,3304557,Capital,0,0,0,0,0,0.0,0,0,0.0,45,4,2,20,53,35,12,100,83,2,1,0,0,0.0,0,0,1.0,24,211,20,16,9,57,0.0,146,248,0,2,0,134,3,0.0,3.0,0.0,9,27.0,1.0,1.0,0.0,39,6,0,0,0,0,885,3
25,10,2024,2024-10-01,3,1,Rio de Janeiro,3304557,Capital,0,0,0,0,0,0.0,0,4,1.0,26,2,0,24,25,37,23,85,45,2,0,1,0,0.0,0,1,0.0,14,148,7,10,32,63,1.0,89,202,0,2,0,93,12,3.0,10.0,0.0,46,52.0,4.0,7.0,1.0,33,8,1,0,0,0,818,3
26,10,2024,2024-10-01,3,1,Rio de Janeiro,3304557,Capital,0,0,0,0,1,0.0,1,0,0.0,27,0,1,21,53,43,8,104,62,8,1,0,0,0.0,0,0,0.0,20,195,9,12,18,52,0.0,125,216,0,3,0,96,6,3.0,1.0,2.0,35,17.0,7.0,6.0,1.0,30,2,0,0,0,0,872,3
27,10,2024,2024-10-01,41,2,Rio de Janeiro,3304557,Capital,1,0,0,1,4,0.0,5,3,0.0,48,5,0,30,72,52,13,137,159,13,3,0,0,0.0,0,0,0.0,25,337,29,16,8,23,2.0,73,151,0,8,0,132,6,0.0,5.0,1.0,30,42.0,4.0,7.0,1.0,45,4,0,0,0,0,1059,3
28,10,2024,2024-10-01,18,2,Rio de Janeiro,3304557,Capital,0,0,0,0,3,0.0,3,6,0.0,47,3,0,27,12,21,5,38,28,1,1,0,0,0.0,0,0,0.0,6,74,9,5,12,13,1.0,51,91,0,3,0,127,3,1.0,2.0,0.0,10,22.0,2.0,1.0,0.0,48,6,0,0,0,0,602,3
29,10,2024,2024-10-01,9,2,Rio de Janeiro,3304557,Capital,2,1,0,3,0,0.0,3,0,0.0,80,2,0,41,127,61,15,203,96,6,3,0,0,0.0,0,1,0.0,24,333,26,61,26,101,0.0,188,402,0,3,1,195,7,3.0,4.0,0.0,55,22.0,1.0,0.0,1.0,58,8,0,0,0,0,1443,3
30,10,2024,2024-10-01,9,2,Rio de Janeiro,3304557,Capital,0,0,1,1,0,0.0,1,1,0.0,54,8,2,22,22,34,5,61,52,0,5,1,0,1.0,0,0,0.0,12,132,27,6,7,17,0.0,47,104,0,1,0,106,5,0.0,5.0,0.0,12,26.0,0.0,4.0,0.0,65,4,0,0,0,0,655,3
31,10,2024,2024-10-01,41,2,Rio de Janeiro,3304557,Capital,1,0,0,1,1,0.0,2,1,1.0,42,4,2,14,19,48,20,87,66,22,1,0,0,0.0,0,0,0.0,21,197,23,6,5,25,1.0,30,90,0,0,0,73,5,0.0,4.0,1.0,58,23.0,7.0,1.0,0.0,55,3,0,0,0,0,680,3
32,10,2024,2024-10-01,18,2,Rio de Janeiro,3304557,Capital,6,0,0,6,5,2.0,13,3,1.0,133,10,3,53,63,52,6,121,64,2,3,1,0,0.0,0,1,0.0,13,205,34,28,44,87,4.0,262,459,0,6,1,490,11,1.0,10.0,0.0,38,83.0,11.0,13.0,3.0,194,16,0,0,0,0,2202,3
33,10,2024,2024-10-01,14,2,Rio de Janeiro,3304557,Capital,3,0,0,3,1,0.0,4,2,0.0,75,4,2,54,14,62,4,80,52,20,3,0,0,0.0,0,1,0.0,10,166,19,5,11,72,2.0,84,193,0,3,0,201,2,0.0,2.0,0.0,26,27.0,1.0,2.0,0.0,79,8,0,0,0,0,1099,3
34,10,2024,2024-10-01,14,2,Rio de Janeiro,3304557,Capital,6,0,0,6,1,0.0,7,8,0.0,113,12,3,55,70,38,16,124,56,15,7,1,0,0.0,0,1,1.0,14,219,16,12,4,43,2.0,120,197,0,5,0,230,23,1.0,18.0,4.0,43,76.0,2.0,16.0,1.0,108,9,1,0,0,0,1374,3
35,10,2024,2024-10-01,40,2,Rio de Janeiro,3304557,Capital,4,0,0,4,0,2.0,6,8,2.0,214,29,4,96,74,39,11,124,34,5,3,1,0,0.0,0,0,0.0,19,186,43,25,16,55,6.0,296,441,0,10,0,395,3,3.0,0.0,0.0,38,79.0,2.0,18.0,1.0,201,25,0,0,0,0,2431,3
36,10,2024,2024-10-01,27,2,Rio de Janeiro,3304557,Capital,5,0,0,5,0,0.0,5,3,0.0,134,7,4,52,30,16,7,53,18,4,3,1,0,0.0,0,0,0.0,4,83,14,4,7,18,5.0,73,121,0,2,0,179,6,1.0,4.0,1.0,15,42.0,0.0,4.0,1.0,130,20,0,0,0,0,1109,3
37,10,2024,2024-10-01,17,1,Rio de Janeiro,3304557,Capital,3,0,0,3,0,1.0,4,0,1.0,87,3,0,39,16,4,5,25,18,1,0,0,0,0.0,0,0,0.0,5,49,28,3,4,24,0.0,88,147,0,2,0,116,28,6.0,5.0,17.0,17,32.0,24.0,9.0,0.0,61,3,0,0,0,0,854,3
38,10,2024,2024-10-01,16,1,Rio de Janeiro,3304557,Capital,6,0,0,6,2,0.0,8,5,0.0,57,3,2,45,31,29,13,73,116,18,3,0,0,0.0,0,1,1.0,24,236,17,2,1,5,0.0,38,63,0,4,0,84,10,1.0,8.0,1.0,118,32.0,3.0,12.0,2.0,44,8,0,0,0,0,849,3
39,10,2024,2024-10-01,41,2,Rio de Janeiro,3304557,Capital,3,0,0,3,1,0.0,4,1,1.0,58,6,3,11,51,46,67,164,109,10,0,0,0,0.0,0,1,0.0,40,324,11,13,7,21,1.0,59,112,0,6,0,120,5,0.0,5.0,0.0,95,35.0,1.0,6.0,0.0,41,4,0,0,0,0,967,3
40,10,2024,2024-10-01,9,2,Rio de Janeiro,3304557,Capital,1,0,0,1,0,0.0,1,0,0.0,37,6,0,22,43,48,10,101,45,0,1,0,0,0.0,0,0,0.0,12,159,12,7,4,16,1.0,44,84,0,4,0,115,3,0.0,3.0,0.0,31,17.0,1.0,2.0,0.0,38,6,0,0,0,0,611,3
41,10,2024,2024-10-01,18,2,Rio de Janeiro,3304557,Capital,1,0,0,1,2,0.0,3,2,0.0,35,4,1,34,23,21,2,46,21,0,3,0,0,0.0,0,0,0.0,9,79,2,9,23,30,0.0,66,130,0,5,1,160,4,0.0,3.0,1.0,11,15.0,1.0,0.0,2.0,46,5,0,0,0,0,744,3
42,10,2024,2024-10-01,31,2,Rio de Janeiro,3304557,Capital,5,0,1,6,0,0.0,6,2,0.0,81,0,3,36,40,18,15,73,10,0,3,0,0,1.0,0,1,1.0,21,110,40,12,21,40,8.0,136,257,0,9,0,275,28,15.0,7.0,6.0,12,57.0,5.0,7.0,2.0,98,10,0,0,0,0,1374,3
43,10,2024,2024-10-01,27,2,Rio de Janeiro,3304557,Capital,2,0,0,2,0,0.0,2,2,0.0,97,13,0,23,21,23,1,45,2,1,3,1,0,0.0,0,0,0.0,2,54,10,1,3,8,4.0,36,62,0,1,0,99,0,0.0,0.0,0.0,19,21.0,1.0,9.0,0.0,86,9,0,0,0,0,647,3
44,10,2024,2024-10-01,3,1,Rio de Janeiro,3304557,Capital,3,0,0,3,1,0.0,4,4,0.0,34,2,0,39,47,59,10,116,82,5,0,3,0,0.0,0,0,0.0,31,237,17,9,8,35,0.0,82,151,0,3,0,78,4,2.0,2.0,0.0,21,26.0,4.0,7.0,1.0,19,2,0,0,0,0,834,3
48,10,2024,2024-10-01,24,3,Seropédica,3305554,Baixada Fluminense,3,0,0,3,0,0.0,3,2,0.0,24,7,3,9,5,1,0,6,4,0,0,1,0,0.0,0,0,0.0,4,15,4,0,0,2,1.0,22,29,0,1,0,56,1,1.0,0.0,0.0,8,19.0,0.0,4.0,2.0,21,7,0,0,0,0,281,3
50,10,2024,2024-10-01,24,3,Itaguaí,3302007,Baixada Fluminense,0,0,1,1,0,0.0,1,1,0.0,42,2,8,20,6,1,1,8,3,0,0,0,0,0.0,0,0,0.0,2,13,8,1,0,6,1.0,48,64,0,1,0,72,6,3.0,1.0,2.0,12,19.0,1.0,9.0,0.0,23,5,0,0,0,0,440,3
51,10,2024,2024-10-01,24,3,Paracambi,3303609,Baixada Fluminense,1,0,0,1,0,0.0,1,1,0.0,10,0,0,7,1,0,0,1,0,0,1,0,0,0.0,0,0,0.0,1,3,1,1,0,4,2.0,10,18,0,1,0,27,5,3.0,2.0,0.0,4,9.0,2.0,1.0,0.0,14,2,0,0,0,0,127,3
52,10,2024,2024-10-01,20,3,Nova Iguaçu,3303500,Baixada Fluminense,0,0,0,0,0,0.0,0,3,0.0,81,0,0,47,83,55,2,140,112,4,4,2,0,0.0,0,1,3.0,26,292,41,20,5,37,5.0,162,270,0,3,0,193,4,1.0,3.0,0.0,16,67.0,9.0,9.0,0.0,91,7,0,0,0,0,1400,3
53,10,2024,2024-10-01,20,3,Mesquita,3302858,Baixada Fluminense,2,0,0,2,0,0.0,2,0,1.0,67,9,0,19,64,32,13,109,49,0,2,1,0,0.0,0,2,0.0,7,170,25,8,1,10,5.0,112,161,0,3,0,107,6,0.0,5.0,1.0,15,38.0,0.0,11.0,0.0,53,9,0,0,0,0,773,3
54,10,2024,2024-10-01,39,3,Belford Roxo,3300456,Baixada Fluminense,8,0,0,8,3,0.0,11,15,0.0,174,15,0,47,130,123,27,280,247,13,5,4,0,0.0,0,1,0.0,39,589,52,7,3,21,6.0,98,187,0,5,2,201,19,1.0,16.0,2.0,201,58.0,9.0,20.0,3.0,158,23,0,0,0,0,1932,3
55,10,2024,2024-10-01,24,3,Queimados,3304144,Baixada Fluminense,2,0,1,3,0,0.0,3,1,1.0,54,9,1,14,18,6,0,24,8,1,0,1,0,0.0,0,1,0.0,9,44,16,2,0,7,1.0,56,82,0,2,0,77,10,6.0,3.0,1.0,11,43.0,0.0,6.0,0.0,77,7,2,0,0,0,541,3
56,10,2024,2024-10-01,20,3,Nova Iguaçu,3303500,Baixada Fluminense,10,0,0,10,1,0.0,11,2,0.0,105,9,3,25,64,44,14,122,34,5,0,0,0,0.0,0,0,1.0,9,171,8,3,0,9,1.0,53,74,0,4,0,121,4,1.0,3.0,0.0,9,25.0,1.0,14.0,0.0,103,12,0,0,0,0,762,3
57,10,2024,2024-10-01,20,3,Nilópolis,3303203,Baixada Fluminense,0,0,0,0,0,0.0,0,1,0.0,44,0,3,10,29,18,0,47,39,2,2,0,0,0.0,0,0,0.0,5,95,40,5,3,12,4.0,105,169,0,2,0,112,2,2.0,0.0,0.0,10,17.0,0.0,7.0,0.0,47,1,0,0,0,0,741,3
58,10,2024,2024-10-01,20,3,Nova Iguaçu,3303500,Baixada Fluminense,6,0,0,6,0,0.0,6,14,1.0,151,13,4,40,87,47,8,142,99,4,4,1,0,0.0,0,1,0.0,24,275,33,2,2,9,5.0,58,109,0,7,0,172,5,2.0,3.0,0.0,25,53.0,3.0,8.0,1.0,143,26,1,0,0,0,1320,3
59,10,2024,2024-10-01,15,3,Duque de Caxias,3301702,Baixada Fluminense,3,0,0,3,3,0.0,6,2,0.0,154,14,2,55,135,76,19,230,216,43,4,1,0,0.0,0,2,0.0,33,529,62,51,12,41,2.0,210,378,0,2,0,195,15,4.0,11.0,0.0,178,64.0,6.0,15.0,2.0,120,16,0,0,0,0,2157,3
60,10,2024,2024-10-01,15,3,Duque de Caxias,3301702,Baixada Fluminense,5,0,0,5,5,0.0,10,12,0.0,98,5,5,33,34,23,9,66,182,69,3,1,0,0.0,0,0,0.0,26,347,32,1,5,5,5.0,54,102,0,5,0,151,14,1.0,12.0,1.0,53,67.0,3.0,7.0,0.0,76,11,1,0,0,0,1146,3
61,10,2024,2024-10-01,15,3,Duque de Caxias,3301702,Baixada Fluminense,4,0,0,4,0,0.0,4,2,0.0,16,4,0,6,7,2,2,11,8,2,0,0,0,0.0,0,0,0.0,2,23,4,0,0,1,2.0,15,22,0,0,0,32,0,0.0,0.0,0.0,1,6.0,0.0,2.0,0.0,16,2,0,0,0,0,173,3
62,10,2024,2024-10-01,15,3,Duque de Caxias,3301702,Baixada Fluminense,4,0,0,4,0,0.0,4,3,0.0,54,7,2,12,23,15,5,43,85,9,0,0,0,0.0,0,0,0.0,9,146,13,0,1,7,2.0,20,43,0,3,0,60,2,0.0,2.0,0.0,28,14.0,2.0,2.0,0.0,47,2,1,0,0,0,498,3
63,10,2024,2024-10-01,24,3,Japeri,3302270,Baixada Fluminense,0,0,0,0,1,0.0,1,4,0.0,30,5,0,6,6,6,0,12,5,1,1,0,0,0.0,0,0,0.0,6,25,4,0,0,5,0.0,20,29,0,1,0,36,10,3.0,5.0,2.0,13,15.0,2.0,3.0,0.0,31,6,1,0,0,0,280,3
64,10,2024,2024-10-01,21,3,São João de Meriti,3305109,Baixada Fluminense,8,0,1,9,2,0.0,11,17,0.0,128,15,1,61,88,45,26,159,141,14,4,1,0,1.0,0,1,0.0,39,360,69,7,3,13,1.0,69,162,0,2,0,175,18,0.0,16.0,2.0,103,71.0,11.0,13.0,2.0,115,17,2,0,0,0,1411,3
65,10,2024,2024-10-01,34,3,Magé,3302502,Baixada Fluminense,0,0,0,0,2,0.0,2,2,0.0,44,3,3,19,9,9,1,19,3,2,1,1,0,0.0,0,0,0.0,2,28,10,1,2,10,0.0,18,41,0,0,0,39,9,2.0,7.0,0.0,4,19.0,0.0,4.0,0.0,27,2,0,0,0,0,325,3
66,10,2024,2024-10-01,34,3,Magé,3302502,Baixada Fluminense,2,0,0,2,0,0.0,2,5,0.0,62,6,4,15,11,9,0,20,21,0,2,1,0,0.0,0,0,0.0,5,49,24,5,3,6,8.0,53,99,0,0,0,91,3,1.0,2.0,0.0,3,22.0,0.0,6.0,0.0,77,6,0,0,0,0,598,3
67,10,2024,2024-10-01,34,3,Guapimirim,3301850,Baixada Fluminense,1,0,0,1,0,0.0,1,0,1.0,32,2,0,17,4,0,0,4,5,0,1,1,0,0.0,0,0,0.0,1,12,4,0,1,3,0.0,18,26,0,0,0,23,13,3.0,7.0,4.0,3,8.0,4.0,12.0,0.0,32,0,0,0,0,0,241,3
1,11,2024,2024-11-01,5,1,Rio de Janeiro,3304557,Capital,0,0,0,0,0,0.0,0,0,0.0,11,1,0,13,20,18,6,44,1,1,0,0,0,0.0,0,0,0.0,4,50,3,59,12,72,1.0,55,202,0,1,0,91,1,1.0,0.0,0.0,0,31.0,2.0,17.0,2.0,7,2,1,0,0,0,514,3
4,11,2024,2024-11-01,5,1,Rio de Janeiro,3304557,Capital,1,0,0,1,0,0.0,1,0,0.0,30,0,0,20,33,25,3,61,6,1,0,1,0,0.0,0,0,1.0,8,78,3,36,24,146,4.0,89,302,0,0,0,36,11,5.0,4.0,2.0,6,16.0,7.0,29.0,2.0,17,6,1,0,0,0,676,3
5,11,2024,2024-11-01,5,1,Rio de Janeiro,3304557,Capital,0,0,0,0,0,0.0,0,0,0.0,41,1,0,6,76,38,3,117,10,0,2,2,0,0.0,0,0,1.0,12,144,10,75,7,124,8.0,144,368,0,5,0,100,4,0.0,4.0,0.0,3,32.0,7.0,12.0,9.0,14,3,0,0,0,0,969,3
6,11,2024,2024-11-01,4,1,Rio de Janeiro,3304557,Capital,1,0,0,1,0,0.0,1,2,0.0,24,0,2,27,20,17,10,47,25,2,0,0,0,0.0,0,0,0.0,6,80,15,18,18,67,1.0,68,187,0,5,0,57,6,2.0,2.0,2.0,15,10.0,2.0,10.0,4.0,19,1,0,0,0,0,550,3
7,11,2024,2024-11-01,5,1,Rio de Janeiro,3304557,Capital,1,0,0,1,0,0.0,1,0,0.0,8,2,0,4,28,8,3,39,8,0,0,0,0,0.0,0,0,0.0,11,58,6,5,1,8,0.0,30,50,0,0,0,26,4,0.0,1.0,3.0,4,1.0,0.0,0.0,1.0,9,0,0,0,0,0,238,3
9,11,2024,2024-11-01,2,1,Rio de Janeiro,3304557,Capital,0,0,0,0,0,0.0,0,0,1.0,24,5,1,17,60,52,5,117,37,0,3,1,0,0.0,0,0,5.0,3,166,20,44,8,99,12.0,136,319,0,1,0,185,1,1.0,0.0,0.0,2,27.0,7.0,8.0,5.0,28,5,0,0,0,0,1093,3
10,11,2024,2024-11-01,2,1,Rio de Janeiro,3304557,Capital,0,0,0,0,0,0.0,0,1,0.0,23,2,0,35,44,44,4,92,9,1,5,1,0,0.0,0,1,2.0,10,121,16,36,19,100,24.0,204,399,0,3,0,142,2,2.0,0.0,0.0,1,25.0,11.0,2.0,1.0,32,5,0,0,0,0,1023,3
11,11,2024,2024-11-01,23,1,Rio de Janeiro,3304557,Capital,0,0,0,0,0,0.0,0,0,0.0,11,1,0,0,0,0,0,0,0,0,0,0,0,0.0,0,0,0.0,0,0,0,0,0,2,0.0,6,8,0,0,0,15,0,0.0,0.0,0.0,0,2.0,0.0,0.0,0.0,7,1,0,0,0,0,82,3
12,11,2024,2024-11-01,19,1,Rio de Janeiro,3304557,Capital,0,0,0,0,0,0.0,0,0,0.0,48,1,0,11,17,7,1,25,1,0,1,2,0,0.0,0,0,1.0,8,38,19,49,12,88,18.0,194,380,0,5,1,196,2,2.0,0.0,0.0,6,23.0,8.0,15.0,4.0,29,3,0,0,0,0,991,3
13,11,2024,2024-11-01,19,1,Rio de Janeiro,3304557,Capital,0,0,0,0,0,0.0,0,0,0.0,16,0,0,10,8,5,1,14,0,0,2,1,0,0.0,0,0,0.0,2,19,6,18,3,37,4.0,90,158,0,1,0,95,3,1.0,3.0,0.0,0,12.0,2.0,9.0,0.0,15,2,0,0,0,0,467,3
14,11,2024,2024-11-01,23,1,Rio de Janeiro,3304557,Capital,0,0,0,0,0,0.0,0,0,0.0,20,2,2,9,15,21,1,37,2,0,2,2,0,1.0,0,0,0.0,3,47,12,21,8,122,35.0,159,357,0,4,0,150,5,4.0,1.0,0.0,4,12.0,3.0,8.0,0.0,17,9,0,0,0,0,874,3
15,11,2024,2024-11-01,23,1,Rio de Janeiro,3304557,Capital,0,0,0,0,1,0.0,1,0,0.0,21,4,1,6,7,14,0,21,5,0,2,1,0,0.0,0,0,0.0,8,37,7,6,13,47,9.0,78,160,0,1,0,109,5,5.0,1.0,0.0,0,14.0,4.0,1.0,0.0,19,1,0,0,0,0,530,3
16,11,2024,2024-11-01,31,2,Rio de Janeiro,3304557,Capital,2,0,0,2,0,0.0,2,3,0.0,62,4,3,89,77,35,13,125,4,0,2,2,0,0.0,0,2,2.0,46,183,30,28,53,129,7.0,257,504,0,4,0,430,16,8.0,7.0,1.0,10,62.0,19.0,24.0,8.0,70,4,0,0,0,0,1982,3
17,11,2024,2024-11-01,4,1,Rio de Janeiro,3304557,Capital,0,0,0,0,0,0.0,0,1,0.0,16,1,6,39,28,13,12,53,37,2,1,0,0,0.0,0,0,2.0,8,103,27,9,12,54,0.0,147,249,0,2,0,76,10,4.0,5.0,1.0,30,26.0,2.0,11.0,2.0,33,4,0,0,0,0,807,3
18,11,2024,2024-11-01,6,1,Rio de Janeiro,3304557,Capital,0,0,0,0,0,0.0,0,0,0.0,24,0,0,30,50,66,11,127,17,1,3,0,0,0.0,0,1,2.0,13,164,15,54,28,200,5.0,125,427,0,1,1,111,1,0.0,1.0,0.0,7,35.0,5.0,1.0,2.0,18,2,0,0,0,0,1002,3
19,11,2024,2024-11-01,6,1,Rio de Janeiro,3304557,Capital,0,0,0,0,1,0.0,1,2,0.0,35,1,0,9,30,36,2,68,19,1,0,1,0,0.0,0,0,1.0,20,110,11,14,37,61,2.0,112,237,0,4,0,160,2,0.0,1.0,1.0,6,24.0,7.0,4.0,2.0,41,3,0,0,0,0,866,3
20,11,2024,2024-11-01,6,1,Rio de Janeiro,3304557,Capital,1,0,0,1,0,0.0,1,0,1.0,33,3,0,13,26,28,2,56,36,0,1,1,0,0.0,0,0,1.0,10,105,10,8,27,33,8.0,143,229,0,1,0,140,2,1.0,0.0,1.0,10,22.0,5.0,2.0,1.0,41,3,0,0,0,0,820,3
21,11,2024,2024-11-01,22,1,Rio de Janeiro,3304557,Capital,3,0,0,3,0,0.0,3,6,0.0,51,4,3,61,57,42,36,135,110,51,0,0,0,0.0,0,0,0.0,34,330,28,15,29,40,3.0,214,329,0,3,0,213,14,6.0,5.0,3.0,96,64.0,6.0,28.0,5.0,55,10,0,0,0,0,1552,3
22,11,2024,2024-11-01,16,1,Rio de Janeiro,3304557,Capital,1,0,0,1,0,0.0,1,1,0.0,47,5,6,33,22,18,6,46,51,12,1,0,0,0.0,0,0,0.0,14,124,24,5,8,13,4.0,92,146,0,1,0,117,3,0.0,3.0,0.0,39,31.0,3.0,5.0,0.0,42,3,0,0,0,0,796,3
23,11,2024,2024-11-01,3,1,Rio de Janeiro,3304557,Capital,1,0,0,1,0,0.0,1,0,0.0,17,3,1,11,30,14,5,49,43,1,2,0,0,0.0,0,0,0.0,7,102,17,1,7,28,4.0,59,116,0,2,0,63,1,1.0,0.0,0.0,5,15.0,5.0,6.0,3.0,16,3,0,0,0,0,457,3
24,11,2024,2024-11-01,3,1,Rio de Janeiro,3304557,Capital,1,0,0,1,0,0.0,1,5,1.0,45,3,1,16,52,25,4,81,87,2,2,1,0,0.0,0,0,0.0,18,191,15,13,11,58,0.0,102,199,0,0,0,88,1,1.0,0.0,0.0,15,10.0,1.0,2.0,0.0,43,5,0,0,0,0,730,3
25,11,2024,2024-11-01,3,1,Rio de Janeiro,3304557,Capital,0,0,0,0,0,0.0,0,9,0.0,38,2,3,15,27,12,14,53,46,1,0,1,0,0.0,0,0,0.0,13,114,6,7,20,37,2.0,82,154,0,0,0,99,31,3.0,5.0,23.0,37,50.0,0.0,11.0,3.0,38,1,1,0,0,0,829,3
26,11,2024,2024-11-01,3,1,Rio de Janeiro,3304557,Capital,2,0,0,2,0,0.0,2,2,0.0,18,2,1,12,32,20,8,60,58,2,0,1,0,0.0,0,0,0.0,15,136,6,12,22,47,3.0,74,164,0,2,0,72,2,0.0,1.0,1.0,62,19.0,6.0,8.0,0.0,26,3,0,0,0,0,699,3
27,11,2024,2024-11-01,41,2,Rio de Janeiro,3304557,Capital,3,0,0,3,4,0.0,7,7,0.0,63,3,0,31,58,44,7,109,140,18,2,3,0,0.0,0,1,0.0,25,298,24,11,8,18,2.0,68,131,0,3,0,117,0,0.0,0.0,0.0,40,37.0,0.0,10.0,0.0,58,3,1,0,0,0,938,3
28,11,2024,2024-11-01,18,2,Rio de Janeiro,3304557,Capital,0,0,0,0,0,0.0,0,0,0.0,32,3,0,32,29,23,0,52,59,2,1,0,0,0.0,0,0,0.0,6,120,11,5,14,16,1.0,46,93,0,1,0,139,0,0.0,0.0,0.0,11,15.0,0.0,2.0,0.0,47,3,0,0,0,0,649,3
29,11,2024,2024-11-01,9,2,Rio de Janeiro,3304557,Capital,2,0,0,2,0,1.0,3,4,1.0,58,3,2,36,85,75,13,173,108,3,2,1,0,0.0,0,0,0.0,23,310,32,36,18,62,2.0,161,311,0,4,0,189,1,0.0,1.0,0.0,52,28.0,6.0,8.0,1.0,52,8,0,0,0,0,1263,3
30,11,2024,2024-11-01,9,2,Rio de Janeiro,3304557,Capital,0,0,0,0,0,0.0,0,0,0.0,49,4,1,20,25,29,5,59,61,0,3,1,0,0.0,0,1,0.0,7,132,25,4,8,19,2.0,52,110,0,2,0,129,0,0.0,0.0,0.0,15,12.0,0.0,2.0,0.0,54,1,0,0,0,0,641,3
31,11,2024,2024-11-01,41,2,Rio de Janeiro,3304557,Capital,2,0,0,2,0,0.0,2,3,0.0,45,3,1,13,29,34,12,75,69,19,0,0,0,0.0,0,1,0.0,6,170,19,3,5,13,0.0,42,82,0,0,0,78,6,0.0,5.0,1.0,86,20.0,4.0,7.0,0.0,37,3,0,0,0,0,668,3
32,11,2024,2024-11-01,18,2,Rio de Janeiro,3304557,Capital,16,0,0,16,3,1.0,20,11,1.0,123,10,2,50,61,74,9,144,77,3,6,0,0,0.0,0,0,0.0,30,260,35,23,13,100,2.0,240,413,0,11,0,423,11,2.0,9.0,0.0,25,74.0,7.0,12.0,3.0,157,12,2,0,0,0,1964,3
33,11,2024,2024-11-01,14,2,Rio de Janeiro,3304557,Capital,5,0,0,5,0,0.0,5,1,1.0,83,4,2,43,22,50,2,74,43,7,1,2,0,0.0,0,0,0.0,2,129,25,8,5,85,2.0,69,194,0,3,4,180,4,1.0,3.0,0.0,10,24.0,2.0,5.0,0.0,71,10,0,0,0,0,994,3
34,11,2024,2024-11-01,14,2,Rio de Janeiro,3304557,Capital,8,0,1,9,2,1.0,12,14,0.0,124,8,2,55,59,45,4,108,46,10,3,0,0,0.0,0,1,1.0,10,179,12,19,9,30,1.0,94,165,0,3,0,236,12,2.0,10.0,0.0,31,64.0,2.0,6.0,0.0,124,16,0,0,0,0,1221,3
35,11,2024,2024-11-01,40,2,Rio de Janeiro,3304557,Capital,3,0,1,4,0,0.0,4,5,1.0,228,22,7,67,43,25,9,77,35,5,5,2,0,0.0,0,2,1.0,14,141,39,20,14,59,1.0,251,384,0,8,0,205,1,1.0,0.0,0.0,29,83.0,4.0,12.0,0.0,172,14,1,0,0,0,1815,3
36,11,2024,2024-11-01,27,2,Rio de Janeiro,3304557,Capital,2,0,0,2,0,0.0,2,1,1.0,125,9,2,28,22,19,1,42,10,6,0,1,0,0.0,0,0,0.0,7,66,7,4,5,21,1.0,42,80,0,1,0,189,2,1.0,1.0,0.0,12,30.0,0.0,12.0,0.0,117,12,0,0,0,0,933,3
37,11,2024,2024-11-01,17,1,Rio de Janeiro,3304557,Capital,1,0,0,1,0,0.0,1,1,1.0,84,5,3,33,7,3,3,13,9,1,0,0,0,0.0,0,0,0.0,6,29,17,2,4,28,2.0,77,130,0,4,0,101,8,4.0,3.0,1.0,18,20.0,39.0,14.0,1.0,53,6,0,2,0,0,774,3
38,11,2024,2024-11-01,16,1,Rio de Janeiro,3304557,Capital,2,0,0,2,0,1.0,3,9,1.0,49,5,2,53,25,24,6,55,96,50,1,1,0,0.0,1,0,0.0,21,225,16,3,4,5,1.0,39,68,0,1,0,79,4,0.0,4.0,0.0,68,21.0,3.0,10.0,1.0,33,3,0,0,0,0,713,3
39,11,2024,2024-11-01,41,2,Rio de Janeiro,3304557,Capital,2,1,1,4,4,0.0,8,2,0.0,37,4,2,15,68,39,52,159,132,9,4,0,0,0.0,0,0,0.0,49,353,10,13,5,23,1.0,76,128,0,0,0,149,5,1.0,4.0,0.0,112,39.0,1.0,8.0,1.0,34,6,0,0,0,0,1043,3
40,11,2024,2024-11-01,9,2,Rio de Janeiro,3304557,Capital,3,0,0,3,0,0.0,3,2,0.0,39,7,1,26,45,37,3,85,46,4,2,0,0,0.0,0,2,0.0,9,148,8,8,2,7,4.0,40,69,0,2,0,68,2,0.0,2.0,0.0,30,16.0,3.0,3.0,0.0,33,6,0,0,0,0,536,3
41,11,2024,2024-11-01,18,2,Rio de Janeiro,3304557,Capital,1,0,0,1,0,0.0,1,0,0.0,29,1,2,38,29,13,2,44,17,0,0,1,0,0.0,1,0,0.0,7,70,11,10,24,12,4.0,80,141,0,2,0,151,0,0.0,0.0,0.0,8,16.0,3.0,1.0,1.0,44,2,0,0,0,0,710,3
42,11,2024,2024-11-01,31,2,Rio de Janeiro,3304557,Capital,5,0,1,6,0,0.0,6,3,0.0,55,3,0,43,30,21,6,57,15,2,1,1,0,0.0,0,1,0.0,11,88,51,13,21,54,18.0,140,297,0,6,0,260,26,15.0,6.0,5.0,9,37.0,8.0,8.0,1.0,73,7,2,0,0,0,1263,3
43,11,2024,2024-11-01,27,2,Rio de Janeiro,3304557,Capital,3,0,0,3,0,0.0,3,1,0.0,99,7,2,57,11,19,0,30,15,1,1,1,0,0.0,0,0,0.0,3,51,13,2,3,17,2.0,24,61,0,1,1,96,1,1.0,0.0,0.0,12,25.0,1.0,2.0,1.0,106,8,0,1,0,0,625,3
44,11,2024,2024-11-01,3,1,Rio de Janeiro,3304557,Capital,0,0,0,0,0,0.0,0,1,0.0,31,5,0,20,35,53,5,93,94,7,0,0,0,0.0,0,0,0.0,24,218,14,8,2,37,1.0,66,128,0,1,0,95,2,0.0,2.0,0.0,19,26.0,0.0,5.0,0.0,29,6,0,0,0,0,781,3
48,11,2024,2024-11-01,24,3,Seropédica,3305554,Baixada Fluminense,3,0,0,3,0,0.0,3,3,0.0,23,0,0,8,5,4,0,9,3,2,0,0,0,0.0,0,0,0.0,2,16,5,0,0,2,0.0,16,23,0,1,0,43,2,1.0,1.0,0.0,14,19.0,2.0,6.0,0.0,28,4,0,0,0,0,256,3
50,11,2024,2024-11-01,24,3,Itaguaí,3302007,Baixada Fluminense,1,0,1,2,0,0.0,2,1,0.0,40,4,0,14,5,6,2,13,9,0,0,0,0,0.0,0,1,0.0,6,29,7,0,0,12,2.0,42,63,0,2,0,53,2,2.0,0.0,0.0,9,16.0,0.0,13.0,1.0,36,3,0,0,0,0,382,3
51,11,2024,2024-11-01,24,3,Paracambi,3303609,Baixada Fluminense,0,0,0,0,0,0.0,0,3,0.0,15,0,0,5,0,1,0,1,0,0,0,0,0,0.0,0,0,0.0,0,1,3,0,0,1,0.0,15,19,0,0,0,19,7,3.0,4.0,0.0,1,3.0,0.0,3.0,0.0,19,1,0,0,0,0,122,3
52,11,2024,2024-11-01,20,3,Nova Iguaçu,3303500,Baixada Fluminense,2,0,0,2,1,0.0,3,3,0.0,104,12,0,30,69,54,24,147,121,4,4,0,0,0.0,0,0,0.0,24,300,38,18,4,36,7.0,120,223,0,5,0,204,2,2.0,0.0,0.0,35,58.0,3.0,15.0,0.0,68,7,0,0,0,0,1331,3
53,11,2024,2024-11-01,20,3,Mesquita,3302858,Baixada Fluminense,0,1,0,1,0,0.0,1,2,0.0,74,2,2,17,34,43,13,90,51,0,0,0,0,0.0,0,0,0.0,4,145,25,3,0,8,3.0,94,133,0,0,0,79,6,1.0,5.0,0.0,13,22.0,1.0,11.0,0.0,70,11,0,1,0,0,685,3
54,11,2024,2024-11-01,39,3,Belford Roxo,3300456,Baixada Fluminense,19,0,1,20,3,2.0,25,6,0.0,127,13,5,39,141,105,36,282,265,15,6,4,0,1.0,0,1,2.0,29,605,40,13,6,12,4.0,113,188,0,10,0,204,26,1.0,25.0,0.0,161,61.0,12.0,12.0,2.0,117,13,3,0,0,0,1765,3
55,11,2024,2024-11-01,24,3,Queimados,3304144,Baixada Fluminense,0,0,0,0,4,0.0,4,5,0.0,60,6,0,14,22,7,0,29,14,1,1,1,0,0.0,0,0,0.0,13,59,13,1,0,8,2.0,57,81,0,2,0,87,3,2.0,1.0,0.0,24,42.0,6.0,4.0,2.0,62,13,6,0,0,0,563,3
56,11,2024,2024-11-01,20,3,Nova Iguaçu,3303500,Baixada Fluminense,6,0,1,7,2,0.0,9,0,0.0,107,13,1,28,40,44,3,87,49,6,2,0,0,0.0,0,0,0.0,12,156,21,4,1,12,2.0,46,86,0,3,0,94,1,0.0,1.0,0.0,24,27.0,0.0,5.0,1.0,98,4,0,0,0,0,722,3
57,11,2024,2024-11-01,20,3,Nilópolis,3303203,Baixada Fluminense,1,0,0,1,1,0.0,2,1,0.0,45,5,0,12,35,18,3,56,29,4,1,1,0,0.0,0,1,0.0,15,107,13,12,2,15,5.0,131,178,0,3,0,111,5,1.0,4.0,0.0,16,26.0,1.0,10.0,1.0,56,2,0,0,0,0,723,3
58,11,2024,2024-11-01,20,3,Nova Iguaçu,3303500,Baixada Fluminense,11,0,0,11,0,0.0,11,0,0.0,153,17,7,38,70,48,3,121,111,1,4,3,0,0.0,0,0,0.0,15,255,37,1,2,7,4.0,65,116,0,3,2,145,6,3.0,3.0,0.0,47,38.0,1.0,7.0,0.0,120,12,0,0,0,0,1143,3
59,11,2024,2024-11-01,15,3,Duque de Caxias,3301702,Baixada Fluminense,2,0,0,2,1,1.0,4,7,2.0,142,12,4,53,122,78,22,222,230,33,3,1,0,0.0,0,1,0.0,33,523,47,49,4,49,2.0,165,316,0,4,0,196,15,8.0,7.0,0.0,194,92.0,7.0,20.0,0.0,107,12,1,0,0,0,1972,3
60,11,2024,2024-11-01,15,3,Duque de Caxias,3301702,Baixada Fluminense,8,1,1,10,0,0.0,10,11,1.0,73,5,6,31,51,47,10,108,172,33,2,0,0,0.0,0,2,0.0,21,338,20,1,9,10,3.0,42,85,0,4,0,146,13,0.0,12.0,1.0,44,71.0,3.0,19.0,0.0,74,7,0,0,0,0,1087,3
61,11,2024,2024-11-01,15,3,Duque de Caxias,3301702,Baixada Fluminense,1,0,0,1,1,0.0,2,4,0.0,21,6,0,5,4,3,0,7,4,2,0,0,0,0.0,0,0,0.0,3,16,6,2,0,2,0.0,12,22,0,2,0,26,0,0.0,0.0,0.0,1,10.0,0.0,1.0,0.0,24,3,0,0,0,0,182,3
62,11,2024,2024-11-01,15,3,Duque de Caxias,3301702,Baixada Fluminense,3,0,0,3,0,1.0,4,5,2.0,40,5,0,12,14,12,0,26,69,6,1,0,0,0.0,0,0,0.0,4,106,17,3,1,1,1.0,12,35,0,2,0,39,3,0.0,3.0,0.0,31,14.0,0.0,7.0,0.0,28,2,1,0,0,0,378,3
63,11,2024,2024-11-01,24,3,Japeri,3302270,Baixada Fluminense,5,0,0,5,1,0.0,6,1,4.0,39,2,1,6,9,5,0,14,5,1,0,1,0,0.0,0,0,0.0,6,27,4,0,1,3,0.0,19,27,0,1,0,28,4,1.0,3.0,0.0,9,24.0,1.0,9.0,0.0,32,7,0,0,0,0,267,3
64,11,2024,2024-11-01,21,3,São João de Meriti,3305109,Baixada Fluminense,6,0,1,7,7,1.0,15,29,0.0,132,5,4,51,86,45,28,159,150,15,4,2,0,0.0,0,2,0.0,47,379,47,10,4,16,0.0,88,165,0,6,1,124,15,0.0,14.0,1.0,123,104.0,11.0,7.0,0.0,113,17,1,0,0,0,1391,3
65,11,2024,2024-11-01,34,3,Magé,3302502,Baixada Fluminense,0,0,0,0,1,0.0,1,4,0.0,40,2,3,19,5,1,0,6,3,0,0,0,0,0.0,0,1,0.0,1,11,5,3,1,7,0.0,24,40,0,0,0,26,10,2.0,4.0,4.0,7,10.0,2.0,7.0,0.0,36,3,0,0,0,0,288,3
66,11,2024,2024-11-01,34,3,Magé,3302502,Baixada Fluminense,1,0,0,1,0,0.0,1,2,0.0,92,6,2,16,5,9,0,14,9,6,0,0,0,0.0,0,1,2.0,2,34,25,8,2,9,9.0,52,105,0,1,0,82,7,4.0,3.0,0.0,3,31.0,0.0,7.0,0.0,91,8,0,0,0,0,582,3
67,11,2024,2024-11-01,34,3,Guapimirim,3301850,Baixada Fluminense,1,1,0,2,0,0.0,2,1,0.0,15,0,1,14,0,1,0,1,5,0,0,0,0,0.0,0,0,0.0,0,6,1,0,0,0,3.0,17,21,0,0,0,41,5,1.0,4.0,0.0,0,9.0,3.0,5.0,0.0,26,2,1,0,0,0,228,3
1,12,2024,2024-12-01,5,1,Rio de Janeiro,3304557,Capital,0,0,0,0,0,0.0,0,1,0.0,10,1,1,3,30,16,6,52,3,0,0,1,0,0.0,1,1,0.0,2,60,1,49,19,74,2.0,69,214,0,0,0,71,3,3.0,0.0,0.0,2,21.0,1.0,12.0,0.0,8,1,0,0,0,0,510,3
4,12,2024,2024-12-01,5,1,Rio de Janeiro,3304557,Capital,1,0,0,1,0,0.0,1,1,0.0,32,0,2,16,40,32,18,90,3,2,1,0,0,0.0,0,2,0.0,8,106,5,47,21,123,1.0,72,269,0,0,0,42,9,2.0,6.0,1.0,4,22.0,5.0,26.0,1.0,13,3,0,0,0,0,633,3
5,12,2024,2024-12-01,5,1,Rio de Janeiro,3304557,Capital,2,0,0,2,0,1.0,3,0,0.0,72,3,1,18,99,79,3,181,5,0,2,1,0,0.0,0,0,1.0,15,205,9,66,4,179,14.0,145,417,0,0,0,143,7,4.0,2.0,1.0,6,49.0,4.0,12.0,5.0,36,4,1,0,0,0,1226,3
6,12,2024,2024-12-01,4,1,Rio de Janeiro,3304557,Capital,0,0,0,0,0,0.0,0,1,0.0,29,1,1,24,21,24,12,57,18,1,1,0,0,0.0,0,0,0.0,10,87,9,8,13,78,1.0,62,171,0,0,0,50,4,0.0,2.0,2.0,24,23.0,5.0,6.0,1.0,24,4,0,0,0,0,546,3
7,12,2024,2024-12-01,5,1,Rio de Janeiro,3304557,Capital,0,0,0,0,0,0.0,0,0,1.0,18,0,0,1,14,11,4,29,0,0,0,2,0,0.0,0,0,0.0,5,36,9,7,2,12,2.0,37,69,0,3,0,24,7,0.0,5.0,2.0,6,9.0,0.0,0.0,0.0,16,2,0,0,0,0,259,3
9,12,2024,2024-12-01,2,1,Rio de Janeiro,3304557,Capital,0,0,0,0,0,0.0,0,0,0.0,32,2,2,28,89,48,4,141,24,0,1,1,0,0.0,0,0,9.0,6,182,25,64,12,126,8.0,146,381,0,4,0,182,8,5.0,1.0,2.0,3,20.0,5.0,5.0,0.0,33,2,0,0,0,0,1241,3
10,12,2024,2024-12-01,2,1,Rio de Janeiro,3304557,Capital,0,1,0,1,0,0.0,1,2,0.0,34,10,2,33,81,61,3,145,17,0,9,0,0,0.0,0,0,6.0,17,194,23,45,24,422,15.0,300,829,0,2,0,145,2,1.0,1.0,0.0,3,23.0,9.0,3.0,1.0,30,1,0,0,0,0,1589,3
11,12,2024,2024-12-01,23,1,Rio de Janeiro,3304557,Capital,0,0,0,0,1,0.0,1,0,0.0,7,3,0,0,0,1,0,1,0,0,0,0,0,0.0,0,0,0.0,0,1,0,1,0,1,0.0,11,13,0,0,0,14,4,1.0,1.0,2.0,0,3.0,0.0,3.0,0.0,2,9,1,0,0,0,95,3
12,12,2024,2024-12-01,19,1,Rio de Janeiro,3304557,Capital,1,0,0,1,0,0.0,1,0,0.0,45,1,0,12,14,13,3,30,0,2,0,0,0,0.0,0,0,0.0,10,42,14,48,12,63,23.0,183,343,0,6,0,195,12,7.0,5.0,0.0,1,33.0,4.0,10.0,2.0,40,4,0,0,0,0,1009,3
13,12,2024,2024-12-01,19,1,Rio de Janeiro,3304557,Capital,0,0,0,0,0,0.0,0,0,0.0,17,2,0,4,9,3,0,12,0,0,0,3,0,0.0,0,0,0.0,4,19,2,21,4,24,10.0,99,160,0,0,0,123,1,1.0,0.0,0.0,0,14.0,2.0,3.0,1.0,18,2,0,0,0,0,491,3
14,12,2024,2024-12-01,23,1,Rio de Janeiro,3304557,Capital,0,0,0,0,0,0.0,0,0,0.0,11,1,2,10,27,26,2,55,1,0,0,6,0,0.0,0,0,2.0,5,69,13,37,5,133,45.0,177,410,0,5,0,157,2,1.0,0.0,1.0,2,17.0,4.0,8.0,3.0,26,8,0,0,0,0,993,3
15,12,2024,2024-12-01,23,1,Rio de Janeiro,3304557,Capital,0,0,0,0,0,0.0,0,0,0.0,26,0,0,8,14,33,1,48,2,0,0,1,0,0.0,0,0,0.0,3,54,3,5,9,95,12.0,71,195,0,1,0,150,2,1.0,1.0,0.0,0,4.0,3.0,2.0,0.0,15,5,2,0,0,0,685,3
16,12,2024,2024-12-01,31,2,Rio de Janeiro,3304557,Capital,10,0,0,10,0,0.0,10,7,0.0,62,4,2,68,90,63,25,178,5,1,4,1,0,0.0,0,1,0.0,45,235,37,38,61,247,6.0,316,705,0,7,0,425,8,6.0,2.0,0.0,7,65.0,34.0,10.0,4.0,75,6,1,0,0,0,2239,3
17,12,2024,2024-12-01,4,1,Rio de Janeiro,3304557,Capital,3,0,0,3,2,0.0,5,5,0.0,35,2,0,36,24,19,8,51,35,3,1,1,0,0.0,0,1,0.0,26,118,14,12,10,37,2.0,136,211,0,2,0,79,7,0.0,7.0,0.0,11,17.0,3.0,10.0,2.0,17,5,0,0,0,0,748,3
18,12,2024,2024-12-01,6,1,Rio de Janeiro,3304557,Capital,1,0,0,1,0,0.0,1,0,0.0,24,1,0,22,91,99,14,204,18,1,2,0,0,0.0,0,0,0.0,19,244,5,57,24,155,1.0,125,367,0,2,0,89,0,0.0,0.0,0.0,7,17.0,3.0,8.0,5.0,30,3,0,0,0,0,1046,3
19,12,2024,2024-12-01,6,1,Rio de Janeiro,3304557,Capital,0,0,0,0,0,0.0,0,1,1.0,38,1,1,23,52,37,7,96,20,1,5,1,0,0.0,0,1,0.0,16,140,11,27,22,64,4.0,127,255,0,5,0,170,3,2.0,1.0,0.0,7,26.0,1.0,8.0,3.0,44,2,0,0,0,0,964,3
20,12,2024,2024-12-01,6,1,Rio de Janeiro,3304557,Capital,2,0,0,2,0,0.0,2,2,0.0,37,0,0,10,40,25,9,74,22,1,2,1,0,0.0,0,0,0.0,20,120,6,9,13,43,2.0,123,196,0,7,0,155,5,1.0,4.0,0.0,17,37.0,2.0,5.0,3.0,37,2,0,0,0,0,860,3
21,12,2024,2024-12-01,22,1,Rio de Janeiro,3304557,Capital,5,0,0,5,2,0.0,7,9,0.0,71,5,2,44,33,55,14,102,85,23,3,1,0,0.0,0,0,0.0,40,254,27,17,24,46,2.0,191,307,0,1,0,212,15,6.0,6.0,3.0,131,81.0,11.0,29.0,6.0,49,11,1,0,0,0,1533,3
22,12,2024,2024-12-01,16,1,Rio de Janeiro,3304557,Capital,5,1,1,7,0,1.0,8,12,0.0,51,5,4,37,33,18,5,56,39,24,0,1,0,0.0,1,1,1.0,10,133,24,9,13,18,1.0,97,162,0,1,0,115,13,3.0,8.0,2.0,34,33.0,1.0,11.0,0.0,30,6,0,0,0,0,865,3
23,12,2024,2024-12-01,3,1,Rio de Janeiro,3304557,Capital,6,0,1,7,0,0.0,7,0,0.0,22,1,1,23,20,18,6,44,28,0,2,0,0,0.0,0,0,0.0,14,88,9,4,11,19,1.0,73,117,0,2,0,66,0,0.0,0.0,0.0,4,18.0,12.0,3.0,3.0,23,4,0,0,0,0,489,3
24,12,2024,2024-12-01,3,1,Rio de Janeiro,3304557,Capital,2,1,0,3,0,0.0,3,0,0.0,43,6,2,33,45,40,12,97,101,7,0,0,0,0.0,0,1,0.0,19,225,7,24,15,99,2.0,87,234,0,4,0,109,2,2.0,0.0,0.0,10,5.0,1.0,2.0,0.0,26,4,0,0,0,0,861,3
25,12,2024,2024-12-01,3,1,Rio de Janeiro,3304557,Capital,3,0,0,3,0,0.0,3,1,0.0,40,3,0,21,19,26,13,58,26,0,1,0,0,0.0,1,0,0.0,14,100,5,5,17,53,0.0,98,178,0,1,0,100,6,4.0,2.0,0.0,34,28.0,2.0,11.0,5.0,32,2,0,0,0,0,844,3
26,12,2024,2024-12-01,3,1,Rio de Janeiro,3304557,Capital,2,0,0,2,0,0.0,2,1,0.0,29,0,1,21,26,9,6,41,54,1,0,3,0,0.0,0,0,0.0,10,109,5,10,21,52,1.0,116,205,0,2,0,96,10,3.0,3.0,4.0,47,24.0,3.0,2.0,0.0,21,4,0,0,0,0,802,3
27,12,2024,2024-12-01,41,2,Rio de Janeiro,3304557,Capital,6,0,0,6,1,0.0,7,2,0.0,50,4,3,18,77,38,17,132,109,18,0,2,0,0.0,0,0,1.0,22,284,21,9,7,22,1.0,95,155,0,3,0,157,5,2.0,3.0,0.0,25,35.0,2.0,9.0,3.0,49,4,0,0,0,0,1002,3
28,12,2024,2024-12-01,18,2,Rio de Janeiro,3304557,Capital,0,1,0,1,0,0.0,1,1,0.0,40,2,0,13,19,21,1,41,56,2,1,0,0,0.0,0,0,0.0,12,112,14,5,15,18,0.0,46,98,0,2,0,117,0,0.0,0.0,0.0,12,22.0,0.0,2.0,0.0,47,7,3,0,0,0,650,3
29,12,2024,2024-12-01,9,2,Rio de Janeiro,3304557,Capital,9,1,1,11,2,0.0,13,4,1.0,65,0,1,24,79,69,26,174,120,9,3,0,0,0.0,0,1,1.0,30,338,25,47,27,87,1.0,175,362,0,3,2,195,6,1.0,5.0,0.0,57,27.0,1.0,7.0,0.0,68,5,2,0,0,0,1406,3
30,12,2024,2024-12-01,9,2,Rio de Janeiro,3304557,Capital,0,0,0,0,0,0.0,0,9,0.0,63,2,0,19,36,36,4,76,42,1,2,0,0,1.0,0,0,0.0,9,131,25,9,10,29,0.0,58,131,0,4,0,142,2,0.0,2.0,0.0,4,23.0,1.0,1.0,0.0,50,6,0,0,0,0,715,3
31,12,2024,2024-12-01,41,2,Rio de Janeiro,3304557,Capital,1,0,0,1,0,0.0,1,0,0.0,40,1,1,6,26,40,6,72,36,33,2,0,0,0.0,0,0,0.0,14,157,19,6,1,16,3.0,28,73,0,1,0,64,7,0.0,6.0,1.0,58,18.0,0.0,0.0,0.0,38,5,0,0,0,0,571,3
32,12,2024,2024-12-01,18,2,Rio de Janeiro,3304557,Capital,7,0,0,7,1,2.0,10,22,1.0,126,9,4,64,107,66,3,176,88,3,6,1,0,0.0,0,0,0.0,31,305,51,35,29,94,1.0,248,458,0,11,0,503,6,0.0,5.0,1.0,39,53.0,4.0,16.0,3.0,142,18,4,0,0,0,2253,3
33,12,2024,2024-12-01,14,2,Rio de Janeiro,3304557,Capital,3,2,0,5,0,0.0,5,1,0.0,76,3,1,56,14,50,11,75,48,5,2,1,0,0.0,0,1,0.0,11,143,17,14,5,77,1.0,78,192,0,2,0,181,1,0.0,1.0,0.0,19,34.0,3.0,2.0,0.0,77,9,1,0,0,0,988,3
34,12,2024,2024-12-01,14,2,Rio de Janeiro,3304557,Capital,6,0,0,6,5,0.0,11,12,0.0,126,6,2,51,54,44,15,113,65,18,1,1,0,0.0,1,1,0.0,22,222,33,18,10,42,1.0,102,206,0,3,0,280,15,4.0,10.0,1.0,34,49.0,0.0,19.0,3.0,128,14,3,0,0,0,1399,3
35,12,2024,2024-12-01,40,2,Rio de Janeiro,3304557,Capital,4,0,0,4,0,0.0,4,3,0.0,243,21,1,81,42,17,11,70,30,5,2,1,0,0.0,1,0,0.0,18,127,48,24,14,61,4.0,295,446,0,9,0,210,2,2.0,0.0,0.0,26,82.0,4.0,14.0,0.0,199,29,0,0,0,0,2110,3
36,12,2024,2024-12-01,27,2,Rio de Janeiro,3304557,Capital,3,0,2,5,0,0.0,5,6,1.0,145,14,4,22,14,11,8,33,13,3,0,3,0,0.0,0,0,1.0,7,60,26,10,5,7,5.0,67,120,0,1,0,193,4,2.0,0.0,2.0,16,34.0,1.0,8.0,0.0,116,8,0,0,0,0,999,3
37,12,2024,2024-12-01,17,1,Rio de Janeiro,3304557,Capital,2,0,0,2,0,0.0,2,1,1.0,65,4,0,25,12,7,1,20,9,2,0,0,0,0.0,0,0,0.0,4,35,19,7,9,20,1.0,104,160,0,5,0,95,9,8.0,1.0,0.0,3,17.0,25.0,8.0,1.0,65,5,1,0,0,0,776,3
38,12,2024,2024-12-01,16,1,Rio de Janeiro,3304557,Capital,1,0,0,1,1,0.0,2,6,0.0,38,4,4,36,26,20,6,52,81,58,2,1,0,0.0,0,0,0.0,23,217,19,4,3,7,0.0,44,77,0,3,0,74,8,2.0,5.0,1.0,63,35.0,1.0,9.0,0.0,29,2,0,0,0,0,672,3
39,12,2024,2024-12-01,41,2,Rio de Janeiro,3304557,Capital,2,0,0,2,1,0.0,3,2,0.0,60,2,0,21,37,39,35,111,160,24,2,1,0,0.0,0,0,0.0,28,326,6,3,5,23,1.0,70,108,0,2,0,116,4,0.0,4.0,0.0,89,29.0,2.0,6.0,0.0,32,6,0,0,0,0,940,3
40,12,2024,2024-12-01,9,2,Rio de Janeiro,3304557,Capital,5,0,0,5,0,0.0,5,3,0.0,41,2,2,34,34,18,5,57,58,9,2,0,0,0.0,0,1,0.0,19,146,11,14,0,12,2.0,51,90,0,3,0,126,3,1.0,2.0,0.0,29,15.0,0.0,1.0,1.0,34,2,0,0,0,0,625,3
41,12,2024,2024-12-01,18,2,Rio de Janeiro,3304557,Capital,3,0,0,3,1,0.0,4,1,0.0,33,2,0,37,29,13,1,43,18,2,0,0,0,0.0,0,0,0.0,5,68,10,9,16,19,0.0,72,126,0,1,0,172,1,0.0,1.0,0.0,17,15.0,2.0,1.0,1.0,37,5,0,0,0,0,693,3
42,12,2024,2024-12-01,31,2,Rio de Janeiro,3304557,Capital,6,0,1,7,0,2.0,9,7,0.0,81,5,4,42,46,19,13,78,28,0,3,0,0,0.0,0,0,0.0,19,128,41,12,12,65,10.0,153,293,0,4,0,284,22,11.0,6.0,5.0,15,30.0,1.0,4.0,1.0,95,3,2,0,0,0,1327,3
43,12,2024,2024-12-01,27,2,Rio de Janeiro,3304557,Capital,5,0,0,5,0,0.0,5,2,1.0,90,8,2,39,10,10,0,20,13,2,1,1,0,0.0,0,0,0.0,1,38,11,1,3,9,1.0,26,51,0,5,0,109,0,0.0,0.0,0.0,10,26.0,0.0,2.0,0.0,108,11,0,0,0,0,612,3
44,12,2024,2024-12-01,3,1,Rio de Janeiro,3304557,Capital,0,0,0,0,0,0.0,0,2,0.0,32,4,4,47,42,34,9,85,61,5,0,0,0,0.0,0,0,0.0,19,170,13,10,2,24,4.0,76,129,0,3,0,69,0,0.0,0.0,0.0,18,17.0,1.0,3.0,0.0,19,4,0,0,0,0,745,3
48,12,2024,2024-12-01,24,3,Seropédica,3305554,Baixada Fluminense,4,0,0,4,0,0.0,4,1,0.0,36,1,0,21,2,0,0,2,8,1,0,1,0,0.0,0,0,0.0,1,13,2,0,0,2,3.0,17,24,0,0,0,42,2,0.0,2.0,0.0,8,18.0,0.0,0.0,0.0,21,5,2,0,0,0,274,3
50,12,2024,2024-12-01,24,3,Itaguaí,3302007,Baixada Fluminense,0,0,0,0,0,1.0,1,0,0.0,45,6,5,15,4,6,1,11,10,0,4,1,0,0.0,0,0,1.0,3,30,16,1,0,9,0.0,38,64,0,1,0,56,3,2.0,1.0,0.0,10,9.0,0.0,10.0,0.0,43,4,1,0,0,0,374,3
51,12,2024,2024-12-01,24,3,Paracambi,3303609,Baixada Fluminense,2,0,0,2,0,0.0,2,3,0.0,16,0,0,2,1,0,0,1,0,1,0,0,0,0.0,0,0,0.0,0,2,1,0,0,0,2.0,10,13,0,0,0,18,12,4.0,4.0,4.0,0,6.0,0.0,3.0,0.0,19,1,0,0,0,0,120,3
52,12,2024,2024-12-01,20,3,Nova Iguaçu,3303500,Baixada Fluminense,2,0,0,2,0,0.0,2,1,0.0,89,7,5,52,46,44,6,96,73,2,4,0,0,0.0,0,0,2.0,13,190,35,22,4,37,4.0,136,238,0,1,0,178,4,4.0,0.0,0.0,18,49.0,2.0,13.0,3.0,83,12,2,0,0,0,1252,3
53,12,2024,2024-12-01,20,3,Mesquita,3302858,Baixada Fluminense,3,0,0,3,0,0.0,3,0,0.0,71,7,2,18,43,18,10,71,36,1,0,1,0,0.0,0,0,0.0,12,121,12,5,2,11,9.0,56,95,0,3,0,92,4,3.0,0.0,1.0,9,24.0,0.0,8.0,0.0,62,4,0,0,0,0,664,3
54,12,2024,2024-12-01,39,3,Belford Roxo,3300456,Baixada Fluminense,18,0,1,19,2,1.0,22,6,2.0,123,12,0,35,129,63,32,224,182,14,1,1,0,1.0,0,0,0.0,39,462,33,13,5,7,1.0,100,159,0,11,2,217,37,2.0,31.0,4.0,127,94.0,5.0,17.0,1.0,106,23,0,0,0,0,1617,3
55,12,2024,2024-12-01,24,3,Queimados,3304144,Baixada Fluminense,7,0,0,7,1,1.0,9,5,0.0,54,8,5,20,14,9,1,24,3,2,0,1,0,0.0,0,1,0.0,6,37,14,1,0,6,1.0,62,84,0,0,0,81,6,1.0,5.0,0.0,11,41.0,2.0,7.0,1.0,51,4,0,0,0,0,529,3
56,12,2024,2024-12-01,20,3,Nova Iguaçu,3303500,Baixada Fluminense,11,0,0,11,0,0.0,11,2,0.0,89,14,3,19,42,46,2,90,24,12,1,1,0,0.0,0,1,1.0,1,131,19,1,0,6,4.0,44,74,0,0,0,69,5,0.0,4.0,1.0,6,24.0,0.0,5.0,1.0,82,14,1,0,0,0,634,3
57,12,2024,2024-12-01,20,3,Nilópolis,3303203,Baixada Fluminense,1,0,0,1,0,0.0,1,0,1.0,46,3,3,22,29,22,2,53,49,2,1,0,0,0.0,0,0,0.0,6,111,23,7,2,11,2.0,108,153,0,7,0,124,3,0.0,3.0,1.0,14,14.0,0.0,10.0,0.0,39,7,0,0,0,0,740,3
58,12,2024,2024-12-01,20,3,Nova Iguaçu,3303500,Baixada Fluminense,10,0,1,11,1,0.0,12,7,0.0,185,17,2,33,46,53,6,105,53,5,4,2,0,0.0,0,0,0.0,16,185,28,3,0,10,3.0,55,99,0,2,1,143,7,1.0,6.0,0.0,21,24.0,2.0,8.0,0.0,121,11,1,0,0,0,1106,3
59,12,2024,2024-12-01,15,3,Duque de Caxias,3301702,Baixada Fluminense,6,1,0,7,0,0.0,7,2,2.0,152,5,1,56,110,74,28,212,174,33,2,5,0,0.0,0,2,0.0,29,457,43,58,8,43,1.0,210,363,0,1,1,224,7,1.0,6.0,0.0,206,53.0,4.0,6.0,1.0,103,14,0,3,0,0,1912,3
60,12,2024,2024-12-01,15,3,Duque de Caxias,3301702,Baixada Fluminense,7,0,0,7,3,0.0,10,1,1.0,102,6,9,28,46,19,11,76,140,28,2,0,0,0.0,0,0,1.0,13,260,18,3,4,6,0.0,47,78,0,2,0,132,7,4.0,4.0,0.0,44,28.0,3.0,12.0,1.0,70,13,0,0,0,0,970,3
61,12,2024,2024-12-01,15,3,Duque de Caxias,3301702,Baixada Fluminense,0,0,0,0,0,0.0,0,0,0.0,17,0,1,2,1,0,0,1,7,0,0,1,0,0.0,0,0,0.0,1,10,4,2,0,2,1.0,10,19,0,0,0,32,0,0.0,0.0,0.0,0,4.0,0.0,0.0,0.0,24,2,2,0,0,0,145,3
62,12,2024,2024-12-01,15,3,Duque de Caxias,3301702,Baixada Fluminense,2,0,0,2,1,0.0,3,3,1.0,50,3,1,15,32,15,5,52,93,10,4,1,0,0.0,0,1,0.0,14,175,18,1,1,7,4.0,28,59,0,2,0,82,7,0.0,7.0,0.0,21,9.0,3.0,0.0,0.0,33,5,2,0,0,0,541,3
63,12,2024,2024-12-01,24,3,Japeri,3302270,Baixada Fluminense,5,0,1,6,1,0.0,7,0,1.0,50,3,0,7,4,3,0,7,2,1,0,1,0,0.0,0,0,0.0,2,13,6,0,2,1,0.0,21,30,0,0,0,24,3,0.0,3.0,0.0,4,26.0,0.0,8.0,0.0,33,4,0,0,0,0,249,3
64,12,2024,2024-12-01,21,3,São João de Meriti,3305109,Baixada Fluminense,10,0,0,10,3,0.0,13,15,0.0,141,9,14,49,69,43,19,131,164,19,4,0,0,0.0,0,4,0.0,23,345,42,7,3,13,3.0,70,138,0,1,0,121,26,1.0,22.0,3.0,111,51.0,8.0,7.0,1.0,108,17,1,0,0,0,1270,3
65,12,2024,2024-12-01,34,3,Magé,3302502,Baixada Fluminense,1,0,0,1,0,0.0,1,6,0.0,43,8,1,11,3,2,0,5,6,1,0,0,0,0.0,0,0,0.0,3,15,9,2,0,1,1.0,28,41,0,1,0,41,8,0.0,6.0,2.0,4,21.0,1.0,2.0,0.0,38,4,0,0,0,0,320,3
66,12,2024,2024-12-01,34,3,Magé,3302502,Baixada Fluminense,4,0,0,4,0,0.0,4,1,0.0,70,7,0,35,8,7,0,15,19,4,3,0,0,0.0,0,0,0.0,2,43,15,5,1,8,2.0,36,67,0,0,0,61,1,1.0,0.0,0.0,7,13.0,0.0,6.0,0.0,72,9,1,0,0,0,577,3
67,12,2024,2024-12-01,34,3,Guapimirim,3301850,Baixada Fluminense,0,0,0,0,0,0.0,0,0,1.0,31,5,1,26,0,0,0,0,6,0,0,1,0,0.0,0,0,0.0,3,10,2,1,0,4,1.0,12,20,0,1,0,31,5,3.0,1.0,1.0,2,5.0,0.0,3.0,0.0,26,5,0,0,0,0,254,3
1,1,2025,2025-01-01,5,1,Rio de Janeiro,3304557,Capital,0,0,0,0,0,0.0,0,0,0.0,11,1,0,7,47,23,7,77,3,1,1,0,0,0.0,0,0,0.0,3,85,0,85,20,176,3.0,85,369,0,2,0,101,1,0.0,1.0,0.0,2,97.0,2.0,12.0,2.0,12,2,0,0,0,0,777,3
4,1,2025,2025-01-01,5,1,Rio de Janeiro,3304557,Capital,0,2,0,2,0,1.0,3,0,0.0,22,2,1,12,42,19,19,80,3,0,3,1,0,1.0,0,0,1.0,6,95,4,57,40,113,1.0,84,299,0,0,0,42,9,1.0,7.0,1.0,2,15.0,10.0,10.0,4.0,15,5,0,0,0,0,699,3
5,1,2025,2025-01-01,5,1,Rio de Janeiro,3304557,Capital,1,0,0,1,0,0.0,1,3,0.0,70,5,0,16,117,71,8,196,9,1,3,0,0,0.0,0,0,1.0,12,222,14,88,7,289,8.0,206,612,0,5,0,158,12,3.0,9.0,0.0,5,45.0,7.0,23.0,6.0,46,5,1,0,0,0,1515,3
6,1,2025,2025-01-01,4,1,Rio de Janeiro,3304557,Capital,2,0,0,2,0,0.0,2,2,0.0,40,0,3,48,23,11,17,51,23,4,1,0,0,0.0,0,0,1.0,13,93,15,12,17,59,1.0,67,171,0,1,0,41,5,1.0,2.0,2.0,32,22.0,8.0,6.0,2.0,21,2,1,0,0,0,628,3
7,1,2025,2025-01-01,5,1,Rio de Janeiro,3304557,Capital,0,1,0,1,0,0.0,1,1,0.0,18,0,0,2,30,8,3,41,3,1,0,1,0,0.0,0,0,0.0,5,51,10,8,0,9,0.0,48,75,0,3,0,30,5,0.0,3.0,2.0,11,10.0,0.0,0.0,0.0,20,0,0,0,0,0,306,3
9,1,2025,2025-01-01,2,1,Rio de Janeiro,3304557,Capital,1,0,1,2,1,0.0,3,0,1.0,38,3,2,13,146,74,12,232,24,1,3,1,0,0.0,0,2,9.0,11,283,26,122,12,348,16.0,149,673,0,2,0,166,4,1.0,2.0,1.0,5,19.0,6.0,10.0,0.0,39,1,1,0,0,0,1642,3
10,1,2025,2025-01-01,2,1,Rio de Janeiro,3304557,Capital,0,0,0,0,0,0.0,0,1,0.0,37,5,2,25,70,82,8,160,19,2,3,2,0,0.0,0,0,4.0,20,210,18,24,22,147,16.0,219,446,0,7,0,140,3,2.0,0.0,1.0,1,23.0,15.0,1.0,2.0,23,2,0,0,0,0,1195,3
11,1,2025,2025-01-01,23,1,Rio de Janeiro,3304557,Capital,1,0,0,1,0,0.0,1,0,0.0,8,4,0,0,1,0,0,1,0,0,0,0,0,0.0,0,0,0.0,0,1,2,1,1,4,0.0,5,13,0,3,0,26,0,0.0,0.0,0.0,0,5.0,0.0,1.0,0.0,13,0,0,0,0,0,111,3
12,1,2025,2025-01-01,19,1,Rio de Janeiro,3304557,Capital,1,0,0,1,0,0.0,1,0,0.0,58,1,0,17,36,18,3,57,0,1,0,1,0,0.0,0,0,1.0,5,65,22,132,12,338,25.0,235,764,0,7,0,236,7,7.0,0.0,0.0,1,32.0,13.0,6.0,7.0,48,12,0,0,0,0,1593,3
13,1,2025,2025-01-01,19,1,Rio de Janeiro,3304557,Capital,0,0,0,0,0,0.0,0,0,0.0,23,3,0,3,14,8,0,22,0,0,0,1,0,0.0,0,0,1.0,3,27,18,94,6,119,14.0,132,383,0,0,0,92,4,2.0,2.0,0.0,2,8.0,1.0,2.0,3.0,17,5,0,0,0,0,789,3
14,1,2025,2025-01-01,23,1,Rio de Janeiro,3304557,Capital,0,1,0,1,0,0.0,1,0,0.0,26,3,0,4,29,27,3,59,0,0,2,2,0,0.0,0,0,3.0,11,77,33,60,3,177,65.0,246,584,0,6,0,218,11,5.0,5.0,1.0,0,39.0,6.0,7.0,3.0,24,10,0,0,0,0,1274,3
15,1,2025,2025-01-01,23,1,Rio de Janeiro,3304557,Capital,0,0,0,0,0,0.0,0,0,0.0,19,1,0,13,21,19,0,40,5,0,0,1,0,0.0,0,0,1.0,8,55,15,16,11,49,9.0,100,200,0,2,0,152,5,5.0,0.0,0.0,8,25.0,3.0,1.0,0.0,16,1,0,0,0,0,674,3
16,1,2025,2025-01-01,31,2,Rio de Janeiro,3304557,Capital,1,0,0,1,3,0.0,4,2,1.0,101,8,7,61,89,43,15,147,4,0,3,1,0,0.0,0,1,1.0,39,196,74,37,54,223,19.0,314,721,0,5,0,445,15,5.0,11.0,1.0,7,97.0,36.0,15.0,13.0,92,12,0,0,0,0,2417,3
17,1,2025,2025-01-01,4,1,Rio de Janeiro,3304557,Capital,2,0,0,2,1,0.0,3,0,0.0,30,3,1,24,39,18,21,78,30,4,1,0,0,0.0,0,0,0.0,23,136,9,12,7,31,1.0,139,199,0,2,0,82,12,3.0,6.0,3.0,18,25.0,1.0,11.0,2.0,28,5,0,0,0,0,801,3
18,1,2025,2025-01-01,6,1,Rio de Janeiro,3304557,Capital,0,0,0,0,0,0.0,0,0,0.0,10,3,1,24,83,65,30,178,30,1,3,0,0,0.0,0,0,1.0,13,226,7,26,31,70,4.0,101,239,0,4,0,77,5,1.0,1.0,3.0,1,19.0,2.0,1.0,1.0,11,2,0,0,0,0,862,3
19,1,2025,2025-01-01,6,1,Rio de Janeiro,3304557,Capital,0,0,0,0,0,0.0,0,3,0.0,39,3,1,23,60,67,6,133,28,1,5,0,0,0.0,0,1,0.0,6,174,11,24,36,49,3.0,158,281,0,4,0,172,2,1.0,1.0,0.0,12,29.0,0.0,6.0,3.0,31,4,1,0,0,0,1047,3
20,1,2025,2025-01-01,6,1,Rio de Janeiro,3304557,Capital,1,0,0,1,0,0.0,1,1,1.0,46,0,1,12,36,17,7,60,26,1,1,1,0,0.0,0,0,1.0,12,102,2,12,23,19,3.0,110,169,0,5,0,129,1,0.0,1.0,0.0,6,18.0,1.0,2.0,1.0,30,3,0,0,0,0,788,3
21,1,2025,2025-01-01,22,1,Rio de Janeiro,3304557,Capital,8,0,0,8,5,0.0,13,22,0.0,84,8,4,56,46,32,29,107,94,27,5,2,0,0.0,0,1,0.0,27,263,24,13,25,48,4.0,168,282,0,11,0,238,23,9.0,7.0,7.0,124,47.0,0.0,37.0,1.0,59,18,2,0,0,0,1518,3
22,1,2025,2025-01-01,16,1,Rio de Janeiro,3304557,Capital,8,0,0,8,2,0.0,10,0,0.0,63,4,1,39,32,14,13,59,61,8,0,0,0,0.0,1,0,0.0,15,144,30,7,6,15,2.0,64,124,0,0,0,89,10,1.0,7.0,2.0,65,19.0,2.0,0.0,0.0,48,5,0,0,0,0,776,3
23,1,2025,2025-01-01,3,1,Rio de Janeiro,3304557,Capital,0,0,0,0,1,0.0,1,1,0.0,19,1,2,13,19,10,3,32,41,0,0,0,0,0.0,0,0,0.0,9,82,13,7,1,17,0.0,73,111,0,2,0,93,0,0.0,0.0,0.0,9,15.0,3.0,3.0,0.0,30,2,0,0,0,0,517,3
24,1,2025,2025-01-01,3,1,Rio de Janeiro,3304557,Capital,2,0,0,2,0,0.0,2,0,0.0,39,2,0,10,34,28,15,77,98,3,1,0,0,0.0,0,0,1.0,32,212,13,10,8,21,1.0,79,132,0,1,2,126,2,0.0,2.0,0.0,7,19.0,1.0,0.0,0.0,36,1,0,0,0,0,708,3
25,1,2025,2025-01-01,3,1,Rio de Janeiro,3304557,Capital,2,0,0,2,0,0.0,2,1,2.0,44,6,2,21,22,34,12,68,30,2,0,1,0,0.0,0,0,0.0,14,115,5,9,12,38,5.0,73,142,0,1,1,101,12,2.0,10.0,0.0,23,37.0,0.0,18.0,1.0,20,3,0,0,0,0,695,3
26,1,2025,2025-01-01,3,1,Rio de Janeiro,3304557,Capital,0,1,0,1,0,0.0,1,2,0.0,23,1,1,10,26,14,7,47,53,0,0,1,0,0.0,0,0,0.0,16,117,5,7,14,15,0.0,77,118,0,0,0,96,6,1.0,3.0,2.0,25,17.0,2.0,2.0,0.0,36,3,1,0,0,0,604,3
27,1,2025,2025-01-01,41,2,Rio de Janeiro,3304557,Capital,5,0,1,6,1,0.0,7,3,0.0,46,3,0,19,51,85,9,145,148,6,2,1,0,0.0,0,0,0.0,13,315,32,3,10,22,3.0,91,161,0,3,0,140,7,3.0,2.0,2.0,52,26.0,2.0,9.0,0.0,57,8,0,1,0,0,1096,3
28,1,2025,2025-01-01,18,2,Rio de Janeiro,3304557,Capital,0,0,0,0,1,0.0,1,2,0.0,32,5,1,9,33,16,3,52,75,1,1,2,0,0.0,0,0,0.0,10,141,10,5,8,12,2.0,44,81,0,1,0,118,3,1.0,2.0,0.0,14,18.0,0.0,1.0,1.0,51,6,0,0,0,0,648,3
29,1,2025,2025-01-01,9,2,Rio de Janeiro,3304557,Capital,6,0,0,6,0,0.0,6,4,0.0,65,7,1,30,89,50,22,161,95,3,1,1,0,0.0,0,0,0.0,23,284,30,31,28,37,0.0,151,277,0,3,0,193,6,0.0,5.0,1.0,83,38.0,0.0,6.0,1.0,53,5,0,0,0,0,1334,3
30,1,2025,2025-01-01,9,2,Rio de Janeiro,3304557,Capital,0,0,0,0,0,0.0,0,0,0.0,55,5,0,16,25,61,4,90,52,1,3,2,0,0.0,0,0,0.0,23,171,25,12,2,23,1.0,50,113,0,2,0,118,2,0.0,2.0,0.0,13,19.0,2.0,0.0,0.0,59,4,1,0,0,0,752,3
31,1,2025,2025-01-01,41,2,Rio de Janeiro,3304557,Capital,4,0,0,4,2,0.0,6,8,0.0,43,2,0,9,15,35,7,57,36,8,0,0,0,0.0,1,0,0.0,9,111,21,2,2,8,4.0,28,65,0,0,0,49,11,0.0,11.0,0.0,29,23.0,1.0,3.0,0.0,33,6,1,0,0,0,503,3
32,1,2025,2025-01-01,18,2,Rio de Janeiro,3304557,Capital,12,0,1,13,5,0.0,18,10,1.0,147,18,2,67,111,95,16,222,83,2,2,2,0,0.0,0,0,0.0,19,330,43,31,26,99,1.0,256,456,0,11,4,499,8,2.0,5.0,1.0,40,62.0,4.0,18.0,2.0,180,19,0,0,0,0,2382,3
33,1,2025,2025-01-01,14,2,Rio de Janeiro,3304557,Capital,4,2,0,6,0,0.0,6,1,0.0,69,8,2,42,22,56,14,92,39,7,4,0,0,0.0,0,0,0.0,12,154,17,5,8,43,2.0,83,158,0,1,0,224,4,0.0,2.0,2.0,25,36.0,0.0,6.0,0.0,77,3,1,0,0,0,1028,3
34,1,2025,2025-01-01,14,2,Rio de Janeiro,3304557,Capital,17,0,0,17,3,0.0,20,22,0.0,128,9,2,39,56,48,22,126,60,11,1,2,0,0.0,0,2,0.0,9,211,30,22,14,41,0.0,119,226,0,2,0,279,26,2.0,22.0,2.0,46,72.0,4.0,9.0,2.0,133,14,2,0,0,0,1477,3
35,1,2025,2025-01-01,40,2,Rio de Janeiro,3304557,Capital,4,0,0,4,0,1.0,5,2,1.0,275,12,3,60,56,35,5,96,36,9,2,1,0,1.0,0,0,0.0,15,160,45,16,15,52,6.0,329,463,0,7,0,256,4,2.0,3.0,0.0,30,79.0,2.0,17.0,0.0,243,19,0,0,0,0,2212,3
36,1,2025,2025-01-01,27,2,Rio de Janeiro,3304557,Capital,10,0,0,10,2,0.0,12,5,0.0,135,13,2,27,28,19,5,52,9,2,2,0,0,0.0,0,0,0.0,8,73,20,7,6,23,5.0,79,140,0,3,0,215,2,0.0,2.0,0.0,22,30.0,1.0,3.0,0.0,143,17,0,0,0,0,1123,3
37,1,2025,2025-01-01,17,1,Rio de Janeiro,3304557,Capital,2,0,0,2,1,0.0,3,4,0.0,61,7,4,28,8,6,2,16,12,0,0,1,0,0.0,0,0,0.0,8,37,17,4,7,8,4.0,79,119,0,6,0,127,32,3.0,5.0,24.0,6,24.0,4.0,8.0,1.0,63,7,1,0,0,0,865,3
38,1,2025,2025-01-01,16,1,Rio de Janeiro,3304557,Capital,5,0,0,5,1,0.0,6,11,0.0,56,4,2,10,35,18,6,59,76,17,1,0,0,0.0,0,0,0.0,12,165,15,2,2,7,0.0,53,79,0,0,0,75,9,0.0,7.0,2.0,43,34.0,5.0,8.0,1.0,53,2,0,0,1,0,649,3
39,1,2025,2025-01-01,41,2,Rio de Janeiro,3304557,Capital,6,0,0,6,5,0.0,11,5,0.0,59,4,1,16,76,51,22,149,98,21,1,1,0,0.0,0,0,0.0,35,305,7,16,1,37,0.0,61,122,0,0,0,124,13,0.0,11.0,2.0,87,21.0,1.0,7.0,3.0,48,6,1,0,1,0,995,3
40,1,2025,2025-01-01,9,2,Rio de Janeiro,3304557,Capital,1,0,0,1,0,0.0,1,1,0.0,26,2,0,4,40,39,7,86,45,1,1,0,0,0.0,0,0,0.0,17,150,9,8,3,8,3.0,56,87,0,4,0,89,1,0.0,1.0,0.0,27,17.0,0.0,2.0,0.0,27,1,0,0,0,0,533,3
41,1,2025,2025-01-01,18,2,Rio de Janeiro,3304557,Capital,0,0,0,0,1,0.0,1,3,0.0,29,4,0,38,33,22,5,60,21,0,0,0,0,0.0,0,1,0.0,9,91,9,8,15,16,0.0,57,105,0,2,0,178,2,0.0,1.0,1.0,10,20.0,8.0,1.0,0.0,50,4,0,0,0,0,757,3
42,1,2025,2025-01-01,31,2,Rio de Janeiro,3304557,Capital,2,0,0,2,0,0.0,2,1,0.0,79,5,1,44,43,32,5,80,15,0,0,1,0,0.0,0,0,0.0,13,109,65,13,26,51,3.0,197,355,0,3,0,321,35,19.0,16.0,0.0,9,55.0,5.0,20.0,4.0,84,11,2,0,0,0,1549,3
43,1,2025,2025-01-01,27,2,Rio de Janeiro,3304557,Capital,2,0,0,2,0,1.0,3,5,0.0,95,13,1,33,14,18,2,34,5,0,0,0,0,0.0,0,0,0.0,1,40,11,3,2,15,2.0,32,65,0,7,0,107,0,0.0,0.0,0.0,14,22.0,1.0,4.0,1.0,107,13,1,0,0,0,682,3
44,1,2025,2025-01-01,3,1,Rio de Janeiro,3304557,Capital,3,0,0,3,3,0.0,6,2,0.0,37,3,0,15,32,55,11,98,61,2,1,0,0,0.0,0,0,0.0,31,193,8,5,6,25,0.0,68,112,0,2,0,101,13,3.0,6.0,4.0,33,27.0,5.0,10.0,1.0,40,5,1,0,0,0,793,3
48,1,2025,2025-01-01,24,3,Seropédica,3305554,Baixada Fluminense,1,0,0,1,0,0.0,1,2,2.0,25,3,3,8,2,0,1,3,2,0,0,0,0,0.0,0,0,0.0,0,5,5,0,0,6,3.0,17,31,0,0,0,54,2,1.0,2.0,0.0,11,20.0,0.0,3.0,0.0,28,5,1,0,0,0,322,3
50,1,2025,2025-01-01,24,3,Itaguaí,3302007,Baixada Fluminense,1,0,0,1,2,0.0,3,1,0.0,54,4,1,9,11,11,1,23,5,0,1,0,0,0.0,0,1,0.0,2,32,17,2,1,5,1.0,38,64,0,0,0,55,8,3.0,4.0,1.0,9,19.0,10.0,7.0,3.0,34,5,0,0,0,0,391,3
51,1,2025,2025-01-01,24,3,Paracambi,3303609,Baixada Fluminense,1,0,0,1,0,0.0,1,2,0.0,23,2,0,7,0,2,0,2,0,0,0,1,0,0.0,0,0,0.0,0,3,0,0,0,4,0.0,11,15,0,0,0,24,7,4.0,2.0,1.0,0,10.0,0.0,5.0,0.0,22,2,1,0,0,0,144,3
52,1,2025,2025-01-01,20,3,Nova Iguaçu,3303500,Baixada Fluminense,9,0,0,9,0,0.0,9,2,0.0,64,5,0,39,58,51,10,119,69,1,3,1,0,0.0,0,1,1.0,10,205,57,16,9,29,5.0,115,231,0,9,0,177,3,1.0,1.0,1.0,30,29.0,3.0,9.0,0.0,101,6,0,0,0,0,1257,3
53,1,2025,2025-01-01,20,3,Mesquita,3302858,Baixada Fluminense,2,0,0,2,0,0.0,2,2,1.0,71,8,3,15,27,16,1,44,36,0,2,0,0,0.0,0,0,1.0,10,93,20,4,1,2,3.0,31,61,0,1,0,91,10,2.0,6.0,2.0,12,41.0,2.0,5.0,1.0,67,8,0,0,0,0,581,3
54,1,2025,2025-01-01,39,3,Belford Roxo,3300456,Baixada Fluminense,15,0,2,17,5,2.0,24,3,0.0,141,11,0,31,118,45,14,177,137,13,3,1,0,0.0,1,0,1.0,27,360,46,11,3,12,3.0,104,179,0,10,1,231,29,3.0,23.0,3.0,104,92.0,13.0,28.0,4.0,143,16,1,0,0,0,1561,3
55,1,2025,2025-01-01,24,3,Queimados,3304144,Baixada Fluminense,1,0,0,1,2,0.0,3,1,0.0,84,6,3,13,13,9,4,26,7,3,3,1,0,0.0,0,1,0.0,3,44,15,0,1,3,1.0,50,70,0,2,0,68,6,2.0,3.0,1.0,5,52.0,1.0,7.0,4.0,64,1,0,0,0,0,521,3
56,1,2025,2025-01-01,20,3,Nova Iguaçu,3303500,Baixada Fluminense,11,0,0,11,1,0.0,12,2,0.0,132,15,3,20,32,32,7,71,22,4,0,2,0,0.0,0,1,1.0,11,112,17,5,2,5,4.0,40,73,0,1,0,96,4,0.0,3.0,1.0,8,30.0,0.0,11.0,0.0,96,10,1,0,0,0,705,3
57,1,2025,2025-01-01,20,3,Nilópolis,3303203,Baixada Fluminense,0,0,0,0,1,0.0,1,0,0.0,58,6,0,7,24,28,1,53,38,0,6,0,0,0.0,0,0,0.0,11,108,23,9,0,9,1.0,96,138,0,3,0,105,7,1.0,4.0,2.0,9,16.0,1.0,10.0,1.0,46,7,0,0,0,0,731,3
58,1,2025,2025-01-01,20,3,Nova Iguaçu,3303500,Baixada Fluminense,8,0,0,8,0,1.0,9,4,0.0,185,20,4,28,60,54,11,125,66,1,1,5,0,1.0,0,0,0.0,19,218,31,3,1,8,2.0,66,111,3,4,0,137,5,0.0,5.0,0.0,11,26.0,6.0,7.0,0.0,146,11,2,0,0,0,1187,3
59,1,2025,2025-01-01,15,3,Duque de Caxias,3301702,Baixada Fluminense,5,0,0,5,1,0.0,6,7,1.0,141,9,4,42,133,81,29,243,165,19,7,0,0,0.0,1,2,3.0,32,472,46,43,9,38,0.0,173,309,0,5,0,211,13,0.0,13.0,0.0,198,65.0,1.0,17.0,0.0,126,17,0,0,0,0,1860,3
60,1,2025,2025-01-01,15,3,Duque de Caxias,3301702,Baixada Fluminense,12,0,0,12,2,1.0,15,8,1.0,52,7,4,29,55,20,8,83,125,27,2,0,0,0.0,0,2,1.0,23,263,16,4,1,8,1.0,43,73,0,3,0,139,18,1.0,16.0,1.0,33,63.0,8.0,22.0,3.0,70,9,0,0,0,0,990,3
61,1,2025,2025-01-01,15,3,Duque de Caxias,3301702,Baixada Fluminense,3,0,0,3,0,0.0,3,1,0.0,18,0,0,8,1,4,0,5,16,1,0,0,0,0.0,0,0,0.0,1,23,2,0,0,2,3.0,14,21,0,1,0,36,0,0.0,0.0,0.0,2,5.0,0.0,3.0,0.0,14,3,0,0,0,0,169,3
62,1,2025,2025-01-01,15,3,Duque de Caxias,3301702,Baixada Fluminense,2,1,0,3,0,0.0,3,6,0.0,38,5,2,17,36,5,8,49,65,8,2,0,0,0.0,0,0,0.0,17,141,14,3,1,4,2.0,34,58,0,2,0,71,7,0.0,7.0,0.0,16,21.0,2.0,3.0,1.0,32,7,0,0,0,0,535,3
63,1,2025,2025-01-01,24,3,Japeri,3302270,Baixada Fluminense,0,0,0,0,3,0.0,3,2,0.0,45,7,0,6,8,4,0,12,1,0,2,1,0,0.0,0,0,0.0,0,16,4,1,0,2,0.0,14,21,0,2,0,49,6,1.0,5.0,0.0,3,20.0,1.0,6.0,0.0,53,3,0,0,0,0,276,3
64,1,2025,2025-01-01,21,3,São João de Meriti,3305109,Baixada Fluminense,11,0,0,11,5,0.0,16,24,0.0,161,14,1,41,63,83,33,179,109,24,4,4,0,0.0,0,1,0.0,28,349,56,13,1,16,0.0,122,208,0,4,0,194,12,1.0,10.0,1.0,74,51.0,10.0,10.0,0.0,135,15,0,0,0,0,1484,3
65,1,2025,2025-01-01,34,3,Magé,3302502,Baixada Fluminense,1,0,0,1,1,0.0,2,0,0.0,32,8,5,33,3,2,0,5,4,1,0,0,0,0.0,0,0,0.0,0,10,10,1,0,2,2.0,27,42,0,0,0,48,7,1.0,4.0,3.0,6,11.0,0.0,1.0,0.0,26,1,0,0,0,0,314,3
66,1,2025,2025-01-01,34,3,Magé,3302502,Baixada Fluminense,3,0,0,3,0,0.0,3,3,0.0,74,9,1,24,15,5,1,21,12,2,0,0,0,0.0,0,0,1.0,8,44,26,4,1,6,2.0,50,89,0,1,0,82,6,4.0,3.0,0.0,9,26.0,3.0,5.0,0.0,81,7,0,0,0,0,617,3
67,1,2025,2025-01-01,34,3,Guapimirim,3301850,Baixada Fluminense,1,0,0,1,0,0.0,1,1,0.0,36,2,0,7,1,0,0,1,2,0,1,0,0,0.0,0,0,1.0,1,6,4,1,0,0,0.0,12,17,0,0,0,27,26,22.0,4.0,0.0,4,10.0,0.0,9.0,0.0,40,4,0,0,0,0,256,3
1,2,2025,2025-02-01,5,1,Rio de Janeiro,3304557,Capital,0,0,0,0,0,0.0,0,0,0.0,14,0,0,10,115,51,2,168,0,1,3,0,0,1.0,0,0,0.0,1,174,1,349,19,309,3.0,96,777,0,3,0,102,8,6.0,1.0,1.0,0,20.0,2.0,10.0,4.0,16,3,1,0,0,0,1334,3
4,2,2025,2025-02-01,5,1,Rio de Janeiro,3304557,Capital,1,0,0,1,0,0.0,1,0,0.0,21,1,3,11,27,28,6,61,0,1,1,0,0,0.0,0,0,0.0,9,72,10,54,23,97,2.0,58,244,0,1,0,31,12,2.0,10.0,0.0,2,23.0,6.0,10.0,3.0,15,6,0,0,0,0,590,3
5,2,2025,2025-02-01,5,1,Rio de Janeiro,3304557,Capital,0,0,0,0,0,0.0,0,0,0.0,53,11,4,10,110,86,4,200,5,0,4,0,0,0.0,0,0,0.0,13,222,19,112,8,372,9.0,170,690,0,2,0,136,6,4.0,2.0,0.0,4,43.0,11.0,19.0,5.0,40,6,1,0,0,0,1594,3
6,2,2025,2025-02-01,4,1,Rio de Janeiro,3304557,Capital,0,0,0,0,0,0.0,0,0,0.0,35,4,1,43,25,15,12,52,19,4,1,0,0,0.0,0,0,0.0,11,87,11,21,11,62,0.0,86,191,0,2,0,48,2,1.0,0.0,1.0,20,15.0,1.0,1.0,3.0,19,5,0,0,0,0,627,3
7,2,2025,2025-02-01,5,1,Rio de Janeiro,3304557,Capital,0,0,0,0,0,1.0,1,0,0.0,14,0,0,3,17,10,6,33,3,0,0,1,0,0.0,0,0,0.0,5,42,7,19,1,39,1.0,45,112,0,1,0,28,5,1.0,2.0,2.0,6,4.0,0.0,1.0,1.0,15,1,1,0,0,0,321,3
9,2,2025,2025-02-01,2,1,Rio de Janeiro,3304557,Capital,3,0,0,3,0,0.0,3,1,0.0,42,0,2,23,138,99,8,245,13,0,0,0,0,0.0,0,0,7.0,24,289,18,113,15,571,20.0,139,876,0,6,0,158,9,7.0,2.0,0.0,2,33.0,7.0,4.0,3.0,42,5,0,0,0,0,1808,3
10,2,2025,2025-02-01,2,1,Rio de Janeiro,3304557,Capital,2,0,0,2,1,0.0,3,0,0.0,22,2,0,17,48,64,7,119,11,0,5,0,0,0.0,0,0,18.0,15,168,15,24,25,169,19.0,217,469,0,3,0,152,2,1.0,1.0,0.0,4,32.0,17.0,6.0,1.0,37,2,0,0,0,0,1146,3
11,2,2025,2025-02-01,23,1,Rio de Janeiro,3304557,Capital,1,0,0,1,0,0.0,1,0,0.0,9,1,1,5,0,1,0,1,0,0,0,0,0,0.0,0,0,0.0,0,1,1,3,0,8,0.0,7,19,0,0,0,17,0,0.0,0.0,0.0,0,2.0,0.0,2.0,0.0,12,3,0,0,0,0,107,3
12,2,2025,2025-02-01,19,1,Rio de Janeiro,3304557,Capital,0,0,0,0,0,0.0,0,1,0.0,41,1,0,7,9,7,1,17,1,0,1,1,0,0.0,0,0,0.0,6,26,20,58,8,118,31.0,175,410,0,3,0,210,4,2.0,2.0,0.0,6,26.0,14.0,5.0,2.0,51,4,0,0,0,0,1061,3
13,2,2025,2025-02-01,19,1,Rio de Janeiro,3304557,Capital,0,0,1,1,0,0.0,1,0,0.0,17,0,0,8,9,9,0,18,0,1,1,2,0,0.0,0,0,0.0,1,23,13,20,4,54,10.0,100,201,0,1,0,86,4,2.0,2.0,0.0,1,12.0,3.0,1.0,0.0,20,2,0,0,0,0,552,3
14,2,2025,2025-02-01,23,1,Rio de Janeiro,3304557,Capital,0,0,0,0,1,0.0,1,1,0.0,23,1,0,7,25,29,1,55,3,0,1,2,0,0.0,0,0,2.0,7,70,73,48,8,201,56.0,183,569,0,4,0,153,9,6.0,3.0,0.0,5,37.0,14.0,10.0,4.0,23,8,0,0,0,0,1169,3
15,2,2025,2025-02-01,23,1,Rio de Janeiro,3304557,Capital,0,0,0,0,1,0.0,1,0,0.0,26,1,1,10,10,14,1,25,4,0,0,1,0,0.0,0,0,2.0,9,41,7,13,17,60,7.0,83,187,0,1,0,133,5,4.0,1.0,0.0,4,18.0,2.0,6.0,1.0,17,3,0,0,0,0,638,3
16,2,2025,2025-02-01,31,2,Rio de Janeiro,3304557,Capital,1,0,0,1,1,0.0,2,4,0.0,59,5,6,50,73,42,23,138,17,0,1,0,0,0.0,0,0,2.0,33,191,45,25,41,176,17.0,279,583,0,6,0,387,14,10.0,3.0,2.0,14,81.0,52.0,18.0,12.0,76,10,0,0,0,0,2031,3
17,2,2025,2025-02-01,4,1,Rio de Janeiro,3304557,Capital,0,0,0,0,0,0.0,0,1,0.0,48,2,1,27,27,22,17,66,14,4,1,0,0,0.0,0,0,0.0,25,110,15,10,9,37,1.0,117,189,0,1,0,79,3,1.0,2.0,0.0,12,9.0,1.0,7.0,4.0,29,5,0,0,0,0,746,3
18,2,2025,2025-02-01,6,1,Rio de Janeiro,3304557,Capital,0,1,0,1,0,0.0,1,0,0.0,27,0,0,19,57,50,29,136,26,2,2,1,0,0.0,0,0,1.0,14,182,6,36,24,104,5.0,91,266,0,3,0,89,0,0.0,0.0,0.0,9,15.0,3.0,1.0,2.0,28,0,0,0,0,0,870,3
19,2,2025,2025-02-01,6,1,Rio de Janeiro,3304557,Capital,1,0,0,1,0,0.0,1,0,0.0,47,2,0,21,58,45,10,113,26,0,3,0,0,0.0,0,0,0.0,15,157,4,25,27,57,8.0,154,275,0,3,0,183,2,2.0,0.0,0.0,3,46.0,5.0,8.0,5.0,41,6,0,0,0,0,1056,3
20,2,2025,2025-02-01,6,1,Rio de Janeiro,3304557,Capital,1,0,0,1,0,0.0,1,3,0.0,44,2,0,11,26,38,6,70,31,0,2,0,0,0.0,0,0,0.0,13,116,7,15,9,22,1.0,92,146,0,5,0,122,3,2.0,1.0,0.0,7,19.0,0.0,7.0,6.0,39,0,1,0,0,0,737,3
21,2,2025,2025-02-01,22,1,Rio de Janeiro,3304557,Capital,6,0,2,8,1,1.0,10,0,0.0,74,4,4,62,44,29,17,90,47,27,1,0,0,0.0,0,1,0.0,29,195,26,15,26,32,0.0,154,253,0,5,0,189,14,5.0,7.0,2.0,162,54.0,4.0,32.0,4.0,60,9,5,0,0,0,1350,3
22,2,2025,2025-02-01,16,1,Rio de Janeiro,3304557,Capital,5,0,0,5,1,0.0,6,1,0.0,51,2,2,29,39,17,5,61,33,20,0,0,0,0.0,0,0,0.0,6,120,32,7,14,17,1.0,99,170,0,0,0,110,9,1.0,7.0,1.0,42,26.0,1.0,4.0,0.0,40,2,0,0,0,0,842,3
23,2,2025,2025-02-01,3,1,Rio de Janeiro,3304557,Capital,0,0,0,0,1,0.0,1,0,0.0,22,1,0,13,17,14,7,38,19,1,0,1,0,0.0,0,0,0.0,7,66,15,8,10,19,1.0,79,132,0,3,1,92,1,0.0,1.0,0.0,7,17.0,1.0,6.0,0.0,27,5,0,0,0,0,560,3
24,2,2025,2025-02-01,3,1,Rio de Janeiro,3304557,Capital,0,0,0,0,0,0.0,0,0,0.0,47,1,1,21,33,40,18,91,59,4,0,0,0,0.0,0,3,0.0,20,177,8,8,19,41,2.0,75,153,0,0,0,105,3,0.0,3.0,0.0,5,24.0,0.0,1.0,0.0,44,3,1,0,0,0,734,3
25,2,2025,2025-02-01,3,1,Rio de Janeiro,3304557,Capital,0,0,0,0,1,0.0,1,4,0.0,31,1,0,23,22,28,16,66,32,0,1,0,0,0.0,0,0,1.0,18,118,8,9,16,39,1.0,70,143,0,1,1,97,14,7.0,3.0,5.0,39,15.0,0.0,17.0,4.0,35,5,0,0,0,0,740,3
26,2,2025,2025-02-01,3,1,Rio de Janeiro,3304557,Capital,1,0,0,1,0,0.0,1,0,0.0,34,1,0,30,35,38,14,87,44,2,0,1,0,0.0,0,0,0.0,32,166,6,7,17,41,0.0,99,170,0,3,0,134,7,2.0,2.0,3.0,33,34.0,4.0,6.0,0.0,27,4,0,0,0,0,814,3
27,2,2025,2025-02-01,41,2,Rio de Janeiro,3304557,Capital,0,0,0,0,1,0.0,1,2,0.0,62,4,2,26,69,39,10,118,106,4,3,0,0,0.0,0,3,0.0,21,255,33,8,15,22,3.0,71,152,0,2,0,142,5,2.0,3.0,0.0,41,24.0,2.0,12.0,0.0,51,6,0,0,0,0,987,3
28,2,2025,2025-02-01,18,2,Rio de Janeiro,3304557,Capital,1,0,0,1,0,0.0,1,3,0.0,41,3,1,10,24,13,0,37,36,0,3,1,0,0.0,0,0,1.0,11,89,10,3,11,18,0.0,64,106,0,6,0,111,4,1.0,3.0,0.0,21,21.0,2.0,6.0,0.0,51,4,0,0,0,0,672,3
29,2,2025,2025-02-01,9,2,Rio de Janeiro,3304557,Capital,8,0,0,8,4,0.0,12,4,0.0,86,3,1,34,115,83,28,226,81,3,5,1,0,0.0,0,0,0.0,20,336,29,28,33,63,0.0,133,286,0,3,0,177,4,0.0,4.0,0.0,56,40.0,5.0,8.0,2.0,55,4,2,0,0,0,1367,3
30,2,2025,2025-02-01,9,2,Rio de Janeiro,3304557,Capital,1,0,0,1,0,0.0,1,2,0.0,53,0,0,5,36,44,19,99,39,0,0,1,0,0.0,1,0,0.0,8,148,17,5,5,23,0.0,59,109,0,2,0,93,2,0.0,2.0,0.0,8,13.0,2.0,1.0,0.0,77,4,0,0,0,0,671,3
31,2,2025,2025-02-01,41,2,Rio de Janeiro,3304557,Capital,2,0,0,2,0,1.0,3,3,0.0,38,2,0,13,22,33,15,70,42,7,0,1,0,0.0,0,0,0.0,11,131,21,4,1,18,3.0,21,68,0,1,0,59,8,0.0,7.0,1.0,42,19.0,0.0,4.0,1.0,44,3,0,0,0,0,530,3
32,2,2025,2025-02-01,18,2,Rio de Janeiro,3304557,Capital,5,0,0,5,4,0.0,9,9,2.0,114,10,8,82,100,86,13,199,78,2,3,0,0,0.0,0,0,0.0,14,296,37,61,36,117,2.0,186,439,0,6,2,503,7,1.0,4.0,2.0,39,59.0,7.0,12.0,2.0,177,10,1,0,0,0,2362,3
33,2,2025,2025-02-01,14,2,Rio de Janeiro,3304557,Capital,2,1,0,3,4,0.0,7,2,2.0,89,4,4,50,8,84,13,105,43,11,1,1,0,0.0,0,1,0.0,4,166,19,6,7,43,3.0,73,151,0,5,0,214,0,0.0,0.0,0.0,17,32.0,0.0,6.0,0.0,79,6,0,0,0,0,1085,3
34,2,2025,2025-02-01,14,2,Rio de Janeiro,3304557,Capital,9,0,0,9,4,0.0,13,6,1.0,148,4,7,49,42,40,9,91,65,5,1,2,0,0.0,0,2,0.0,6,172,17,17,6,38,4.0,115,197,0,2,0,282,43,3.0,21.0,19.0,47,65.0,0.0,14.0,1.0,124,14,2,0,0,0,1454,3
35,2,2025,2025-02-01,40,2,Rio de Janeiro,3304557,Capital,5,0,0,5,0,0.0,5,8,2.0,263,11,2,97,45,31,4,80,36,9,5,1,0,0.0,0,0,0.0,19,150,48,16,11,69,6.0,269,419,0,9,0,283,9,4.0,4.0,1.0,29,128.0,3.0,18.0,0.0,235,19,0,0,0,0,2188,3
36,2,2025,2025-02-01,27,2,Rio de Janeiro,3304557,Capital,4,1,0,5,0,1.0,6,7,0.0,169,23,5,29,22,17,4,43,6,1,2,0,0,0.0,0,0,0.0,5,57,13,9,5,23,0.0,72,122,0,11,0,213,1,0.0,1.0,0.0,16,46.0,2.0,8.0,0.0,144,16,2,0,0,0,1125,3
37,2,2025,2025-02-01,17,1,Rio de Janeiro,3304557,Capital,3,0,0,3,2,1.0,6,0,0.0,65,3,4,29,8,5,1,14,8,1,2,0,0,0.0,0,0,0.0,7,32,17,7,7,18,4.0,70,123,0,4,0,119,30,5.0,6.0,19.0,22,21.0,6.0,10.0,4.0,41,1,1,0,0,0,819,3
38,2,2025,2025-02-01,16,1,Rio de Janeiro,3304557,Capital,2,0,0,2,2,0.0,4,10,0.0,53,5,1,26,37,18,2,57,87,19,0,0,0,0.0,0,0,0.0,18,181,14,2,2,7,1.0,46,72,0,1,0,79,6,0.0,5.0,1.0,89,20.0,0.0,7.0,1.0,48,4,0,0,0,0,738,3
39,2,2025,2025-02-01,41,2,Rio de Janeiro,3304557,Capital,3,0,0,3,4,0.0,7,6,1.0,57,1,4,33,49,31,21,101,101,7,1,1,0,0.0,0,0,0.0,38,249,10,17,7,24,1.0,66,125,0,1,0,121,8,0.0,6.0,2.0,74,29.0,2.0,3.0,1.0,54,4,0,0,0,0,917,3
40,2,2025,2025-02-01,9,2,Rio de Janeiro,3304557,Capital,3,0,0,3,0,0.0,3,0,1.0,47,2,0,18,33,44,7,84,49,3,1,0,0,0.0,0,0,0.0,6,143,13,2,1,12,0.0,45,73,0,4,0,64,2,0.0,2.0,0.0,22,17.0,0.0,4.0,0.0,45,3,0,0,0,0,516,3
41,2,2025,2025-02-01,18,2,Rio de Janeiro,3304557,Capital,0,0,0,0,5,0.0,5,1,0.0,33,3,0,24,27,16,1,44,24,0,0,0,0,0.0,0,0,0.0,8,76,18,7,7,24,2.0,69,127,0,4,0,171,1,0.0,1.0,0.0,12,13.0,1.0,3.0,1.0,38,3,2,0,0,0,775,3
42,2,2025,2025-02-01,31,2,Rio de Janeiro,3304557,Capital,5,0,0,5,0,0.0,5,3,0.0,80,2,6,45,41,29,2,72,18,0,3,1,0,0.0,0,0,0.0,15,109,67,14,15,47,6.0,147,296,0,9,0,304,50,44.0,4.0,2.0,7,30.0,3.0,9.0,4.0,70,8,0,0,0,0,1419,3
43,2,2025,2025-02-01,27,2,Rio de Janeiro,3304557,Capital,2,0,0,2,0,0.0,2,1,0.0,87,9,1,37,26,16,0,42,7,1,1,2,0,0.0,0,0,0.0,2,55,9,4,3,23,3.0,34,76,0,1,0,114,0,0.0,0.0,0.0,17,29.0,0.0,3.0,0.0,111,10,0,0,0,0,724,3
44,2,2025,2025-02-01,3,1,Rio de Janeiro,3304557,Capital,0,0,0,0,0,0.0,0,7,0.0,32,3,2,31,36,18,9,63,30,0,0,0,0,0.0,0,0,0.0,23,116,15,5,10,23,1.0,62,116,0,1,0,91,5,0.0,5.0,0.0,32,22.0,0.0,6.0,1.0,29,2,0,0,0,0,679,3
48,2,2025,2025-02-01,24,3,Seropédica,3305554,Baixada Fluminense,3,0,0,3,0,0.0,3,0,1.0,27,3,4,14,4,3,0,7,1,4,0,1,0,0.0,0,0,0.0,4,17,3,1,0,2,5.0,19,30,0,1,0,43,5,4.0,1.0,0.0,10,13.0,0.0,4.0,1.0,30,3,0,0,0,0,300,3
50,2,2025,2025-02-01,24,3,Itaguaí,3302007,Baixada Fluminense,1,0,0,1,2,0.0,3,0,0.0,37,4,2,10,10,6,1,17,7,0,1,1,0,0.0,0,1,0.0,2,29,11,3,1,11,2.0,44,72,0,2,0,71,2,1.0,0.0,1.0,18,18.0,0.0,7.0,0.0,41,8,0,0,0,0,449,3
51,2,2025,2025-02-01,24,3,Paracambi,3303609,Baixada Fluminense,1,0,0,1,0,0.0,1,3,0.0,16,1,1,2,0,0,0,0,1,0,0,0,0,0.0,0,0,0.0,0,1,0,1,0,3,1.0,14,19,0,1,0,35,8,3.0,1.0,4.0,2,6.0,0.0,5.0,1.0,20,2,0,0,0,0,160,3
52,2,2025,2025-02-01,20,3,Nova Iguaçu,3303500,Baixada Fluminense,2,0,1,3,1,0.0,4,1,0.0,64,2,2,36,60,52,3,115,47,3,3,0,0,0.0,1,0,0.0,12,181,41,16,5,33,9.0,131,235,0,2,0,151,2,1.0,0.0,1.0,28,29.0,3.0,20.0,1.0,81,7,0,0,0,0,1123,3
53,2,2025,2025-02-01,20,3,Mesquita,3302858,Baixada Fluminense,1,0,0,1,0,1.0,2,5,0.0,94,5,0,13,32,13,3,48,24,3,0,2,0,0.0,0,1,0.0,10,88,27,2,1,8,2.0,51,91,0,2,0,73,10,0.0,6.0,4.0,17,30.0,1.0,4.0,0.0,81,7,1,0,0,0,592,3
54,2,2025,2025-02-01,39,3,Belford Roxo,3300456,Baixada Fluminense,4,0,0,4,4,0.0,8,3,2.0,132,9,0,30,75,58,7,140,122,16,0,4,0,0.0,0,0,0.0,20,302,28,15,3,7,3.0,86,142,0,15,0,214,14,2.0,11.0,1.0,117,53.0,6.0,16.0,1.0,126,14,2,0,0,0,1404,3
55,2,2025,2025-02-01,24,3,Queimados,3304144,Baixada Fluminense,3,0,0,3,2,0.0,5,3,0.0,73,4,2,10,16,5,0,21,6,1,2,1,0,0.0,0,1,0.0,0,32,15,3,1,4,0.0,40,63,0,1,0,71,5,1.0,4.0,0.0,3,27.0,0.0,11.0,0.0,67,4,0,0,0,0,479,3
56,2,2025,2025-02-01,20,3,Nova Iguaçu,3303500,Baixada Fluminense,7,0,0,7,1,0.0,8,4,1.0,115,8,1,14,43,33,0,76,28,6,0,0,0,0.0,0,0,0.0,10,120,22,3,2,4,3.0,49,83,0,4,0,98,2,0.0,2.0,0.0,21,20.0,1.0,7.0,0.0,107,15,0,0,0,0,768,3
57,2,2025,2025-02-01,20,3,Nilópolis,3303203,Baixada Fluminense,2,0,0,2,0,0.0,2,1,1.0,66,3,1,16,25,15,1,41,33,0,2,0,0,0.0,0,1,0.0,3,80,18,5,2,10,4.0,61,100,0,6,0,91,2,1.0,0.0,1.0,10,18.0,1.0,4.0,0.0,56,10,0,0,0,0,613,3
58,2,2025,2025-02-01,20,3,Nova Iguaçu,3303500,Baixada Fluminense,14,0,0,14,2,0.0,16,8,3.0,152,14,6,40,36,34,3,73,58,7,1,2,0,0.0,0,0,0.0,11,152,29,3,1,13,3.0,57,106,0,3,0,127,4,2.0,2.0,0.0,19,64.0,0.0,15.0,1.0,144,14,0,0,0,0,1071,3
59,2,2025,2025-02-01,15,3,Duque de Caxias,3301702,Baixada Fluminense,1,0,0,1,2,0.0,3,28,2.0,122,11,2,40,111,94,20,225,169,38,1,3,0,0.0,0,1,0.0,24,461,26,35,8,53,1.0,181,304,0,1,0,184,7,1.0,6.0,0.0,257,56.0,9.0,35.0,1.0,95,14,0,1,0,1,1975,3
60,2,2025,2025-02-01,15,3,Duque de Caxias,3301702,Baixada Fluminense,14,0,0,14,7,0.0,21,19,0.0,65,6,3,25,32,30,4,66,104,25,1,1,0,0.0,0,0,1.0,17,215,10,4,3,3,2.0,48,70,0,2,1,112,20,0.0,19.0,1.0,43,75.0,5.0,24.0,1.0,65,4,3,0,0,0,922,3
61,2,2025,2025-02-01,15,3,Duque de Caxias,3301702,Baixada Fluminense,0,0,0,0,0,0.0,0,0,0.0,19,2,0,10,1,2,0,3,9,3,0,1,0,0.0,0,0,0.0,2,18,2,0,0,5,0.0,11,18,0,1,0,33,2,1.0,1.0,0.0,5,5.0,0.0,2.0,0.0,31,3,0,0,0,0,184,3
62,2,2025,2025-02-01,15,3,Duque de Caxias,3301702,Baixada Fluminense,2,0,0,2,0,0.0,2,1,0.0,38,3,0,17,21,14,2,37,40,0,0,1,0,0.0,0,0,0.0,9,87,9,1,0,8,1.0,27,46,0,3,0,60,7,1.0,6.0,0.0,29,20.0,3.0,3.0,0.0,39,4,1,0,0,0,408,3
63,2,2025,2025-02-01,24,3,Japeri,3302270,Baixada Fluminense,1,0,0,1,2,0.0,3,3,0.0,59,2,0,5,7,4,0,11,2,0,0,1,0,0.0,0,0,0.0,1,15,7,2,1,4,0.0,24,38,0,1,0,44,4,2.0,2.0,0.0,3,9.0,0.0,5.0,0.0,33,0,0,0,0,0,301,3
64,2,2025,2025-02-01,21,3,São João de Meriti,3305109,Baixada Fluminense,10,0,0,10,3,1.0,14,11,0.0,122,14,3,34,82,43,20,145,147,22,0,2,0,0.0,0,1,0.0,39,356,64,10,8,20,0.0,142,244,0,5,0,263,24,4.0,18.0,2.0,119,56.0,11.0,14.0,0.0,125,19,3,0,0,0,1872,3
65,2,2025,2025-02-01,34,3,Magé,3302502,Baixada Fluminense,0,0,0,0,1,0.0,1,1,0.0,34,2,1,9,0,1,0,1,3,2,1,1,0,0.0,0,0,0.0,0,8,4,2,1,4,1.0,18,30,0,1,0,41,15,2.0,11.0,2.0,5,25.0,1.0,5.0,0.0,43,3,1,0,0,0,284,3
66,2,2025,2025-02-01,34,3,Magé,3302502,Baixada Fluminense,1,0,0,1,0,0.0,1,2,2.0,71,3,0,11,9,7,0,16,17,2,1,1,0,1.0,0,0,1.0,4,43,14,3,1,9,4.0,52,83,0,1,1,84,2,1.0,0.0,1.0,6,22.0,0.0,7.0,1.0,87,6,0,0,0,0,600,3
67,2,2025,2025-02-01,34,3,Guapimirim,3301850,Baixada Fluminense,0,0,0,0,0,0.0,0,6,0.0,23,2,1,5,0,2,0,2,7,0,3,2,0,0.0,0,0,1.0,1,16,2,0,0,1,1.0,26,30,0,1,0,29,36,29.0,7.0,2.0,4,19.0,1.0,4.0,0.0,35,2,0,0,0,0,265,3
1,3,2025,2025-03-01,5,1,Rio de Janeiro,3304557,Capital,0,0,0,0,0,0.0,0,0,0.0,22,2,0,5,134,81,4,219,2,2,0,0,0,0.0,0,0,0.0,3,226,1,267,21,430,2.0,143,864,0,1,0,102,4,2.0,2.0,0.0,0,34.0,7.0,17.0,7.0,13,4,0,0,0,0,1473,3
4,3,2025,2025-03-01,5,1,Rio de Janeiro,3304557,Capital,0,0,0,0,0,0.0,0,0,0.0,32,1,2,14,47,32,6,85,0,1,0,1,0,0.0,0,0,0.0,12,99,7,77,15,125,3.0,122,349,0,2,0,43,11,3.0,7.0,1.0,3,45.0,3.0,14.0,4.0,15,2,0,0,0,0,765,3
5,3,2025,2025-03-01,5,1,Rio de Janeiro,3304557,Capital,0,0,0,0,0,0.0,0,1,0.0,68,2,0,9,262,157,6,425,1,2,1,1,0,0.0,0,0,1.0,23,454,9,186,10,478,15.0,227,925,0,0,0,156,13,4.0,7.0,2.0,1,60.0,14.0,19.0,11.0,39,4,1,0,0,0,2110,3
6,3,2025,2025-03-01,4,1,Rio de Janeiro,3304557,Capital,1,0,0,1,0,0.0,1,0,0.0,40,4,2,44,47,24,16,87,10,1,2,1,0,0.0,1,1,0.0,4,107,6,35,14,101,2.0,84,242,0,1,0,46,2,1.0,1.0,0.0,18,22.0,5.0,11.0,0.0,21,2,0,0,0,0,750,3
7,3,2025,2025-03-01,5,1,Rio de Janeiro,3304557,Capital,0,0,0,0,1,0.0,1,0,0.0,22,2,0,0,31,17,0,48,2,0,0,0,0,0.0,0,0,0.0,7,57,7,17,0,78,0.0,47,149,0,0,0,46,4,1.0,1.0,2.0,3,5.0,0.0,2.0,0.0,13,1,0,0,0,0,390,3
9,3,2025,2025-03-01,2,1,Rio de Janeiro,3304557,Capital,0,0,0,0,0,0.0,0,2,0.0,52,0,1,33,124,108,7,239,2,1,5,0,0,0.0,0,0,11.0,5,263,18,164,13,385,21.0,175,776,0,6,0,162,2,1.0,1.0,0.0,5,43.0,21.0,7.0,3.0,35,10,1,0,0,0,1788,3
10,3,2025,2025-03-01,2,1,Rio de Janeiro,3304557,Capital,1,0,0,1,0,0.0,1,1,0.0,47,2,1,28,59,61,4,124,5,2,3,0,0,0.0,0,0,13.0,21,168,11,29,19,181,13.0,213,466,0,8,0,153,4,3.0,1.0,0.0,5,34.0,13.0,6.0,3.0,28,4,0,0,0,0,1218,3
11,3,2025,2025-03-01,23,1,Rio de Janeiro,3304557,Capital,0,0,0,0,0,0.0,0,0,0.0,6,3,1,1,0,0,0,0,0,0,0,0,0,0.0,0,0,0.0,0,0,1,0,0,2,0.0,10,13,0,0,0,17,3,3.0,0.0,0.0,0,0.0,0.0,2.0,0.0,14,2,0,0,0,0,85,3
12,3,2025,2025-03-01,19,1,Rio de Janeiro,3304557,Capital,0,0,0,0,0,0.0,0,1,0.0,24,3,0,13,21,11,0,32,0,0,0,0,0,0.0,0,0,0.0,3,35,7,63,8,150,28.0,200,456,0,7,0,254,7,1.0,5.0,1.0,3,35.0,5.0,15.0,1.0,44,5,0,0,0,0,1218,3
13,3,2025,2025-03-01,19,1,Rio de Janeiro,3304557,Capital,0,0,0,0,0,0.0,0,0,0.0,19,4,0,9,21,4,0,25,0,0,4,1,0,0.0,0,0,2.0,2,34,1,34,3,70,14.0,118,240,0,2,0,98,3,2.0,1.0,0.0,0,14.0,6.0,3.0,0.0,32,1,0,0,0,0,665,3
14,3,2025,2025-03-01,23,1,Rio de Janeiro,3304557,Capital,0,0,0,0,0,0.0,0,0,0.0,23,2,0,10,25,39,2,66,0,0,1,1,0,0.0,0,0,4.0,3,75,27,88,2,353,57.0,202,729,0,4,0,212,9,7.0,2.0,0.0,3,66.0,7.0,10.0,1.0,28,8,0,0,0,0,1388,3
15,3,2025,2025-03-01,23,1,Rio de Janeiro,3304557,Capital,0,0,0,0,0,0.0,0,1,0.0,29,0,1,18,11,13,0,24,0,0,0,0,0,0.0,0,0,2.0,5,31,7,19,5,68,5.0,87,191,0,6,0,138,4,2.0,2.0,0.0,7,19.0,3.0,6.0,0.0,23,4,0,0,0,0,679,3
16,3,2025,2025-03-01,31,2,Rio de Janeiro,3304557,Capital,3,1,0,4,2,0.0,6,5,0.0,89,6,5,59,65,46,10,121,11,0,4,0,0,0.0,0,0,1.0,28,165,44,35,45,208,12.0,331,675,0,10,0,415,12,6.0,6.0,0.0,16,73.0,14.0,26.0,7.0,99,12,1,0,0,0,2220,3
17,3,2025,2025-03-01,4,1,Rio de Janeiro,3304557,Capital,1,0,0,1,0,0.0,1,1,1.0,25,3,0,28,26,19,22,67,6,1,2,0,0,0.0,0,0,0.0,21,97,11,6,7,35,1.0,203,263,0,3,0,86,6,1.0,5.0,0.0,6,37.0,3.0,7.0,1.0,18,7,0,0,0,0,772,3
18,3,2025,2025-03-01,6,1,Rio de Janeiro,3304557,Capital,0,0,0,0,0,0.0,0,1,0.0,21,4,1,28,85,135,34,254,16,0,2,1,0,0.0,0,0,0.0,20,293,3,29,34,127,7.0,170,370,0,3,0,77,0,0.0,0.0,0.0,3,43.0,6.0,6.0,0.0,24,1,0,0,0,0,1114,3
19,3,2025,2025-03-01,6,1,Rio de Janeiro,3304557,Capital,0,0,0,0,0,0.0,0,0,0.0,36,1,1,16,58,63,11,132,20,1,7,0,0,0.0,0,0,0.0,8,168,8,23,41,56,2.0,158,288,0,4,0,163,1,1.0,0.0,0.0,5,35.0,5.0,11.0,6.0,39,5,1,0,0,0,1050,3
20,3,2025,2025-03-01,6,1,Rio de Janeiro,3304557,Capital,1,0,0,1,0,0.0,1,1,0.0,41,3,1,21,49,35,8,92,13,0,2,2,0,0.0,0,0,1.0,16,126,17,17,20,50,1.0,99,204,0,3,1,169,1,0.0,0.0,1.0,8,26.0,8.0,5.0,1.0,39,4,0,0,0,0,913,3
21,3,2025,2025-03-01,22,1,Rio de Janeiro,3304557,Capital,7,0,0,7,1,0.0,8,4,0.0,78,9,4,58,40,38,22,100,36,9,5,1,0,0.0,0,0,0.0,39,190,27,9,25,41,1.0,202,305,0,2,0,140,22,6.0,13.0,3.0,67,83.0,7.0,36.0,6.0,58,12,1,0,0,0,1313,3
22,3,2025,2025-03-01,16,1,Rio de Janeiro,3304557,Capital,1,0,0,1,0,0.0,1,3,0.0,38,1,2,24,28,18,6,52,17,4,1,0,0,0.0,0,1,0.0,6,81,20,11,8,27,0.0,107,173,0,2,0,100,10,1.0,9.0,0.0,25,37.0,3.0,4.0,1.0,39,3,0,0,0,0,747,3
23,3,2025,2025-03-01,3,1,Rio de Janeiro,3304557,Capital,1,1,0,2,0,0.0,2,0,0.0,15,0,1,21,22,21,2,45,8,0,2,0,0,0.0,0,0,0.0,4,59,2,3,0,22,5.0,75,107,0,1,0,94,2,1.0,1.0,0.0,1,14.0,3.0,6.0,1.0,35,3,0,0,0,0,498,3
24,3,2025,2025-03-01,3,1,Rio de Janeiro,3304557,Capital,0,0,0,0,0,0.0,0,0,0.0,41,3,0,19,34,27,6,67,29,1,4,1,0,0.0,0,0,1.0,15,118,3,9,6,33,0.0,77,128,0,1,0,116,3,2.0,1.0,0.0,8,29.0,2.0,5.0,0.0,66,4,1,0,0,0,717,3
25,3,2025,2025-03-01,3,1,Rio de Janeiro,3304557,Capital,0,0,0,0,0,0.0,0,0,0.0,35,4,1,27,29,33,12,74,10,0,2,0,0,0.0,0,0,0.0,14,100,5,3,28,57,1.0,97,191,1,2,0,110,16,5.0,8.0,3.0,42,36.0,2.0,16.0,4.0,42,1,0,0,0,0,817,3
26,3,2025,2025-03-01,3,1,Rio de Janeiro,3304557,Capital,0,0,0,0,2,0.0,2,0,1.0,40,2,1,24,39,46,6,91,17,0,5,0,0,0.0,0,0,0.0,9,122,3,16,15,30,1.0,93,158,0,6,0,130,6,2.0,1.0,3.0,20,29.0,2.0,7.0,0.0,33,8,0,0,0,0,780,3
27,3,2025,2025-03-01,41,2,Rio de Janeiro,3304557,Capital,2,1,0,3,0,0.0,3,3,0.0,60,4,2,25,89,73,7,169,71,13,4,0,0,0.0,0,0,0.0,29,286,35,8,5,23,1.0,85,157,0,1,3,168,3,1.0,1.0,1.0,20,22.0,2.0,10.0,2.0,59,9,0,0,0,0,1076,3
28,3,2025,2025-03-01,18,2,Rio de Janeiro,3304557,Capital,1,0,0,1,0,0.0,1,1,0.0,37,2,1,9,29,27,3,59,26,0,0,0,0,0.0,0,0,0.0,8,93,8,3,16,24,1.0,38,90,0,2,0,123,0,0.0,0.0,0.0,14,11.0,0.0,3.0,0.0,50,3,0,0,0,0,649,3
29,3,2025,2025-03-01,9,2,Rio de Janeiro,3304557,Capital,5,0,0,5,3,0.0,8,1,1.0,75,4,5,30,107,100,13,220,57,7,1,1,0,1.0,1,2,1.0,26,317,31,59,24,74,1.0,129,318,0,8,0,184,4,0.0,2.0,2.0,46,38.0,4.0,15.0,0.0,79,4,1,0,0,0,1442,3
30,3,2025,2025-03-01,9,2,Rio de Janeiro,3304557,Capital,3,1,0,4,0,0.0,4,2,0.0,44,1,0,14,29,48,8,85,38,0,3,0,0,0.0,0,0,0.0,10,136,25,13,6,31,2.0,64,141,0,3,0,105,2,1.0,1.0,0.0,5,26.0,2.0,2.0,0.0,63,6,1,0,0,0,727,3
31,3,2025,2025-03-01,41,2,Rio de Janeiro,3304557,Capital,2,0,0,2,1,0.0,3,5,1.0,43,8,0,21,33,41,6,80,26,7,2,2,0,0.0,0,0,0.0,11,128,13,2,2,10,1.0,51,79,0,2,0,74,8,0.0,6.0,2.0,19,28.0,3.0,3.0,0.0,47,4,0,0,0,0,552,3
32,3,2025,2025-03-01,18,2,Rio de Janeiro,3304557,Capital,8,0,0,8,4,0.0,12,26,0.0,137,9,6,77,117,74,12,203,50,0,1,3,0,0.0,0,0,1.0,10,268,46,73,51,126,2.0,253,551,0,15,1,566,6,2.0,4.0,0.0,34,64.0,4.0,18.0,2.0,198,18,0,0,0,0,2538,3
33,3,2025,2025-03-01,14,2,Rio de Janeiro,3304557,Capital,3,0,0,3,0,0.0,3,4,1.0,96,3,6,34,15,69,4,88,40,1,0,0,0,0.0,0,0,2.0,8,139,23,8,9,57,6.0,89,192,0,1,0,214,4,0.0,3.0,1.0,15,46.0,2.0,11.0,2.0,72,5,0,0,0,0,1112,3
34,3,2025,2025-03-01,14,2,Rio de Janeiro,3304557,Capital,6,1,0,7,0,2.0,9,7,2.0,110,12,2,46,59,39,4,102,52,6,3,0,0,1.0,0,2,0.0,4,170,21,19,5,46,4.0,204,299,0,2,0,261,35,2.0,15.0,18.0,35,85.0,1.0,15.0,3.0,125,14,1,0,0,0,1545,3
35,3,2025,2025-03-01,40,2,Rio de Janeiro,3304557,Capital,7,0,0,7,0,1.0,8,6,1.0,269,20,5,108,45,36,4,85,40,6,4,2,0,0.0,0,1,0.0,20,158,43,14,16,78,5.0,340,496,0,11,1,289,5,4.0,1.0,0.0,23,144.0,2.0,30.0,1.0,216,39,2,0,0,0,2346,3
36,3,2025,2025-03-01,27,2,Rio de Janeiro,3304557,Capital,6,0,0,6,0,0.0,6,2,3.0,155,12,6,31,21,21,3,45,11,3,5,0,0,0.0,0,0,1.0,6,71,20,7,2,16,3.0,86,134,0,4,0,216,3,0.0,3.0,0.0,13,46.0,0.0,13.0,1.0,169,22,0,0,0,0,1196,3
37,3,2025,2025-03-01,17,1,Rio de Janeiro,3304557,Capital,9,0,0,9,3,0.0,12,2,0.0,63,2,4,36,9,3,1,13,3,1,0,0,0,0.0,0,0,0.0,2,19,13,3,3,38,1.0,90,148,0,12,0,117,15,2.0,2.0,11.0,6,31.0,0.0,7.0,1.0,35,11,0,0,0,0,865,3
38,3,2025,2025-03-01,16,1,Rio de Janeiro,3304557,Capital,1,0,0,1,0,0.0,1,6,0.0,56,5,1,48,27,14,1,42,22,4,1,0,0,0.0,0,0,0.0,11,80,11,1,2,14,0.0,47,75,0,0,0,89,9,0.0,6.0,3.0,39,32.0,1.0,10.0,2.0,51,8,1,0,0,0,581,3
39,3,2025,2025-03-01,41,2,Rio de Janeiro,3304557,Capital,7,0,0,7,3,1.0,11,1,0.0,43,4,1,21,66,42,10,118,77,15,0,0,0,0.0,0,0,0.0,30,240,17,16,7,36,0.0,80,156,0,1,0,97,7,0.0,7.0,0.0,47,26.0,1.0,5.0,0.0,46,9,0,1,0,0,877,3
40,3,2025,2025-03-01,9,2,Rio de Janeiro,3304557,Capital,1,0,1,2,0,0.0,2,1,0.0,42,0,1,18,37,47,3,87,44,1,0,1,0,0.0,0,0,0.0,12,145,9,6,6,13,1.0,62,97,0,4,0,85,4,0.0,4.0,0.0,28,15.0,2.0,7.0,2.0,43,4,0,0,0,0,594,3
41,3,2025,2025-03-01,18,2,Rio de Janeiro,3304557,Capital,3,0,0,3,0,0.0,3,0,0.0,35,2,0,32,28,33,0,61,8,1,2,2,0,0.0,0,1,0.0,3,78,7,9,21,28,1.0,76,142,0,7,0,188,3,0.0,3.0,0.0,8,20.0,0.0,5.0,0.0,53,5,1,0,0,0,847,3
42,3,2025,2025-03-01,31,2,Rio de Janeiro,3304557,Capital,5,0,1,6,2,0.0,8,8,0.0,96,7,2,30,41,44,2,87,8,0,6,1,0,0.0,0,0,0.0,12,114,36,12,18,54,31.0,158,309,0,12,0,348,28,14.0,10.0,4.0,10,49.0,8.0,12.0,2.0,108,8,0,0,0,0,1445,3
43,3,2025,2025-03-01,27,2,Rio de Janeiro,3304557,Capital,3,0,0,3,0,0.0,3,2,1.0,97,6,2,34,30,19,3,52,4,0,1,0,0,0.0,0,0,0.0,0,57,11,4,0,22,3.0,43,83,0,4,0,105,1,0.0,1.0,0.0,13,25.0,1.0,9.0,0.0,95,16,0,0,0,0,691,3
44,3,2025,2025-03-01,3,1,Rio de Janeiro,3304557,Capital,3,0,0,3,0,0.0,3,2,0.0,35,7,1,23,37,45,6,88,19,1,2,0,0,0.0,0,0,0.0,15,125,15,10,7,25,0.0,77,134,0,2,0,97,11,3.0,6.0,2.0,13,25.0,0.0,11.0,0.0,33,6,0,0,1,0,767,3
48,3,2025,2025-03-01,24,3,Seropédica,3305554,Baixada Fluminense,2,0,0,2,0,0.0,2,0,0.0,23,0,1,11,2,5,0,7,3,2,1,2,0,0.0,0,0,0.0,1,16,4,0,0,7,3.0,21,35,0,1,0,50,1,1.0,0.0,0.0,7,21.0,0.0,4.0,0.0,42,4,0,0,0,0,304,3
50,3,2025,2025-03-01,24,3,Itaguaí,3302007,Baixada Fluminense,3,0,2,5,0,1.0,6,6,0.0,48,3,2,16,5,3,0,8,10,1,4,0,0,0.0,0,0,0.0,6,29,10,3,0,15,1.0,45,74,0,2,0,69,6,4.0,2.0,0.0,11,36.0,0.0,14.0,1.0,28,10,1,0,0,0,474,3
51,3,2025,2025-03-01,24,3,Paracambi,3303609,Baixada Fluminense,2,0,0,2,0,0.0,2,1,0.0,31,1,3,1,1,0,0,1,1,0,0,0,0,0.0,0,0,0.0,0,2,1,0,0,1,2.0,8,12,0,1,0,30,11,3.0,5.0,3.0,3,12.0,0.0,7.0,0.0,26,3,0,0,0,0,170,3
52,3,2025,2025-03-01,20,3,Nova Iguaçu,3303500,Baixada Fluminense,2,0,0,2,0,0.0,2,0,1.0,100,6,0,29,86,72,4,162,36,0,0,1,0,0.0,0,0,0.0,12,211,47,24,5,29,7.0,126,238,0,1,0,159,3,1.0,2.0,0.0,8,44.0,4.0,15.0,2.0,84,5,0,0,0,0,1156,3
53,3,2025,2025-03-01,20,3,Mesquita,3302858,Baixada Fluminense,2,0,0,2,0,1.0,3,1,2.0,65,4,2,22,48,34,1,83,17,1,2,0,0,0.0,0,0,0.0,4,107,18,5,1,5,6.0,49,84,0,0,0,96,9,1.0,1.0,7.0,12,18.0,0.0,4.0,1.0,61,3,1,0,0,0,579,3
54,3,2025,2025-03-01,39,3,Belford Roxo,3300456,Baixada Fluminense,10,0,0,10,3,0.0,13,7,1.0,167,23,1,20,91,45,9,145,61,16,0,0,0,0.0,0,0,1.0,9,232,38,14,1,14,4.0,87,158,0,9,1,203,16,0.0,16.0,2.0,91,49.0,8.0,23.0,2.0,180,24,2,0,0,0,1411,3
55,3,2025,2025-03-01,24,3,Queimados,3304144,Baixada Fluminense,1,0,0,1,2,0.0,3,4,0.0,65,7,1,18,13,7,0,20,1,0,0,0,0,0.0,0,0,0.0,2,23,11,3,0,6,1.0,44,65,0,1,0,67,3,1.0,2.0,0.0,7,24.0,0.0,9.0,0.0,52,5,2,0,0,0,519,3
56,3,2025,2025-03-01,20,3,Nova Iguaçu,3303500,Baixada Fluminense,2,0,0,2,0,0.0,2,9,1.0,120,8,0,21,40,41,2,83,36,2,2,0,0,0.0,0,0,0.0,10,133,29,4,1,6,0.0,47,87,0,3,0,97,1,0.0,1.0,0.0,11,23.0,0.0,9.0,2.0,93,10,5,0,0,0,767,3
57,3,2025,2025-03-01,20,3,Nilópolis,3303203,Baixada Fluminense,4,0,0,4,0,0.0,4,3,0.0,83,4,1,13,22,31,1,54,17,1,1,1,0,0.0,0,1,0.0,3,78,17,5,3,57,1.0,102,185,0,9,0,101,6,2.0,3.0,1.0,3,25.0,5.0,6.0,0.0,75,9,0,0,0,0,803,3
58,3,2025,2025-03-01,20,3,Nova Iguaçu,3303500,Baixada Fluminense,15,0,0,15,0,0.0,15,7,1.0,178,13,3,27,52,57,9,118,57,4,1,2,0,0.0,0,0,0.0,20,202,27,1,0,11,2.0,73,114,0,2,0,179,8,2.0,5.0,1.0,16,40.0,1.0,14.0,1.0,143,23,0,0,0,0,1239,3
59,3,2025,2025-03-01,15,3,Duque de Caxias,3301702,Baixada Fluminense,4,0,0,4,2,0.0,6,5,0.0,138,10,2,56,136,101,7,244,71,36,2,0,0,0.0,0,0,0.0,21,374,39,50,6,32,2.0,204,333,0,1,0,233,7,2.0,5.0,0.0,98,66.0,12.0,19.0,0.0,113,15,0,0,0,0,1849,3
60,3,2025,2025-03-01,15,3,Duque de Caxias,3301702,Baixada Fluminense,9,0,0,9,2,0.0,11,5,0.0,66,4,2,36,30,47,4,81,81,29,1,0,0,0.0,0,0,0.0,18,210,21,2,7,7,3.0,35,75,0,4,0,107,7,3.0,4.0,0.0,18,28.0,2.0,15.0,0.0,80,10,1,0,0,0,828,3
61,3,2025,2025-03-01,15,3,Duque de Caxias,3301702,Baixada Fluminense,3,0,0,3,0,0.0,3,3,0.0,29,2,1,3,2,1,0,3,5,0,0,0,0,0.0,0,0,0.0,3,11,1,2,0,1,1.0,9,14,0,0,0,33,1,0.0,0.0,1.0,5,6.0,1.0,5.0,0.0,32,1,0,0,0,0,175,3
62,3,2025,2025-03-01,15,3,Duque de Caxias,3301702,Baixada Fluminense,1,0,0,1,0,0.0,1,2,0.0,51,7,0,1,19,14,1,34,34,2,0,0,0,0.0,0,0,0.0,4,74,18,2,0,4,2.0,18,44,0,2,0,50,5,1.0,2.0,3.0,8,22.0,0.0,2.0,0.0,43,8,1,0,0,0,372,3
63,3,2025,2025-03-01,24,3,Japeri,3302270,Baixada Fluminense,2,0,0,2,3,0.0,5,3,0.0,45,4,0,8,7,7,0,14,3,0,0,1,0,0.0,0,0,0.0,1,19,5,0,0,5,1.0,22,33,0,5,0,59,9,4.0,5.0,0.0,6,18.0,1.0,11.0,0.0,41,4,0,0,0,0,315,3
64,3,2025,2025-03-01,21,3,São João de Meriti,3305109,Baixada Fluminense,5,0,1,6,13,1.0,20,27,0.0,133,7,3,51,80,52,7,139,69,7,4,2,0,0.0,0,2,0.0,16,239,47,6,2,19,0.0,91,165,0,7,0,182,16,0.0,14.0,2.0,35,65.0,5.0,15.0,0.0,150,20,0,0,0,0,1356,3
65,3,2025,2025-03-01,34,3,Magé,3302502,Baixada Fluminense,0,0,0,0,1,0.0,1,4,0.0,36,7,1,3,6,4,0,10,5,1,0,0,0,0.0,0,0,0.0,3,19,8,0,1,8,1.0,20,38,0,3,0,42,10,2.0,6.0,2.0,6,23.0,3.0,6.0,0.0,35,3,0,0,0,0,308,3
66,3,2025,2025-03-01,34,3,Magé,3302502,Baixada Fluminense,1,0,0,1,1,1.0,3,5,0.0,95,9,0,13,9,4,0,13,10,2,1,2,0,0.0,0,0,0.0,3,31,12,4,0,7,6.0,51,80,0,4,0,80,6,3.0,3.0,0.0,4,28.0,0.0,10.0,1.0,92,7,0,0,0,0,631,3
67,3,2025,2025-03-01,34,3,Guapimirim,3301850,Baixada Fluminense,1,0,0,1,0,0.0,1,0,0.0,38,1,0,14,1,1,0,2,6,0,0,1,0,0.0,0,0,0.0,2,11,2,0,0,2,1.0,8,13,0,1,0,38,18,17.0,1.0,0.0,6,8.0,0.0,8.0,2.0,46,6,0,0,0,0,290,3
1,4,2025,2025-04-01,5,1,Rio de Janeiro,3304557,Capital,0,0,0,0,0,0.0,0,0,0.0,9,2,1,11,55,33,8,96,1,2,2,0,0,0.0,0,1,0.0,2,104,0,87,15,63,5.0,75,245,0,2,0,136,7,4.0,3.0,0.0,0,24.0,7.0,12.0,2.0,7,1,1,0,0,0,679,3
4,4,2025,2025-04-01,5,1,Rio de Janeiro,3304557,Capital,0,0,0,0,0,0.0,0,0,0.0,20,2,0,4,32,20,8,60,3,0,1,1,0,0.0,0,0,0.0,8,73,8,32,18,84,2.0,70,214,0,3,0,34,15,4.0,11.0,0.0,2,23.0,9.0,10.0,4.0,11,4,0,0,0,0,506,3
5,4,2025,2025-04-01,5,1,Rio de Janeiro,3304557,Capital,0,0,1,1,0,0.0,1,0,0.0,40,3,3,13,85,52,0,137,1,0,2,0,0,0.0,0,0,2.0,11,153,6,66,9,179,2.0,140,402,0,4,0,150,8,2.0,5.0,1.0,3,32.0,5.0,17.0,5.0,32,5,0,0,0,0,1157,3
6,4,2025,2025-04-01,4,1,Rio de Janeiro,3304557,Capital,0,0,1,1,0,0.0,1,0,0.0,30,1,1,19,21,15,9,45,2,0,2,2,0,0.0,0,0,0.0,8,59,9,23,15,92,2.0,85,226,0,3,0,42,3,2.0,1.0,0.0,6,19.0,3.0,7.0,1.0,22,1,0,0,0,0,564,3
7,4,2025,2025-04-01,5,1,Rio de Janeiro,3304557,Capital,0,0,0,0,0,0.0,0,0,2.0,4,3,0,3,12,7,1,20,0,0,0,0,0,0.0,0,0,0.0,3,23,12,5,2,7,1.0,25,52,0,2,0,33,1,0.0,1.0,0.0,2,6.0,0.0,0.0,1.0,6,0,0,0,0,0,225,3
9,4,2025,2025-04-01,2,1,Rio de Janeiro,3304557,Capital,0,0,0,0,1,0.0,1,0,0.0,30,2,0,22,82,45,3,130,3,0,4,0,0,0.0,0,0,3.0,5,145,10,63,14,99,10.0,139,335,0,9,0,151,9,7.0,1.0,1.0,4,23.0,6.0,3.0,1.0,36,2,1,0,0,0,1080,3
10,4,2025,2025-04-01,2,1,Rio de Janeiro,3304557,Capital,0,0,0,0,1,0.0,1,1,0.0,22,4,1,32,37,50,3,90,3,1,5,0,0,0.0,0,0,16.0,26,141,9,21,21,93,18.0,223,385,0,8,1,157,13,10.0,3.0,0.0,4,14.0,4.0,3.0,3.0,21,3,0,0,0,0,1075,3
11,4,2025,2025-04-01,23,1,Rio de Janeiro,3304557,Capital,0,0,0,0,0,0.0,0,1,0.0,9,1,0,0,0,0,0,0,0,0,0,0,0,0.0,0,0,0.0,0,0,0,0,0,0,0.0,7,7,0,0,0,18,0,0.0,0.0,0.0,1,1.0,0.0,1.0,0.0,5,3,0,0,0,0,78,3
12,4,2025,2025-04-01,19,1,Rio de Janeiro,3304557,Capital,0,0,0,0,5,0.0,5,0,0.0,39,4,0,13,12,7,1,20,0,0,1,1,0,0.0,0,0,0.0,4,26,8,46,8,63,14.0,178,317,0,2,0,233,12,6.0,6.0,0.0,11,31.0,0.0,15.0,1.0,46,5,0,0,0,0,1018,3
13,4,2025,2025-04-01,19,1,Rio de Janeiro,3304557,Capital,0,0,0,0,0,0.0,0,0,0.0,11,1,0,9,16,6,0,22,0,0,4,0,0,0.0,0,0,0.0,4,30,4,14,6,46,12.0,114,196,0,2,0,125,2,0.0,2.0,0.0,1,23.0,6.0,5.0,0.0,15,1,0,0,0,0,562,3
14,4,2025,2025-04-01,23,1,Rio de Janeiro,3304557,Capital,0,0,0,0,0,0.0,0,2,0.0,16,0,1,11,10,23,1,34,0,1,3,0,0,0.0,0,0,0.0,8,46,9,33,4,147,61.0,163,417,0,7,0,140,3,1.0,2.0,0.0,4,34.0,4.0,17.0,1.0,21,10,0,0,0,0,892,3
15,4,2025,2025-04-01,23,1,Rio de Janeiro,3304557,Capital,0,0,0,0,0,0.0,0,0,0.0,17,2,0,17,10,10,0,20,0,0,0,1,0,0.0,0,0,3.0,11,35,6,19,16,27,2.0,78,148,0,2,0,131,7,5.0,2.0,0.0,6,16.0,3.0,4.0,2.0,9,1,0,0,0,0,588,3
16,4,2025,2025-04-01,31,2,Rio de Janeiro,3304557,Capital,0,0,0,0,1,0.0,1,2,1.0,50,3,3,42,40,37,12,89,3,0,1,1,0,0.0,0,0,1.0,26,121,16,15,53,172,10.0,288,554,0,3,0,406,19,10.0,9.0,1.0,8,60.0,17.0,14.0,7.0,62,10,0,0,0,0,1861,3
17,4,2025,2025-04-01,4,1,Rio de Janeiro,3304557,Capital,1,1,0,2,0,0.0,2,0,0.0,28,2,1,38,21,23,8,52,8,2,1,2,0,1.0,0,0,0.0,27,93,10,19,10,101,1.0,167,308,0,2,0,94,8,1.0,5.0,2.0,3,37.0,8.0,9.0,0.0,23,0,0,0,0,0,827,3
18,4,2025,2025-04-01,6,1,Rio de Janeiro,3304557,Capital,0,0,1,1,0,0.0,1,0,1.0,22,1,0,27,41,108,23,172,3,0,3,0,0,0.0,0,0,1.0,19,198,6,40,23,123,2.0,126,320,0,3,0,80,5,4.0,1.0,0.0,0,20.0,5.0,0.0,1.0,16,2,0,0,0,0,932,3
19,4,2025,2025-04-01,6,1,Rio de Janeiro,3304557,Capital,0,0,0,0,0,0.0,0,0,0.0,28,1,0,9,58,35,4,97,5,4,1,1,0,0.0,0,0,0.0,24,132,8,35,29,57,3.0,150,282,0,6,0,169,5,1.0,4.0,0.0,5,31.0,3.0,9.0,2.0,41,5,0,0,0,0,1000,3
20,4,2025,2025-04-01,6,1,Rio de Janeiro,3304557,Capital,1,0,0,1,0,0.0,1,0,0.0,29,3,0,17,40,31,8,79,12,0,0,0,0,0.0,0,1,0.0,11,103,9,7,16,31,3.0,105,171,0,2,0,144,1,0.0,1.0,0.0,12,15.0,1.0,7.0,2.0,32,0,0,0,0,0,794,3
21,4,2025,2025-04-01,22,1,Rio de Janeiro,3304557,Capital,3,0,0,3,0,1.0,4,1,2.0,57,8,9,67,33,36,20,89,64,10,1,0,0,0.0,0,0,1.0,49,214,29,17,25,33,1.0,201,306,0,7,1,192,12,9.0,3.0,0.0,87,57.0,5.0,41.0,5.0,62,13,3,0,0,0,1415,3
22,4,2025,2025-04-01,16,1,Rio de Janeiro,3304557,Capital,2,0,0,2,1,0.0,3,6,0.0,50,2,0,45,41,18,6,65,14,2,1,0,0,0.0,0,0,0.0,8,90,15,7,13,25,0.0,108,168,0,3,2,112,15,2.0,12.0,1.0,9,41.0,4.0,8.0,0.0,40,4,1,0,0,0,758,3
23,4,2025,2025-04-01,3,1,Rio de Janeiro,3304557,Capital,0,0,0,0,0,0.0,0,0,1.0,12,1,1,9,18,16,0,34,3,1,2,0,0,0.0,0,0,0.0,6,46,9,8,5,29,5.0,60,116,0,1,0,72,7,3.0,4.0,0.0,2,10.0,5.0,4.0,0.0,24,0,0,0,0,0,429,3
24,4,2025,2025-04-01,3,1,Rio de Janeiro,3304557,Capital,1,0,0,1,0,0.0,1,1,0.0,33,2,0,29,48,30,5,83,54,1,2,0,0,0.0,0,1,0.0,16,157,18,9,14,72,1.0,115,229,0,1,0,136,6,1.0,4.0,1.0,2,15.0,2.0,2.0,0.0,39,2,0,0,0,0,830,3
25,4,2025,2025-04-01,3,1,Rio de Janeiro,3304557,Capital,1,0,0,1,1,0.0,2,2,0.0,36,0,4,24,25,26,13,64,2,0,8,0,0,0.0,0,0,0.0,17,91,8,13,22,46,2.0,72,163,0,0,0,122,13,3.0,5.0,5.0,32,27.0,4.0,14.0,5.0,30,2,0,0,0,0,740,3
26,4,2025,2025-04-01,3,1,Rio de Janeiro,3304557,Capital,0,0,0,0,4,0.0,4,2,0.0,23,1,1,7,23,32,6,61,4,0,3,0,0,1.0,0,0,1.0,13,83,4,10,12,51,0.0,87,164,0,2,0,138,5,1.0,3.0,1.0,10,17.0,7.0,6.0,1.0,30,3,0,0,0,0,681,3
27,4,2025,2025-04-01,41,2,Rio de Janeiro,3304557,Capital,2,0,0,2,5,0.0,7,8,0.0,32,3,0,35,88,87,30,205,59,14,8,1,0,0.0,0,1,0.0,27,315,35,8,15,23,0.0,94,175,0,1,0,161,12,2.0,8.0,2.0,21,39.0,3.0,15.0,1.0,55,4,0,0,0,0,1145,3
28,4,2025,2025-04-01,18,2,Rio de Janeiro,3304557,Capital,1,0,0,1,3,0.0,4,2,0.0,31,1,3,17,27,29,1,57,39,1,1,2,0,0.0,0,0,0.0,13,113,5,8,9,27,1.0,47,97,0,5,0,132,2,1.0,1.0,0.0,7,9.0,1.0,3.0,0.0,43,3,0,0,0,0,672,3
29,4,2025,2025-04-01,9,2,Rio de Janeiro,3304557,Capital,4,0,0,4,1,0.0,5,2,1.0,49,2,3,25,93,89,28,210,95,2,2,0,0,1.0,0,0,0.0,15,325,21,25,29,67,5.0,133,280,0,2,0,159,4,0.0,4.0,0.0,76,28.0,1.0,6.0,1.0,47,10,0,0,0,0,1302,3
30,4,2025,2025-04-01,9,2,Rio de Janeiro,3304557,Capital,2,0,0,2,1,0.0,3,0,0.0,48,2,0,18,33,49,6,88,52,0,0,0,0,0.0,0,0,0.0,9,149,29,5,5,21,1.0,60,121,0,1,0,102,1,0.0,1.0,0.0,8,22.0,0.0,2.0,1.0,67,6,0,0,0,0,659,3
31,4,2025,2025-04-01,41,2,Rio de Janeiro,3304557,Capital,0,0,1,1,2,0.0,3,4,0.0,48,1,2,8,39,32,2,73,28,11,0,0,0,0.0,0,0,0.0,6,118,9,2,4,14,1.0,27,57,0,0,0,68,6,0.0,5.0,1.0,16,18.0,5.0,3.0,0.0,39,9,0,0,0,0,522,3
32,4,2025,2025-04-01,18,2,Rio de Janeiro,3304557,Capital,4,0,0,4,6,0.0,10,15,0.0,105,13,3,42,91,76,8,175,29,2,6,1,0,0.0,0,0,0.0,16,229,31,30,35,87,5.0,227,415,0,5,1,570,14,3.0,11.0,0.0,22,57.0,4.0,25.0,6.0,139,16,1,0,0,0,2208,3
33,4,2025,2025-04-01,14,2,Rio de Janeiro,3304557,Capital,3,0,0,3,1,0.0,4,4,1.0,91,5,1,41,21,52,5,78,35,1,2,1,0,0.0,0,0,0.0,5,122,15,1,13,55,5.0,69,158,0,0,0,143,4,0.0,4.0,0.0,14,32.0,2.0,6.0,1.0,72,8,0,0,0,0,911,3
34,4,2025,2025-04-01,14,2,Rio de Janeiro,3304557,Capital,6,1,1,8,3,0.0,11,10,0.0,135,8,4,44,59,43,11,113,51,8,4,1,0,0.0,0,0,1.0,8,186,29,10,6,21,1.0,187,254,0,5,0,298,33,3.0,14.0,16.0,38,72.0,3.0,20.0,2.0,119,11,0,0,0,0,1482,3
35,4,2025,2025-04-01,40,2,Rio de Janeiro,3304557,Capital,2,0,0,2,0,0.0,2,1,1.0,212,21,0,62,55,40,7,102,48,10,1,1,0,0.0,0,0,0.0,14,176,47,18,14,67,5.0,313,464,0,8,0,340,6,4.0,2.0,0.0,42,107.0,3.0,12.0,2.0,202,24,1,0,0,0,2304,3
36,4,2025,2025-04-01,27,2,Rio de Janeiro,3304557,Capital,6,0,0,6,0,0.0,6,2,0.0,112,22,4,33,41,24,2,67,24,3,5,0,0,0.0,0,0,0.0,10,109,12,4,9,12,1.0,103,141,0,5,0,221,3,1.0,2.0,0.0,19,41.0,0.0,5.0,1.0,114,17,2,0,0,0,1134,3
37,4,2025,2025-04-01,17,1,Rio de Janeiro,3304557,Capital,2,0,0,2,1,0.0,3,2,1.0,61,5,2,28,8,6,0,14,6,2,0,0,0,0.0,0,0,1.0,3,26,16,5,6,22,1.0,68,118,0,5,1,144,46,4.0,6.0,37.0,15,22.0,6.0,8.0,1.0,55,3,0,0,0,0,893,3
38,4,2025,2025-04-01,16,1,Rio de Janeiro,3304557,Capital,3,0,0,3,4,0.0,7,0,1.0,53,3,4,34,16,27,1,44,29,4,0,0,0,0.0,0,0,0.0,13,90,25,4,4,16,0.0,53,102,0,2,0,90,9,2.0,5.0,2.0,22,22.0,3.0,4.0,2.0,42,4,0,0,0,0,625,3
39,4,2025,2025-04-01,41,2,Rio de Janeiro,3304557,Capital,5,0,0,5,5,0.0,10,8,0.0,52,6,1,32,43,52,18,113,124,11,2,0,0,0.0,0,0,0.0,40,290,17,13,7,20,0.0,79,136,0,1,0,160,13,1.0,9.0,3.0,58,24.0,3.0,6.0,1.0,35,10,0,0,0,0,975,3
40,4,2025,2025-04-01,9,2,Rio de Janeiro,3304557,Capital,0,0,0,0,3,0.0,3,3,0.0,48,1,0,11,36,65,4,105,47,4,1,0,0,0.0,1,3,0.0,13,174,15,6,6,18,1.0,58,104,0,4,0,87,5,0.0,5.0,0.0,18,20.0,2.0,0.0,1.0,36,3,0,0,0,0,597,3
41,4,2025,2025-04-01,18,2,Rio de Janeiro,3304557,Capital,0,0,0,0,0,0.0,0,2,0.0,17,3,0,25,14,29,1,44,15,0,3,0,0,0.0,0,0,0.0,4,66,6,3,12,35,0.0,62,118,0,3,0,146,3,0.0,3.0,0.0,8,23.0,2.0,2.0,0.0,51,13,0,0,0,0,710,3
42,4,2025,2025-04-01,31,2,Rio de Janeiro,3304557,Capital,3,0,0,3,1,0.0,4,4,1.0,52,7,0,27,28,26,4,58,6,0,5,1,0,0.0,0,0,0.0,2,72,27,6,18,48,25.0,115,239,0,6,0,286,55,38.0,16.0,1.0,9,39.0,11.0,12.0,3.0,82,3,1,0,0,0,1242,3
43,4,2025,2025-04-01,27,2,Rio de Janeiro,3304557,Capital,3,0,0,3,0,0.0,3,3,0.0,86,10,2,39,8,11,4,23,4,0,0,1,0,0.0,0,0,0.0,3,31,14,0,1,18,2.0,33,68,0,7,0,126,0,0.0,0.0,0.0,9,24.0,2.0,2.0,0.0,76,7,2,0,0,0,658,3
44,4,2025,2025-04-01,3,1,Rio de Janeiro,3304557,Capital,0,0,0,0,1,0.0,1,0,0.0,19,5,4,22,39,25,8,72,20,1,4,1,0,0.0,0,0,0.0,11,109,16,10,11,28,1.0,71,137,0,1,0,104,12,5.0,7.0,0.0,11,21.0,6.0,5.0,0.0,18,3,0,0,0,0,706,3
48,4,2025,2025-04-01,24,3,Seropédica,3305554,Baixada Fluminense,1,0,0,1,0,0.0,1,0,0.0,24,3,1,14,5,2,2,9,4,0,0,0,0,0.0,0,0,0.0,1,14,1,0,0,3,2.0,21,27,0,2,0,48,1,0.0,1.0,0.0,3,11.0,0.0,5.0,0.0,23,5,1,0,0,0,294,3
50,4,2025,2025-04-01,24,3,Itaguaí,3302007,Baixada Fluminense,0,0,0,0,3,0.0,3,2,0.0,25,6,3,6,3,3,2,8,8,0,0,1,0,0.0,0,0,0.0,3,20,16,1,0,5,2.0,37,61,0,7,0,59,6,2.0,4.0,1.0,8,10.0,0.0,9.0,3.0,21,2,0,0,0,0,352,3
51,4,2025,2025-04-01,24,3,Paracambi,3303609,Baixada Fluminense,1,0,0,1,0,0.0,1,0,0.0,9,1,0,3,3,1,0,4,0,0,0,0,0,0.0,0,0,0.0,0,4,2,0,0,2,1.0,13,18,0,0,0,31,10,2.0,6.0,2.0,2,10.0,2.0,5.0,0.0,10,0,0,0,0,0,139,3
52,4,2025,2025-04-01,20,3,Nova Iguaçu,3303500,Baixada Fluminense,2,0,0,2,0,0.0,2,2,0.0,58,1,0,28,42,67,3,112,49,1,3,2,0,0.0,1,1,1.0,12,182,44,14,4,55,8.0,142,267,0,4,0,170,5,3.0,2.0,1.0,24,42.0,3.0,13.0,1.0,68,5,0,0,0,0,1154,3
53,4,2025,2025-04-01,20,3,Mesquita,3302858,Baixada Fluminense,0,0,0,0,2,0.0,2,11,0.0,79,2,1,17,34,24,3,61,23,3,0,0,0,0.0,0,0,0.0,6,93,23,2,2,8,4.0,33,72,0,1,0,85,10,3.0,2.0,5.0,7,32.0,2.0,11.0,1.0,59,6,0,0,0,0,534,3
54,4,2025,2025-04-01,39,3,Belford Roxo,3300456,Baixada Fluminense,7,0,0,7,4,0.0,11,7,0.0,90,8,4,30,79,75,7,161,70,9,1,0,0,0.0,0,0,0.0,15,256,30,8,3,6,2.0,85,134,0,5,0,189,15,1.0,12.0,2.0,52,46.0,3.0,12.0,3.0,117,20,1,0,0,0,1258,3
55,4,2025,2025-04-01,24,3,Queimados,3304144,Baixada Fluminense,2,0,0,2,0,0.0,2,5,0.0,52,7,1,11,15,12,0,27,4,0,0,1,0,0.0,0,0,1.0,1,34,7,1,1,8,1.0,35,53,0,4,0,68,2,2.0,0.0,0.0,7,20.0,0.0,7.0,0.0,64,3,0,1,0,0,467,3
56,4,2025,2025-04-01,20,3,Nova Iguaçu,3303500,Baixada Fluminense,7,1,0,8,0,0.0,8,5,0.0,86,11,0,15,35,45,6,86,40,0,0,0,0,0.0,0,0,0.0,14,140,32,1,1,13,4.0,38,89,0,5,0,103,1,0.0,1.0,0.0,20,16.0,0.0,8.0,1.0,82,14,0,0,0,0,725,3
57,4,2025,2025-04-01,20,3,Nilópolis,3303203,Baixada Fluminense,3,0,0,3,0,0.0,3,4,0.0,50,1,1,10,44,29,0,73,9,1,1,1,0,0.0,0,0,0.0,5,90,12,5,5,10,2.0,74,108,0,5,0,97,2,0.0,1.0,1.0,11,17.0,0.0,9.0,0.0,59,3,0,0,0,0,669,3
58,4,2025,2025-04-01,20,3,Nova Iguaçu,3303500,Baixada Fluminense,7,0,0,7,1,0.0,8,6,0.0,146,10,6,29,46,78,7,131,62,5,3,0,0,0.0,0,0,0.0,23,224,27,3,0,10,4.0,59,103,0,4,0,137,6,3.0,3.0,0.0,13,30.0,3.0,11.0,0.0,130,13,0,0,0,0,1115,3
59,4,2025,2025-04-01,15,3,Duque de Caxias,3301702,Baixada Fluminense,5,0,0,5,0,0.0,5,2,0.0,126,4,4,39,113,139,3,255,79,30,1,1,0,0.0,0,0,0.0,16,382,44,44,5,41,2.0,174,310,0,2,0,233,6,2.0,4.0,0.0,89,58.0,9.0,13.0,1.0,107,16,0,0,0,0,1769,3
60,4,2025,2025-04-01,15,3,Duque de Caxias,3301702,Baixada Fluminense,5,0,0,5,7,1.0,13,23,0.0,64,6,9,25,33,36,4,73,90,25,1,1,0,0.0,0,0,0.0,11,201,20,1,1,8,0.0,23,53,0,0,1,137,14,0.0,11.0,3.0,27,30.0,4.0,16.0,0.0,64,11,2,0,0,0,876,3
61,4,2025,2025-04-01,15,3,Duque de Caxias,3301702,Baixada Fluminense,1,0,0,1,2,0.0,3,2,0.0,27,3,1,2,2,1,1,4,6,2,0,0,0,0.0,0,0,0.0,1,13,4,1,0,1,2.0,6,14,0,1,2,27,0,0.0,0.0,0.0,5,6.0,0.0,4.0,0.0,14,1,1,0,0,0,160,3
62,4,2025,2025-04-01,15,3,Duque de Caxias,3301702,Baixada Fluminense,3,0,0,3,0,0.0,3,3,0.0,34,4,1,15,29,11,1,41,23,6,0,0,0,0.0,0,0,0.0,6,76,14,1,1,8,2.0,31,57,0,3,1,76,4,1.0,3.0,0.0,15,30.0,0.0,1.0,0.0,14,7,2,0,0,0,399,3
63,4,2025,2025-04-01,24,3,Japeri,3302270,Baixada Fluminense,3,0,0,3,1,0.0,4,3,0.0,38,4,1,4,5,6,0,11,4,0,2,0,0,0.0,0,0,0.0,3,20,3,1,0,3,0.0,24,31,0,2,0,56,12,4.0,7.0,1.0,9,24.0,0.0,13.0,0.0,34,4,0,0,0,0,307,3
64,4,2025,2025-04-01,21,3,São João de Meriti,3305109,Baixada Fluminense,8,0,1,9,2,0.0,11,13,0.0,99,7,2,49,73,67,12,152,82,13,4,1,0,0.0,0,1,0.0,18,271,63,8,5,20,3.0,116,215,0,8,0,230,28,3.0,18.0,8.0,32,73.0,11.0,12.0,0.0,104,16,1,0,0,0,1357,3
65,4,2025,2025-04-01,34,3,Magé,3302502,Baixada Fluminense,0,0,0,0,0,0.0,0,0,0.0,26,6,0,10,3,3,0,6,4,0,1,1,0,0.0,0,0,0.0,1,13,10,2,0,4,1.0,23,40,0,2,0,32,7,1.0,5.0,1.0,8,6.0,1.0,5.0,0.0,41,4,0,0,0,0,276,3
66,4,2025,2025-04-01,34,3,Magé,3302502,Baixada Fluminense,3,0,0,3,0,0.0,3,0,0.0,71,8,2,14,6,4,0,10,4,0,1,1,0,0.0,0,0,0.0,1,17,9,2,3,6,10.0,51,81,0,3,0,88,6,4.0,2.0,0.0,6,27.0,2.0,7.0,3.0,90,9,0,0,0,0,571,3
67,4,2025,2025-04-01,34,3,Guapimirim,3301850,Baixada Fluminense,0,0,0,0,0,0.0,0,0,0.0,25,5,0,7,0,1,0,1,5,1,1,3,0,0.0,0,0,0.0,0,11,1,0,1,3,3.0,15,23,0,3,0,34,14,10.0,3.0,1.0,6,7.0,0.0,8.0,0.0,21,3,0,0,0,0,245,3
1,5,2025,2025-05-01,5,1,Rio de Janeiro,3304557,Capital,1,0,0,1,0,0.0,1,0,0.0,17,0,0,3,69,23,7,99,1,1,0,0,0,0.0,0,0,2.0,5,108,1,83,30,50,4.0,80,248,0,3,0,165,3,1.0,2.0,0.0,0,45.0,6.0,11.0,3.0,21,0,0,0,0,0,748,3
4,5,2025,2025-05-01,5,1,Rio de Janeiro,3304557,Capital,1,0,0,1,0,0.0,1,0,0.0,15,0,0,13,26,14,8,48,4,0,0,0,0,0.0,0,0,0.0,9,61,2,32,26,98,3.0,49,210,0,0,0,30,12,2.0,10.0,0.0,3,42.0,1.0,19.0,0.0,15,5,2,0,0,0,660,3
5,5,2025,2025-05-01,5,1,Rio de Janeiro,3304557,Capital,0,0,0,0,1,0.0,1,0,0.0,48,3,0,10,85,71,2,158,4,0,2,1,0,0.0,0,0,0.0,23,188,12,63,10,246,7.0,178,516,0,3,0,188,7,2.0,4.0,1.0,2,44.0,28.0,14.0,3.0,44,5,2,0,0,0,1378,3
6,5,2025,2025-05-01,4,1,Rio de Janeiro,3304557,Capital,0,0,0,0,0,0.0,0,5,0.0,23,7,3,45,17,29,14,60,7,1,0,0,0,0.0,0,0,3.0,9,80,10,10,16,55,0.0,78,169,0,3,0,60,2,0.0,2.0,0.0,13,11.0,6.0,7.0,2.0,10,1,0,0,0,0,564,3
7,5,2025,2025-05-01,5,1,Rio de Janeiro,3304557,Capital,0,0,0,0,0,0.0,0,0,0.0,8,0,0,0,15,9,0,24,3,1,0,0,0,0.0,0,0,0.0,2,30,7,6,0,13,0.0,23,49,0,0,0,43,7,0.0,5.0,2.0,6,11.0,1.0,0.0,0.0,10,0,0,0,0,0,238,3
9,5,2025,2025-05-01,2,1,Rio de Janeiro,3304557,Capital,0,0,0,0,0,1.0,1,6,0.0,32,0,4,22,45,47,3,95,11,0,7,0,0,0.0,0,0,4.0,4,121,3,68,20,128,13.0,139,371,0,5,0,188,3,2.0,1.0,0.0,1,31.0,4.0,2.0,0.0,30,4,0,0,0,0,1124,3
10,5,2025,2025-05-01,2,1,Rio de Janeiro,3304557,Capital,0,0,0,0,0,0.0,0,0,0.0,33,1,1,21,53,60,4,117,7,0,5,1,0,0.0,0,0,8.0,27,165,13,20,22,119,20.0,234,428,0,5,0,146,9,6.0,3.0,0.0,6,28.0,11.0,5.0,1.0,27,5,0,0,0,0,1166,3
11,5,2025,2025-05-01,23,1,Rio de Janeiro,3304557,Capital,0,0,0,0,0,0.0,0,1,0.0,6,1,0,0,0,0,0,0,0,0,0,0,0,0.0,0,0,0.0,1,1,1,3,0,2,0.0,3,9,0,2,0,24,3,0.0,1.0,2.0,0,2.0,0.0,3.0,0.0,11,1,0,0,0,0,86,3
12,5,2025,2025-05-01,19,1,Rio de Janeiro,3304557,Capital,0,0,0,0,0,0.0,0,0,0.0,24,3,0,9,24,39,1,64,0,1,4,1,0,0.0,0,0,0.0,9,79,2,187,7,551,32.0,258,1037,0,8,0,262,14,7.0,6.0,1.0,4,45.0,8.0,15.0,0.0,28,7,0,0,0,0,1883,3
13,5,2025,2025-05-01,19,1,Rio de Janeiro,3304557,Capital,0,0,0,0,0,0.0,0,1,0.0,20,2,0,4,12,5,1,18,0,2,4,0,0,0.0,0,0,0.0,3,27,1,100,4,260,13.0,200,578,0,4,0,100,3,1.0,2.0,0.0,1,22.0,1.0,5.0,1.0,11,2,0,0,0,0,982,3
14,5,2025,2025-05-01,23,1,Rio de Janeiro,3304557,Capital,0,0,0,0,0,0.0,0,0,0.0,23,0,1,15,15,19,0,34,1,0,0,0,0,0.0,0,0,4.0,4,43,7,50,5,203,77.0,193,535,0,6,1,194,9,5.0,3.0,1.0,1,31.0,5.0,2.0,1.0,20,8,0,0,0,0,1145,3
15,5,2025,2025-05-01,23,1,Rio de Janeiro,3304557,Capital,0,0,0,0,0,0.0,0,2,0.0,18,1,3,13,8,9,0,17,4,0,1,0,0,0.0,0,0,0.0,12,34,1,14,18,45,12.0,69,159,0,3,0,146,3,2.0,1.0,0.0,3,15.0,5.0,5.0,1.0,19,4,0,0,0,0,621,3
16,5,2025,2025-05-01,31,2,Rio de Janeiro,3304557,Capital,2,1,0,3,0,0.0,3,3,0.0,61,5,5,43,54,46,13,113,4,0,4,0,0,0.0,0,0,4.0,42,167,25,20,53,213,12.0,272,595,0,10,0,431,11,5.0,5.0,1.0,10,66.0,7.0,14.0,10.0,76,9,1,0,0,0,2062,3
17,5,2025,2025-05-01,4,1,Rio de Janeiro,3304557,Capital,0,0,0,0,0,0.0,0,1,1.0,39,2,3,39,21,21,5,47,25,4,3,0,0,0.0,0,0,2.0,34,115,6,13,17,62,0.0,120,218,0,1,0,111,3,1.0,1.0,1.0,8,28.0,7.0,8.0,2.0,34,5,1,0,0,0,790,3
18,5,2025,2025-05-01,6,1,Rio de Janeiro,3304557,Capital,1,1,0,2,0,0.0,2,1,0.0,20,3,1,34,58,101,13,172,14,0,5,1,0,0.0,0,0,2.0,16,210,9,61,21,177,3.0,142,413,0,2,0,91,8,7.0,1.0,0.0,1,29.0,2.0,2.0,1.0,17,0,0,0,0,0,1089,3
19,5,2025,2025-05-01,6,1,Rio de Janeiro,3304557,Capital,1,0,0,1,0,0.0,1,0,0.0,38,7,1,22,43,37,8,88,15,1,5,1,0,0.0,0,0,0.0,16,126,3,31,35,62,2.0,145,278,0,8,0,185,9,6.0,2.0,1.0,11,29.0,4.0,8.0,6.0,33,2,0,0,0,0,1049,3
20,5,2025,2025-05-01,6,1,Rio de Janeiro,3304557,Capital,2,0,0,2,1,0.0,3,8,0.0,26,1,0,11,34,29,2,65,4,2,0,0,0,0.0,0,0,1.0,15,87,10,8,15,46,3.0,124,206,0,3,0,186,4,2.0,2.0,0.0,8,18.0,0.0,2.0,1.0,27,1,1,0,0,0,865,3
21,5,2025,2025-05-01,22,1,Rio de Janeiro,3304557,Capital,6,0,0,6,2,2.0,10,2,0.0,77,3,2,61,31,49,3,83,45,9,6,0,0,0.0,0,0,0.0,30,173,25,19,19,94,0.0,203,360,0,1,0,232,20,10.0,6.0,4.0,45,71.0,8.0,50.0,6.0,59,10,1,0,0,0,1438,3
22,5,2025,2025-05-01,16,1,Rio de Janeiro,3304557,Capital,2,0,0,2,1,0.0,3,1,0.0,47,7,2,18,33,27,1,61,13,4,0,1,0,0.0,0,0,0.0,10,89,20,13,8,19,1.0,102,163,0,5,0,132,7,1.0,6.0,0.0,20,39.0,2.0,6.0,1.0,38,7,0,0,0,0,750,3
23,5,2025,2025-05-01,3,1,Rio de Janeiro,3304557,Capital,1,0,0,1,0,0.0,1,0,1.0,16,0,1,15,19,14,2,35,10,0,2,0,0,0.0,0,0,0.0,6,53,11,9,6,11,0.0,63,100,0,1,0,71,0,0.0,0.0,0.0,3,21.0,3.0,2.0,0.0,25,0,0,0,0,0,430,3
24,5,2025,2025-05-01,3,1,Rio de Janeiro,3304557,Capital,0,0,0,0,3,0.0,3,1,1.0,33,1,1,17,40,32,3,75,51,1,1,1,0,0.0,0,0,0.0,21,150,16,17,6,202,0.0,139,380,0,1,0,118,2,2.0,0.0,0.0,8,23.0,1.0,2.0,0.0,33,4,0,0,0,0,960,3
25,5,2025,2025-05-01,3,1,Rio de Janeiro,3304557,Capital,1,0,0,1,1,0.0,2,2,1.0,39,0,1,23,20,35,9,64,17,0,1,2,0,0.0,0,0,0.0,21,105,4,15,26,48,0.0,66,159,0,1,0,109,12,6.0,4.0,2.0,38,24.0,3.0,18.0,5.0,29,2,0,0,0,0,765,3
26,5,2025,2025-05-01,3,1,Rio de Janeiro,3304557,Capital,1,0,0,1,0,0.0,1,0,0.0,24,4,0,19,29,35,1,65,18,0,7,1,0,0.0,0,0,0.0,18,109,7,11,9,62,0.0,99,188,0,5,0,118,5,3.0,2.0,0.0,12,8.0,1.0,7.0,1.0,23,2,0,0,0,0,724,3
27,5,2025,2025-05-01,41,2,Rio de Janeiro,3304557,Capital,2,0,0,2,0,0.0,2,0,0.0,42,6,4,33,85,90,4,179,83,10,3,0,0,1.0,0,1,0.0,32,309,32,6,19,22,1.0,95,175,0,6,5,198,4,0.0,3.0,1.0,21,14.0,5.0,12.0,1.0,39,3,0,0,0,0,1111,3
28,5,2025,2025-05-01,18,2,Rio de Janeiro,3304557,Capital,0,0,0,0,0,0.0,0,4,0.0,18,1,0,17,12,27,1,40,31,0,2,0,0,0.0,0,0,0.0,5,78,7,7,19,23,0.0,55,111,0,3,0,158,3,0.0,3.0,0.0,10,19.0,0.0,6.0,0.0,39,7,1,0,0,0,689,3
29,5,2025,2025-05-01,9,2,Rio de Janeiro,3304557,Capital,8,0,0,8,0,0.0,8,2,0.0,39,1,2,31,119,59,30,208,78,4,3,1,0,0.0,0,2,0.0,19,315,30,51,39,69,1.0,123,313,0,7,2,206,7,0.0,3.0,4.0,60,23.0,0.0,5.0,0.0,37,7,0,0,0,0,1295,3
30,5,2025,2025-05-01,9,2,Rio de Janeiro,3304557,Capital,0,0,0,0,0,0.0,0,1,0.0,40,1,0,15,41,30,12,83,33,0,4,0,0,0.0,0,0,1.0,16,137,35,2,15,17,1.0,62,132,0,4,0,103,2,2.0,0.0,0.0,7,16.0,1.0,4.0,0.0,45,2,0,0,0,0,684,3
31,5,2025,2025-05-01,41,2,Rio de Janeiro,3304557,Capital,1,0,0,1,1,1.0,3,3,1.0,56,2,0,10,24,44,1,69,22,9,1,0,0,0.0,0,0,0.0,3,104,15,5,5,19,0.0,33,77,0,0,0,84,5,0.0,3.0,2.0,16,15.0,0.0,4.0,1.0,38,4,0,0,0,0,516,3
32,5,2025,2025-05-01,18,2,Rio de Janeiro,3304557,Capital,4,0,0,4,0,0.0,4,15,0.0,103,14,3,62,56,73,9,138,38,1,5,2,0,2.0,0,2,0.0,20,208,30,44,36,85,4.0,235,434,0,14,0,550,9,0.0,8.0,1.0,30,58.0,4.0,19.0,7.0,169,16,1,0,0,1,2264,3
33,5,2025,2025-05-01,14,2,Rio de Janeiro,3304557,Capital,0,0,0,0,1,0.0,1,0,1.0,69,7,3,43,18,35,1,54,33,6,2,0,0,0.0,0,0,0.0,10,105,36,2,8,25,3.0,75,149,0,3,0,121,2,0.0,2.0,0.0,18,37.0,1.0,10.0,0.0,57,6,0,0,0,0,788,3
34,5,2025,2025-05-01,14,2,Rio de Janeiro,3304557,Capital,6,0,1,7,0,0.0,7,3,1.0,125,11,5,27,56,30,6,92,51,14,2,0,0,0.0,0,0,0.0,12,171,24,6,7,21,1.0,267,326,0,6,0,228,37,0.0,21.0,16.0,25,122.0,3.0,22.0,1.0,110,12,2,0,0,0,1456,3
35,5,2025,2025-05-01,40,2,Rio de Janeiro,3304557,Capital,3,0,1,4,1,0.0,5,6,1.0,204,12,6,94,40,38,7,85,61,8,2,2,0,0.0,0,2,0.0,14,174,55,13,12,49,4.0,327,460,0,8,1,349,1,1.0,0.0,0.0,35,79.0,1.0,12.0,2.0,193,27,0,0,0,0,2365,3
36,5,2025,2025-05-01,27,2,Rio de Janeiro,3304557,Capital,1,0,0,1,1,1.0,3,1,0.0,136,12,3,34,21,29,5,55,8,3,1,0,0,0.0,0,0,0.0,3,70,10,10,8,28,2.0,76,134,0,5,0,266,1,1.0,0.0,0.0,15,44.0,1.0,5.0,0.0,113,10,2,1,0,0,1167,3
37,5,2025,2025-05-01,17,1,Rio de Janeiro,3304557,Capital,7,0,0,7,1,0.0,8,5,0.0,73,5,1,38,6,4,2,12,3,1,0,0,0,0.0,0,0,0.0,5,21,13,4,9,16,1.0,54,97,0,2,0,123,11,6.0,3.0,2.0,11,33.0,6.0,5.0,0.0,49,1,0,0,0,0,763,3
38,5,2025,2025-05-01,16,1,Rio de Janeiro,3304557,Capital,0,1,0,1,1,0.0,2,3,2.0,52,6,4,27,30,35,5,70,34,5,1,1,0,0.0,0,0,0.0,30,141,18,4,5,18,0.0,62,107,0,4,1,79,14,1.0,10.0,3.0,24,40.0,2.0,6.0,0.0,36,4,0,0,0,0,708,3
39,5,2025,2025-05-01,41,2,Rio de Janeiro,3304557,Capital,7,0,0,7,0,0.0,7,1,1.0,57,7,0,17,49,36,14,99,110,12,0,0,0,0.0,0,0,0.0,46,267,15,10,10,24,0.0,84,143,0,1,0,148,12,1.0,10.0,1.0,61,25.0,2.0,10.0,1.0,34,3,0,0,0,0,945,3
40,5,2025,2025-05-01,9,2,Rio de Janeiro,3304557,Capital,2,0,0,2,0,0.0,2,0,0.0,28,1,0,21,33,53,7,93,43,6,1,0,0,0.0,0,0,0.0,9,152,14,3,5,10,1.0,44,77,0,8,0,116,1,0.0,1.0,0.0,22,22.0,3.0,1.0,0.0,30,3,0,0,0,0,584,3
41,5,2025,2025-05-01,18,2,Rio de Janeiro,3304557,Capital,0,0,0,0,0,0.0,0,1,1.0,25,4,6,37,22,18,1,41,9,0,1,2,0,0.0,0,1,0.0,2,56,4,10,16,40,2.0,85,157,0,6,0,195,4,0.0,4.0,0.0,4,10.0,0.0,6.0,0.0,44,4,0,0,0,0,794,3
42,5,2025,2025-05-01,31,2,Rio de Janeiro,3304557,Capital,6,0,0,6,1,0.0,7,0,0.0,60,4,1,22,35,43,6,84,16,0,3,2,0,0.0,0,0,1.0,9,115,41,9,12,38,10.0,121,231,0,7,0,330,31,28.0,2.0,1.0,12,27.0,5.0,15.0,4.0,65,9,0,0,0,0,1276,3
43,5,2025,2025-05-01,27,2,Rio de Janeiro,3304557,Capital,3,0,0,3,0,1.0,4,2,0.0,74,5,2,40,14,17,1,32,11,0,0,1,0,0.0,0,0,0.0,1,45,12,1,1,13,2.0,27,56,0,1,0,118,0,0.0,0.0,0.0,6,19.0,0.0,2.0,0.0,113,8,1,0,0,0,626,3
44,5,2025,2025-05-01,3,1,Rio de Janeiro,3304557,Capital,4,0,0,4,0,0.0,4,1,0.0,41,1,2,28,39,28,7,74,35,4,4,0,0,0.0,0,0,0.0,30,147,8,16,10,21,1.0,89,145,0,0,0,124,11,2.0,8.0,1.0,11,24.0,2.0,9.0,0.0,35,2,0,0,0,0,796,3
48,5,2025,2025-05-01,24,3,Seropédica,3305554,Baixada Fluminense,1,0,0,1,0,0.0,1,0,0.0,15,1,3,7,5,2,1,8,4,0,0,2,0,0.0,0,0,0.0,0,14,3,1,1,3,3.0,22,33,0,1,0,50,2,2.0,0.0,0.0,4,8.0,0.0,4.0,1.0,24,3,0,0,0,0,272,3
50,5,2025,2025-05-01,24,3,Itaguaí,3302007,Baixada Fluminense,3,0,0,3,2,0.0,5,6,0.0,38,2,2,11,6,4,0,10,7,1,0,0,0,0.0,0,0,0.0,1,19,18,2,1,8,0.0,49,78,0,1,0,84,13,9.0,2.0,2.0,10,18.0,1.0,14.0,0.0,45,2,0,0,0,0,452,3
51,5,2025,2025-05-01,24,3,Paracambi,3303609,Baixada Fluminense,0,0,0,0,0,0.0,0,0,0.0,13,1,1,2,1,1,0,2,0,0,0,0,0,0.0,0,0,0.0,0,2,1,1,0,1,2.0,17,22,0,1,0,17,9,3.0,5.0,1.0,2,9.0,2.0,1.0,0.0,15,1,0,0,0,0,126,3
52,5,2025,2025-05-01,20,3,Nova Iguaçu,3303500,Baixada Fluminense,2,0,0,2,0,0.0,2,5,0.0,83,5,2,37,66,56,16,138,50,3,5,0,0,0.0,0,0,0.0,8,204,44,18,8,53,6.0,137,266,0,5,0,161,4,1.0,3.0,0.0,20,42.0,5.0,15.0,2.0,68,3,0,0,0,0,1177,3
53,5,2025,2025-05-01,20,3,Mesquita,3302858,Baixada Fluminense,0,0,0,0,0,0.0,0,4,0.0,68,4,0,17,30,25,2,57,16,2,0,0,0,0.0,0,0,0.0,3,78,26,5,2,8,2.0,43,86,0,1,0,90,13,0.0,6.0,7.0,14,23.0,1.0,11.0,0.0,65,8,0,0,0,0,578,3
54,5,2025,2025-05-01,39,3,Belford Roxo,3300456,Baixada Fluminense,13,0,0,13,2,0.0,15,10,0.0,95,10,5,32,70,56,2,128,71,10,5,0,0,0.0,0,0,0.0,10,224,31,11,6,8,5.0,81,142,0,10,0,235,30,2.0,26.0,3.0,52,87.0,6.0,35.0,3.0,99,14,2,0,0,0,1366,3
55,5,2025,2025-05-01,24,3,Queimados,3304144,Baixada Fluminense,1,1,1,3,2,0.0,5,3,0.0,51,18,3,23,12,10,0,22,3,0,0,0,0,0.0,0,1,0.0,3,29,13,2,0,7,1.0,41,64,0,2,0,76,1,0.0,0.0,1.0,6,16.0,0.0,9.0,4.0,68,3,0,0,0,0,480,3
56,5,2025,2025-05-01,20,3,Nova Iguaçu,3303500,Baixada Fluminense,9,0,0,9,0,0.0,9,2,1.0,81,12,1,33,38,38,3,79,40,5,0,1,0,0.0,0,0,0.0,8,133,25,2,1,15,1.0,33,77,0,4,0,121,5,0.0,4.0,1.0,17,11.0,2.0,13.0,2.0,88,15,1,0,0,0,794,3
57,5,2025,2025-05-01,20,3,Nilópolis,3303203,Baixada Fluminense,1,0,0,1,0,0.0,1,1,0.0,53,1,0,9,19,36,0,55,18,0,0,1,0,0.0,0,0,2.0,7,83,14,7,2,16,1.0,71,111,0,2,0,107,4,0.0,3.0,1.0,5,15.0,0.0,12.0,0.0,69,6,0,0,0,0,673,3
58,5,2025,2025-05-01,20,3,Nova Iguaçu,3303500,Baixada Fluminense,18,0,0,18,0,0.0,18,4,1.0,150,11,4,46,63,58,2,123,63,13,0,3,0,0.0,0,0,0.0,15,217,22,4,2,17,3.0,58,106,0,7,0,166,5,0.0,3.0,2.0,25,37.0,1.0,12.0,2.0,137,17,1,0,0,0,1252,3
59,5,2025,2025-05-01,15,3,Duque de Caxias,3301702,Baixada Fluminense,8,0,0,8,1,0.0,9,5,1.0,114,8,5,44,142,126,11,279,101,43,5,1,0,0.0,0,2,0.0,33,464,51,44,8,38,0.0,197,338,0,3,0,234,6,1.0,5.0,0.0,88,72.0,19.0,9.0,0.0,119,13,0,0,0,0,1932,3
60,5,2025,2025-05-01,15,3,Duque de Caxias,3301702,Baixada Fluminense,10,0,0,10,4,0.0,14,11,1.0,55,6,6,26,43,49,2,94,113,22,0,0,0,0.0,0,0,0.0,27,256,26,0,6,7,0.0,38,77,0,0,0,134,20,0.0,20.0,0.0,45,49.0,4.0,11.0,1.0,74,8,0,0,0,0,955,3
61,5,2025,2025-05-01,15,3,Duque de Caxias,3301702,Baixada Fluminense,2,0,0,2,0,0.0,2,0,1.0,32,2,0,6,1,1,0,2,9,1,0,0,0,0.0,0,0,0.0,2,14,6,1,0,0,2.0,7,16,0,1,0,24,0,0.0,0.0,0.0,3,11.0,0.0,5.0,1.0,29,1,1,0,0,0,186,3
62,5,2025,2025-05-01,15,3,Duque de Caxias,3301702,Baixada Fluminense,2,0,0,2,1,0.0,3,2,0.0,41,6,1,9,22,13,4,39,35,8,1,1,0,0.0,0,0,1.0,4,89,25,2,1,6,0.0,30,64,0,8,3,77,4,0.0,4.0,0.0,10,27.0,0.0,3.0,0.0,34,9,0,0,0,0,468,3
63,5,2025,2025-05-01,24,3,Japeri,3302270,Baixada Fluminense,1,0,0,1,2,0.0,3,0,0.0,32,2,1,5,5,4,0,9,0,0,0,1,0,0.0,0,0,0.0,3,13,5,0,4,5,1.0,16,31,0,1,0,54,8,3.0,4.0,1.0,4,14.0,2.0,10.0,1.0,27,4,0,0,0,0,286,3
64,5,2025,2025-05-01,21,3,São João de Meriti,3305109,Baixada Fluminense,7,0,1,8,4,0.0,12,8,1.0,105,12,4,53,82,56,8,146,71,24,1,2,0,0.0,0,0,0.0,27,271,59,7,4,11,0.0,102,183,0,2,0,219,21,0.0,15.0,6.0,48,58.0,10.0,20.0,0.0,94,16,1,0,0,0,1283,3
65,5,2025,2025-05-01,34,3,Magé,3302502,Baixada Fluminense,1,0,0,1,0,0.0,1,1,1.0,25,4,0,15,5,0,0,5,1,3,0,0,0,0.0,0,0,0.0,2,11,7,2,1,17,1.0,20,48,0,1,0,48,21,2.0,16.0,3.0,3,22.0,4.0,5.0,0.0,38,3,0,0,0,0,329,3
66,5,2025,2025-05-01,34,3,Magé,3302502,Baixada Fluminense,4,0,0,4,1,0.0,5,5,0.0,57,4,0,25,11,6,0,17,6,0,0,0,0,0.0,0,0,0.0,1,24,17,5,0,10,5.0,36,73,0,3,0,100,2,2.0,0.0,0.0,11,21.0,0.0,4.0,0.0,101,7,0,0,0,0,593,3
67,5,2025,2025-05-01,34,3,Guapimirim,3301850,Baixada Fluminense,0,0,0,0,0,0.0,0,0,0.0,27,4,3,12,3,1,0,4,1,1,0,0,0,0.0,0,0,0.0,0,6,6,0,1,1,2.0,18,28,0,1,0,28,15,9.0,6.0,0.0,2,7.0,0.0,9.0,0.0,31,0,0,0,0,0,240,3
1,6,2025,2025-06-01,5,1,Rio de Janeiro,3304557,Capital,0,0,0,0,0,0.0,0,0,0.0,16,1,0,2,50,26,9,85,2,0,0,0,0,0.0,0,0,0.0,8,95,1,47,41,80,2.0,89,260,0,0,1,107,2,1.0,1.0,0.0,1,42.0,4.0,8.0,3.0,19,6,0,0,0,0,684,3
4,6,2025,2025-06-01,5,1,Rio de Janeiro,3304557,Capital,0,0,0,0,0,0.0,0,1,0.0,21,1,1,15,22,28,6,56,1,1,0,0,0,0.0,0,0,0.0,6,64,7,31,15,93,0.0,40,186,0,1,0,36,14,2.0,13.0,0.0,0,46.0,10.0,14.0,5.0,20,6,0,0,0,0,624,3
5,6,2025,2025-06-01,5,1,Rio de Janeiro,3304557,Capital,2,0,0,2,0,0.0,2,1,1.0,66,2,0,13,62,61,1,124,1,0,2,1,0,0.0,0,0,1.0,17,146,13,58,11,268,7.0,187,544,0,1,0,162,10,3.0,7.0,0.0,3,38.0,3.0,13.0,3.0,40,1,0,0,0,0,1295,3
6,6,2025,2025-06-01,4,1,Rio de Janeiro,3304557,Capital,0,0,0,0,0,0.0,0,0,0.0,30,3,4,31,21,7,4,32,12,1,0,0,0,0.0,0,0,1.0,5,51,8,20,17,71,3.0,54,173,0,1,0,52,1,0.0,1.0,0.0,9,14.0,1.0,4.0,1.0,17,6,0,0,0,0,505,3
7,6,2025,2025-06-01,5,1,Rio de Janeiro,3304557,Capital,0,0,0,0,0,0.0,0,0,1.0,15,1,0,2,13,8,1,22,1,0,0,0,0,0.0,0,0,0.0,0,23,7,2,4,7,3.0,26,49,0,3,0,26,3,0.0,3.0,0.0,3,11.0,0.0,0.0,0.0,12,2,0,0,0,0,224,3
9,6,2025,2025-06-01,2,1,Rio de Janeiro,3304557,Capital,1,0,0,1,0,0.0,1,2,0.0,26,4,0,25,66,50,6,122,11,1,0,0,0,0.0,0,0,6.0,4,144,15,61,20,110,21.0,133,360,0,2,0,163,0,0.0,0.0,0.0,3,30.0,3.0,5.0,0.0,30,1,3,0,0,0,1096,3
10,6,2025,2025-06-01,2,1,Rio de Janeiro,3304557,Capital,0,0,0,0,0,0.0,0,3,0.0,28,0,0,29,55,70,11,136,10,0,5,1,0,0.0,0,0,2.0,18,172,10,16,26,149,21.0,223,445,0,2,0,146,10,9.0,0.0,1.0,5,19.0,6.0,8.0,2.0,25,5,2,0,0,0,1174,3
11,6,2025,2025-06-01,23,1,Rio de Janeiro,3304557,Capital,0,0,0,0,0,0.0,0,0,0.0,5,0,0,0,0,0,0,0,0,0,0,0,0,0.0,0,0,0.0,0,0,1,0,0,3,0.0,5,9,0,0,0,9,2,0.0,1.0,1.0,1,1.0,0.0,1.0,0.0,3,1,0,0,0,0,74,3
12,6,2025,2025-06-01,19,1,Rio de Janeiro,3304557,Capital,0,0,0,0,1,0.0,1,1,0.0,31,6,0,9,12,6,2,20,0,1,6,0,0,0.0,0,0,2.0,4,33,9,49,8,111,19.0,164,360,0,4,0,224,8,1.0,7.0,0.0,3,49.0,4.0,8.0,2.0,36,4,0,0,0,0,1014,3
13,6,2025,2025-06-01,19,1,Rio de Janeiro,3304557,Capital,0,0,0,0,0,0.0,0,0,0.0,20,1,0,3,7,7,0,14,0,0,3,1,0,0.0,0,0,0.0,4,22,5,25,2,64,8.0,101,205,0,1,0,74,1,0.0,1.0,0.0,0,17.0,3.0,4.0,0.0,19,2,0,0,0,0,531,3
14,6,2025,2025-06-01,23,1,Rio de Janeiro,3304557,Capital,0,0,0,0,0,0.0,0,0,0.0,14,0,1,7,14,31,1,46,2,0,3,3,0,0.0,0,0,0.0,8,62,9,29,5,204,44.0,160,451,0,0,0,202,5,2.0,2.0,1.0,3,25.0,4.0,5.0,3.0,13,9,0,0,0,0,1052,3
15,6,2025,2025-06-01,23,1,Rio de Janeiro,3304557,Capital,0,0,0,0,0,0.0,0,0,0.0,20,1,1,13,14,10,3,27,1,0,1,0,0,0.0,0,0,1.0,13,43,11,12,19,44,12.0,71,169,0,2,0,139,6,5.0,1.0,0.0,2,19.0,0.0,9.0,1.0,16,3,0,0,0,0,674,3
16,6,2025,2025-06-01,31,2,Rio de Janeiro,3304557,Capital,2,0,0,2,1,0.0,3,1,0.0,65,2,1,55,55,51,12,118,6,1,5,0,0,0.0,0,0,0.0,27,157,37,21,78,212,13.0,303,664,0,7,0,447,11,7.0,5.0,0.0,5,49.0,35.0,15.0,9.0,66,6,0,0,0,0,2132,3
17,6,2025,2025-06-01,4,1,Rio de Janeiro,3304557,Capital,1,0,0,1,0,0.0,1,0,0.0,28,1,3,33,31,36,6,73,18,2,3,0,0,0.0,0,0,0.0,20,116,18,15,15,68,4.0,102,222,0,1,0,102,8,3.0,4.0,1.0,8,22.0,0.0,10.0,0.0,27,7,0,0,0,0,803,3
18,6,2025,2025-06-01,6,1,Rio de Janeiro,3304557,Capital,0,0,0,0,2,1.0,3,0,0.0,13,3,1,32,63,64,14,141,19,1,2,0,0,0.0,0,0,1.0,18,182,11,36,36,77,8.0,108,276,0,0,0,92,2,0.0,2.0,0.0,5,15.0,6.0,3.0,0.0,23,2,0,0,0,0,896,3
19,6,2025,2025-06-01,6,1,Rio de Janeiro,3304557,Capital,1,0,0,1,0,0.0,1,0,0.0,43,2,0,20,61,35,9,105,5,1,1,0,0,0.0,0,0,0.0,25,137,10,23,42,44,4.0,151,274,0,7,0,161,2,1.0,1.0,0.0,2,25.0,6.0,11.0,6.0,33,1,2,0,0,0,1003,3
20,6,2025,2025-06-01,6,1,Rio de Janeiro,3304557,Capital,1,0,0,1,0,0.0,1,3,0.0,35,2,1,13,38,28,2,68,7,0,0,1,0,0.0,0,0,0.0,2,78,2,18,20,31,5.0,150,226,0,1,1,156,4,1.0,0.0,3.0,7,31.0,6.0,2.0,0.0,36,5,0,0,0,0,870,3
21,6,2025,2025-06-01,22,1,Rio de Janeiro,3304557,Capital,1,0,0,1,0,0.0,1,2,1.0,57,6,4,65,33,39,7,79,41,10,3,0,0,0.0,0,0,0.0,22,155,42,11,19,78,1.0,172,323,0,6,1,169,19,9.0,9.0,1.0,52,58.0,10.0,28.0,3.0,52,9,2,0,0,0,1290,3
22,6,2025,2025-06-01,16,1,Rio de Janeiro,3304557,Capital,1,0,0,1,0,0.0,1,2,0.0,40,4,4,43,25,19,1,45,24,3,0,0,0,0.0,0,0,0.0,3,75,11,10,8,19,0.0,92,140,0,2,0,93,8,2.0,6.0,0.0,19,32.0,2.0,6.0,0.0,39,3,0,0,0,0,725,3
23,6,2025,2025-06-01,3,1,Rio de Janeiro,3304557,Capital,3,0,0,3,0,0.0,3,0,0.0,27,3,1,13,20,34,3,57,9,1,1,0,0,0.0,0,1,0.0,5,74,9,4,9,24,2.0,82,130,0,0,0,81,4,3.0,0.0,1.0,2,14.0,0.0,2.0,0.0,27,2,0,0,0,0,546,3
24,6,2025,2025-06-01,3,1,Rio de Janeiro,3304557,Capital,2,0,0,2,0,0.0,2,0,1.0,30,0,2,18,16,26,5,47,69,0,0,0,0,0.0,0,0,1.0,14,131,4,10,10,33,0.0,66,123,0,0,0,129,6,0.0,4.0,2.0,12,17.0,0.0,5.0,1.0,35,4,0,0,0,0,687,3
25,6,2025,2025-06-01,3,1,Rio de Janeiro,3304557,Capital,0,0,0,0,0,0.0,0,7,0.0,44,2,0,20,23,35,20,78,16,1,0,0,0,0.0,0,0,0.0,10,105,4,4,19,58,1.0,46,132,0,2,0,103,10,4.0,5.0,1.0,16,25.0,0.0,12.0,3.0,20,10,0,0,0,0,712,3
26,6,2025,2025-06-01,3,1,Rio de Janeiro,3304557,Capital,1,0,0,1,0,0.0,1,0,0.0,25,0,1,16,29,57,12,98,36,1,0,0,0,0.0,0,0,0.0,23,158,2,7,11,53,1.0,101,175,0,4,0,125,0,0.0,0.0,0.0,12,4.0,0.0,2.0,1.0,27,5,0,0,0,0,753,3
27,6,2025,2025-06-01,41,2,Rio de Janeiro,3304557,Capital,8,0,0,8,0,1.0,9,0,0.0,49,3,3,25,81,53,7,141,103,15,3,0,0,0.0,0,0,1.0,29,292,33,13,10,29,3.0,89,177,0,3,2,187,5,2.0,2.0,1.0,27,29.0,1.0,8.0,3.0,43,5,0,0,0,0,1133,3
28,6,2025,2025-06-01,18,2,Rio de Janeiro,3304557,Capital,1,0,0,1,1,0.0,2,1,0.0,40,4,0,17,23,29,8,60,35,0,6,0,0,0.0,0,0,0.0,6,107,5,4,7,33,0.0,51,100,0,2,0,120,3,0.0,2.0,1.0,14,11.0,1.0,2.0,0.0,36,6,0,0,0,0,684,3
29,6,2025,2025-06-01,9,2,Rio de Janeiro,3304557,Capital,6,0,0,6,0,0.0,6,1,0.0,55,5,1,24,82,49,19,150,113,8,3,0,0,0.0,0,0,0.0,24,298,32,45,34,75,1.0,155,342,0,10,6,177,1,0.0,1.0,0.0,50,15.0,7.0,4.0,0.0,65,10,2,0,0,0,1336,3
30,6,2025,2025-06-01,9,2,Rio de Janeiro,3304557,Capital,1,0,0,1,3,0.0,4,0,0.0,29,2,2,14,30,45,18,93,26,1,0,2,0,0.0,0,0,0.0,9,131,31,4,3,17,0.0,65,120,0,1,0,99,0,0.0,0.0,0.0,5,16.0,2.0,2.0,0.0,47,4,0,0,0,0,667,3
31,6,2025,2025-06-01,41,2,Rio de Janeiro,3304557,Capital,3,0,0,3,0,0.0,3,3,0.0,38,5,0,11,28,39,1,68,32,6,1,0,0,0.0,0,0,0.0,7,114,14,2,3,12,0.0,22,53,0,1,0,76,7,2.0,3.0,2.0,26,19.0,0.0,2.0,0.0,37,7,0,0,0,0,550,3
32,6,2025,2025-06-01,18,2,Rio de Janeiro,3304557,Capital,4,0,0,4,1,0.0,5,14,0.0,99,18,4,87,86,66,11,163,49,3,4,2,0,0.0,0,2,1.0,13,237,15,72,40,92,5.0,220,444,0,6,0,483,9,0.0,8.0,1.0,24,43.0,3.0,11.0,1.0,169,12,1,0,0,0,2203,3
33,6,2025,2025-06-01,14,2,Rio de Janeiro,3304557,Capital,0,0,0,0,2,0.0,2,11,0.0,73,7,5,45,21,44,8,73,35,5,0,1,0,0.0,0,0,2.0,12,128,37,6,7,24,1.0,136,211,0,0,0,83,8,1.0,7.0,0.0,26,32.0,5.0,7.0,0.0,53,4,1,0,0,0,849,3
34,6,2025,2025-06-01,14,2,Rio de Janeiro,3304557,Capital,10,0,0,10,3,0.0,13,4,0.0,120,11,1,36,51,51,2,104,58,9,3,1,0,0.0,0,0,0.0,10,185,39,8,2,33,2.0,231,315,0,5,0,137,38,1.0,17.0,21.0,53,96.0,5.0,28.0,2.0,94,8,0,0,0,0,1389,3
35,6,2025,2025-06-01,40,2,Rio de Janeiro,3304557,Capital,4,0,0,4,0,0.0,4,8,0.0,186,24,11,85,43,55,1,99,54,9,9,0,0,0.0,0,0,0.0,20,191,46,21,12,65,12.0,308,464,0,12,0,351,7,5.0,2.0,0.0,24,89.0,3.0,19.0,1.0,178,22,0,0,0,0,2380,3
36,6,2025,2025-06-01,27,2,Rio de Janeiro,3304557,Capital,6,1,0,7,0,0.0,7,1,0.0,110,20,3,32,13,15,0,28,12,5,1,0,0,0.0,0,0,0.0,6,52,15,7,5,18,3.0,80,128,0,5,0,204,2,0.0,1.0,1.0,22,37.0,0.0,3.0,0.0,116,8,1,0,0,0,1079,3
37,6,2025,2025-06-01,17,1,Rio de Janeiro,3304557,Capital,1,0,0,1,0,0.0,1,2,0.0,47,3,3,26,10,11,0,21,9,6,0,2,0,0.0,0,0,0.0,4,42,5,2,2,29,2.0,61,101,0,4,0,101,2,1.0,1.0,0.0,13,23.0,3.0,3.0,0.0,38,6,0,0,0,0,718,3
38,6,2025,2025-06-01,16,1,Rio de Janeiro,3304557,Capital,1,0,0,1,0,0.0,1,3,0.0,35,2,3,21,22,45,2,69,66,8,2,1,0,0.0,0,0,0.0,33,179,13,3,15,29,0.0,50,110,0,1,0,128,8,1.0,6.0,1.0,75,24.0,1.0,13.0,0.0,30,4,0,0,0,0,883,3
39,6,2025,2025-06-01,41,2,Rio de Janeiro,3304557,Capital,2,0,0,2,1,1.0,4,0,0.0,51,3,2,36,36,35,10,81,140,26,0,0,0,0.0,0,0,0.0,28,275,15,6,5,24,0.0,68,118,1,1,0,131,7,1.0,6.0,0.0,96,23.0,4.0,2.0,0.0,40,7,0,0,0,0,985,3
40,6,2025,2025-06-01,9,2,Rio de Janeiro,3304557,Capital,3,0,0,3,0,0.0,3,1,0.0,31,4,0,19,31,29,3,63,59,9,2,1,0,0.0,0,0,0.0,17,151,12,7,6,13,1.0,39,78,0,0,0,85,2,0.0,2.0,0.0,20,34.0,0.0,2.0,0.0,24,3,0,0,0,0,530,3
41,6,2025,2025-06-01,18,2,Rio de Janeiro,3304557,Capital,0,0,0,0,1,0.0,1,1,1.0,25,2,0,39,17,24,1,42,5,0,2,2,0,0.0,0,0,0.0,3,54,4,9,14,52,1.0,64,144,0,7,0,176,0,0.0,0.0,0.0,5,6.0,0.0,8.0,0.0,39,3,1,0,0,0,752,3
42,6,2025,2025-06-01,31,2,Rio de Janeiro,3304557,Capital,3,0,0,3,0,0.0,3,2,0.0,70,9,1,45,34,33,5,72,11,0,2,2,0,0.0,0,0,0.0,11,98,33,6,25,54,10.0,130,258,0,8,1,292,9,6.0,1.0,2.0,6,32.0,5.0,17.0,1.0,86,9,0,0,0,0,1329,3
43,6,2025,2025-06-01,27,2,Rio de Janeiro,3304557,Capital,1,0,0,1,0,0.0,1,3,0.0,67,14,0,37,11,17,0,28,10,1,1,0,0,0.0,0,0,0.0,4,44,13,0,4,9,2.0,27,55,0,4,0,108,1,0.0,1.0,0.0,12,23.0,0.0,4.0,0.0,87,8,0,0,0,0,635,3
44,6,2025,2025-06-01,3,1,Rio de Janeiro,3304557,Capital,3,0,0,3,4,0.0,7,5,0.0,43,1,1,25,30,43,12,85,39,3,5,1,0,0.0,0,0,0.0,26,159,10,5,5,16,2.0,63,101,0,0,0,97,10,1.0,6.0,3.0,16,31.0,0.0,4.0,1.0,31,3,0,0,0,0,746,3
48,6,2025,2025-06-01,24,3,Seropédica,3305554,Baixada Fluminense,0,0,0,0,0,0.0,0,0,0.0,21,4,1,12,4,2,0,6,2,0,0,1,0,0.0,0,0,0.0,1,10,7,3,1,4,7.0,26,48,0,2,0,47,2,2.0,0.0,0.0,5,10.0,0.0,1.0,0.0,24,3,0,0,0,0,296,3
50,6,2025,2025-06-01,24,3,Itaguaí,3302007,Baixada Fluminense,5,0,0,5,0,0.0,5,1,1.0,25,6,1,16,2,5,0,7,0,0,5,0,0,0.0,0,0,0.0,3,15,13,2,0,6,0.0,43,64,0,0,0,46,6,6.0,0.0,0.0,8,25.0,0.0,3.0,0.0,35,9,0,0,0,0,351,3
51,6,2025,2025-06-01,24,3,Paracambi,3303609,Baixada Fluminense,0,0,0,0,0,0.0,0,0,0.0,18,2,1,7,1,0,0,1,0,0,0,0,0,0.0,0,0,0.0,0,1,4,0,0,1,2.0,12,19,0,2,0,23,3,0.0,3.0,0.0,3,11.0,0.0,6.0,0.0,14,0,0,0,0,0,154,3
52,6,2025,2025-06-01,20,3,Nova Iguaçu,3303500,Baixada Fluminense,2,0,0,2,0,0.0,2,6,0.0,54,5,1,28,54,78,4,136,35,1,4,1,0,0.0,1,1,1.0,10,190,49,22,4,42,2.0,117,236,0,2,0,122,9,7.0,0.0,2.0,18,43.0,3.0,15.0,3.0,57,4,0,0,0,0,1049,3
53,6,2025,2025-06-01,20,3,Mesquita,3302858,Baixada Fluminense,1,0,0,1,1,0.0,2,3,1.0,69,4,0,12,36,20,0,56,10,5,0,1,0,0.0,0,1,1.0,10,84,25,5,0,12,5.0,51,98,0,2,0,83,8,1.0,2.0,5.0,13,18.0,7.0,3.0,1.0,49,3,0,0,0,0,526,3
54,6,2025,2025-06-01,39,3,Belford Roxo,3300456,Baixada Fluminense,5,0,0,5,1,0.0,6,5,0.0,123,8,2,28,78,88,6,172,81,4,9,1,0,0.0,0,0,0.0,12,279,26,12,3,7,1.0,66,115,0,4,0,216,21,0.0,19.0,2.0,54,73.0,7.0,20.0,0.0,113,16,1,0,0,0,1355,3
55,6,2025,2025-06-01,24,3,Queimados,3304144,Baixada Fluminense,1,0,0,1,0,0.0,1,1,0.0,48,12,3,12,17,11,1,29,5,0,1,0,0,0.0,0,0,0.0,1,36,9,2,3,9,3.0,46,72,0,0,0,65,9,6.0,1.0,2.0,13,19.0,1.0,3.0,0.0,59,4,1,0,0,0,486,3
56,6,2025,2025-06-01,20,3,Nova Iguaçu,3303500,Baixada Fluminense,3,0,0,3,0,0.0,3,5,0.0,80,14,1,25,40,30,2,72,38,7,2,1,0,0.0,0,0,1.0,8,129,27,1,1,10,2.0,29,70,0,1,0,108,2,0.0,2.0,0.0,12,15.0,2.0,5.0,0.0,87,10,0,0,0,0,703,3
57,6,2025,2025-06-01,20,3,Nilópolis,3303203,Baixada Fluminense,0,0,0,0,1,0.0,1,6,0.0,52,4,0,7,31,53,0,84,22,1,1,1,0,0.0,0,1,0.0,11,121,16,4,4,8,0.0,50,82,0,3,0,114,1,0.0,1.0,0.0,7,11.0,1.0,8.0,0.0,64,3,0,0,0,0,666,3
58,6,2025,2025-06-01,20,3,Nova Iguaçu,3303500,Baixada Fluminense,18,1,0,19,0,0.0,19,4,0.0,133,16,6,44,86,62,0,148,52,3,4,0,0,0.0,0,0,1.0,11,219,17,0,2,16,6.0,35,76,0,3,0,149,7,2.0,4.0,1.0,19,29.0,7.0,6.0,1.0,123,13,3,0,0,0,1163,3
59,6,2025,2025-06-01,15,3,Duque de Caxias,3301702,Baixada Fluminense,2,1,0,3,4,0.0,7,10,0.0,118,16,2,59,154,118,5,277,124,41,4,0,0,0.0,0,0,1.0,41,488,64,53,12,42,0.0,191,362,0,5,0,205,9,2.0,7.0,0.0,60,51.0,11.0,11.0,3.0,120,16,2,0,0,0,1925,3
60,6,2025,2025-06-01,15,3,Duque de Caxias,3301702,Baixada Fluminense,8,0,0,8,6,0.0,14,10,2.0,67,5,10,28,44,68,4,116,86,27,3,0,0,0.0,0,0,0.0,13,245,10,4,3,13,2.0,38,70,0,2,1,135,6,0.0,6.0,0.0,22,28.0,2.0,20.0,2.0,51,18,1,0,0,0,928,3
61,6,2025,2025-06-01,15,3,Duque de Caxias,3301702,Baixada Fluminense,0,0,0,0,0,0.0,0,0,0.0,17,0,1,3,3,0,0,3,8,1,0,1,0,0.0,0,0,0.0,0,13,4,0,0,4,2.0,11,21,0,0,0,30,0,0.0,0.0,0.0,2,2.0,0.0,2.0,0.0,20,0,1,0,0,0,152,3
62,6,2025,2025-06-01,15,3,Duque de Caxias,3301702,Baixada Fluminense,2,0,0,2,0,0.0,2,3,1.0,32,9,3,15,34,28,0,62,62,10,1,1,0,0.0,1,2,0.0,5,144,4,4,0,5,2.0,39,54,0,5,0,66,3,0.0,3.0,0.0,17,27.0,1.0,4.0,0.0,27,0,0,0,0,0,503,3
63,6,2025,2025-06-01,24,3,Japeri,3302270,Baixada Fluminense,0,0,0,0,0,0.0,0,0,0.0,17,1,0,5,5,4,0,9,3,1,0,0,0,0.0,0,0,0.0,4,17,4,3,1,5,2.0,18,33,0,1,0,48,7,3.0,4.0,0.0,4,18.0,0.0,5.0,1.0,37,2,1,0,0,0,261,3
64,6,2025,2025-06-01,21,3,São João de Meriti,3305109,Baixada Fluminense,6,0,0,6,4,0.0,10,10,1.0,113,12,1,48,77,134,16,227,82,19,7,2,0,0.0,0,2,0.0,60,399,71,5,4,36,1.0,173,290,0,5,0,329,12,0.0,9.0,3.0,46,45.0,4.0,11.0,0.0,137,14,1,0,0,0,1882,3
65,6,2025,2025-06-01,34,3,Magé,3302502,Baixada Fluminense,1,0,0,1,1,0.0,2,1,0.0,22,2,1,15,2,1,0,3,5,0,2,0,0,0.0,0,0,0.0,2,12,3,4,0,12,1.0,32,52,0,3,0,58,12,0.0,10.0,3.0,5,19.0,0.0,3.0,0.0,29,4,0,0,0,0,304,3
66,6,2025,2025-06-01,34,3,Magé,3302502,Baixada Fluminense,1,0,0,1,0,0.0,1,0,0.0,70,9,1,18,6,12,0,18,6,1,0,0,0,0.0,0,0,0.0,4,29,17,16,3,114,6.0,66,222,0,3,0,97,4,2.0,2.0,0.0,12,27.0,0.0,7.0,0.0,96,8,0,0,0,0,743,3
67,6,2025,2025-06-01,34,3,Guapimirim,3301850,Baixada Fluminense,1,0,0,1,0,0.0,1,0,0.0,27,2,0,21,1,1,0,2,2,0,0,0,0,0.0,0,0,0.0,0,4,1,0,0,4,2.0,15,22,0,0,0,35,10,5.0,4.0,1.0,0,10.0,1.0,8.0,0.0,33,1,0,0,0,0,239,3
1,7,2025,2025-07-01,5,1,Rio de Janeiro,3304557,Capital,0,0,0,0,0,0.0,0,0,0.0,15,2,0,3,39,32,3,74,0,0,0,0,0,0.0,0,0,0.0,2,76,2,58,50,124,2.0,115,351,0,0,0,102,5,4.0,0.0,1.0,0,35.0,2.0,10.0,3.0,10,3,0,0,0,0,779,3
4,7,2025,2025-07-01,5,1,Rio de Janeiro,3304557,Capital,0,0,0,0,0,0.0,0,0,0.0,24,2,0,23,27,33,4,64,0,0,0,0,0,0.0,0,0,0.0,4,68,12,33,20,139,0.0,63,267,0,1,0,30,11,1.0,10.0,0.0,6,33.0,5.0,14.0,1.0,13,10,0,0,0,0,752,3
5,7,2025,2025-07-01,5,1,Rio de Janeiro,3304557,Capital,1,0,0,1,0,0.0,1,0,0.0,64,3,0,10,58,62,1,121,1,1,2,0,0,0.0,0,1,0.0,11,137,12,57,16,302,5.0,196,588,0,3,0,173,20,5.0,13.0,3.0,4,53.0,9.0,16.0,3.0,49,6,0,0,0,0,1377,3
6,7,2025,2025-07-01,4,1,Rio de Janeiro,3304557,Capital,2,0,0,2,0,0.0,2,0,1.0,18,2,2,38,20,12,5,37,5,0,0,0,0,0.0,0,0,1.0,7,50,9,15,21,83,1.0,71,200,0,3,0,47,4,2.0,2.0,0.0,8,13.0,5.0,7.0,4.0,18,0,0,0,0,0,561,3
7,7,2025,2025-07-01,5,1,Rio de Janeiro,3304557,Capital,0,0,0,0,0,0.0,0,0,0.0,13,1,0,1,7,13,0,20,0,0,0,0,0,0.0,0,0,0.0,3,23,10,5,1,6,2.0,32,56,0,2,0,53,8,1.0,6.0,1.0,2,11.0,2.0,0.0,0.0,22,1,0,0,0,0,242,3
9,7,2025,2025-07-01,2,1,Rio de Janeiro,3304557,Capital,0,0,0,0,0,0.0,0,1,0.0,22,1,0,16,44,57,3,104,3,0,3,0,0,0.0,0,1,4.0,5,120,22,70,30,202,16.0,120,460,0,3,0,181,6,2.0,2.0,2.0,3,32.0,13.0,2.0,3.0,36,0,2,0,0,0,1223,3
10,7,2025,2025-07-01,2,1,Rio de Janeiro,3304557,Capital,0,0,0,0,0,0.0,0,0,0.0,18,2,0,28,60,72,3,135,4,0,3,0,0,0.0,0,0,1.0,22,165,11,23,30,154,14.0,250,482,0,5,0,174,10,9.0,1.0,0.0,4,30.0,6.0,2.0,1.0,20,4,0,1,0,0,1251,3
11,7,2025,2025-07-01,23,1,Rio de Janeiro,3304557,Capital,1,0,0,1,0,0.0,1,0,0.0,8,1,0,1,0,0,0,0,0,0,0,0,0,0.0,0,0,0.0,0,0,1,0,0,5,0.0,5,11,0,0,0,18,1,0.0,1.0,0.0,2,0.0,0.0,1.0,0.0,1,0,0,0,0,0,81,3
12,7,2025,2025-07-01,19,1,Rio de Janeiro,3304557,Capital,0,0,0,0,0,0.0,0,1,0.0,26,5,0,9,16,12,0,28,0,0,5,3,0,0.0,0,0,0.0,11,47,5,30,7,113,12.0,220,387,0,1,0,295,5,5.0,0.0,0.0,1,22.0,5.0,10.0,1.0,32,2,0,0,0,0,1145,3
13,7,2025,2025-07-01,19,1,Rio de Janeiro,3304557,Capital,0,0,0,0,0,0.0,0,0,0.0,18,0,0,9,10,2,0,12,0,1,1,0,0,0.0,0,1,0.0,6,21,4,10,4,33,13.0,116,180,0,3,0,109,4,3.0,1.0,0.0,0,14.0,0.0,1.0,0.0,19,2,0,0,0,0,566,3
14,7,2025,2025-07-01,23,1,Rio de Janeiro,3304557,Capital,0,0,0,0,0,0.0,0,0,0.0,16,0,1,9,13,22,0,35,1,0,1,0,0,0.0,0,0,0.0,6,43,7,28,6,173,48.0,202,464,0,1,0,247,5,1.0,3.0,1.0,0,20.0,9.0,3.0,0.0,20,4,0,0,0,0,1094,3
15,7,2025,2025-07-01,23,1,Rio de Janeiro,3304557,Capital,0,0,0,0,0,0.0,0,0,0.0,12,2,3,14,7,10,0,17,1,0,1,0,0,0.0,0,0,0.0,19,38,7,13,16,40,3.0,58,137,0,3,0,139,6,2.0,3.0,1.0,2,11.0,6.0,4.0,0.0,19,1,1,0,0,0,594,3
16,7,2025,2025-07-01,31,2,Rio de Janeiro,3304557,Capital,2,0,0,2,2,0.0,4,4,1.0,61,1,4,59,42,29,9,80,8,1,10,2,0,0.0,0,1,2.0,57,161,20,18,51,305,9.0,338,741,0,7,0,512,9,3.0,5.0,1.0,6,55.0,28.0,18.0,8.0,75,4,0,0,0,0,2315,3
17,7,2025,2025-07-01,4,1,Rio de Janeiro,3304557,Capital,1,0,1,2,0,0.0,2,1,0.0,33,4,6,30,28,37,9,74,19,7,1,0,0,0.0,0,0,0.0,22,123,20,18,12,113,3.0,139,305,0,3,0,109,10,2.0,7.0,1.0,8,33.0,9.0,6.0,5.0,33,7,0,0,1,0,924,3
18,7,2025,2025-07-01,6,1,Rio de Janeiro,3304557,Capital,0,0,0,0,0,0.0,0,0,0.0,20,1,1,26,66,102,4,172,12,0,2,0,0,0.0,0,0,1.0,26,213,16,32,21,218,9.0,149,445,0,0,1,92,5,4.0,0.0,1.0,2,26.0,7.0,3.0,1.0,24,0,0,0,0,0,1118,3
19,7,2025,2025-07-01,6,1,Rio de Janeiro,3304557,Capital,0,0,0,0,0,1.0,1,1,0.0,26,2,0,17,55,37,4,96,9,0,3,0,0,0.0,1,0,0.0,29,138,8,26,19,83,2.0,185,323,0,7,0,190,5,2.0,3.0,0.0,3,29.0,13.0,12.0,4.0,35,2,0,0,0,0,1107,3
20,7,2025,2025-07-01,6,1,Rio de Janeiro,3304557,Capital,0,0,0,0,2,0.0,2,5,0.0,30,0,1,18,26,39,4,69,11,0,0,0,0,0.0,0,0,1.0,17,98,7,7,15,49,6.0,142,226,0,5,0,145,5,2.0,3.0,0.0,13,21.0,2.0,5.0,1.0,35,1,0,0,0,0,946,3
21,7,2025,2025-07-01,22,1,Rio de Janeiro,3304557,Capital,4,0,0,4,1,0.0,5,7,0.0,60,8,1,56,35,61,19,115,28,7,6,0,0,0.0,0,0,0.0,36,192,33,23,19,61,1.0,198,335,0,4,0,210,23,3.0,12.0,8.0,129,74.0,13.0,51.0,5.0,58,13,0,0,0,0,1555,3
22,7,2025,2025-07-01,16,1,Rio de Janeiro,3304557,Capital,2,0,0,2,0,0.0,2,0,0.0,29,0,0,28,22,24,0,46,17,10,1,0,0,0.0,0,0,0.0,3,77,27,9,10,20,0.0,104,170,0,0,0,106,8,4.0,3.0,1.0,25,30.0,2.0,10.0,1.0,29,8,0,0,0,0,771,3
23,7,2025,2025-07-01,3,1,Rio de Janeiro,3304557,Capital,0,0,0,0,0,0.0,0,1,0.0,25,1,1,15,20,27,1,48,14,0,0,1,0,0.0,0,0,0.0,15,78,19,4,10,20,0.0,67,120,0,2,0,75,1,0.0,1.0,0.0,6,18.0,2.0,4.0,0.0,27,3,0,0,0,0,546,3
24,7,2025,2025-07-01,3,1,Rio de Janeiro,3304557,Capital,1,0,1,2,0,0.0,2,0,0.0,46,2,0,26,45,52,4,101,66,0,6,0,0,0.0,1,0,0.0,37,211,17,8,16,40,0.0,75,156,0,0,0,121,4,1.0,2.0,1.0,6,16.0,0.0,5.0,1.0,29,3,0,0,0,0,790,3
25,7,2025,2025-07-01,3,1,Rio de Janeiro,3304557,Capital,0,0,0,0,0,0.0,0,1,0.0,30,2,0,24,18,31,9,58,12,1,4,0,0,0.0,0,0,0.0,18,93,5,11,33,67,4.0,72,192,0,0,0,104,7,1.0,4.0,2.0,26,16.0,0.0,15.0,5.0,28,5,0,0,0,0,791,3
26,7,2025,2025-07-01,3,1,Rio de Janeiro,3304557,Capital,0,0,0,0,0,0.0,0,2,0.0,38,1,1,11,34,51,3,88,22,0,0,0,0,0.0,0,0,0.0,21,131,9,7,21,49,2.0,92,180,0,3,0,135,4,1.0,2.0,1.0,21,19.0,3.0,3.0,4.0,30,1,0,0,0,0,780,3
27,7,2025,2025-07-01,41,2,Rio de Janeiro,3304557,Capital,6,0,0,6,1,0.0,7,3,1.0,44,1,1,22,72,57,6,135,66,8,4,0,0,0.0,0,1,0.0,38,252,48,8,9,22,5.0,103,195,0,2,0,210,8,3.0,5.0,0.0,37,37.0,5.0,8.0,1.0,37,6,2,0,0,0,1121,3
28,7,2025,2025-07-01,18,2,Rio de Janeiro,3304557,Capital,1,0,0,1,2,0.0,3,0,0.0,28,7,0,20,20,29,2,51,27,0,1,1,0,0.0,0,0,0.0,5,85,5,6,6,22,1.0,71,111,0,3,0,107,1,0.0,1.0,0.0,13,24.0,1.0,5.0,0.0,44,3,0,1,0,0,709,3
29,7,2025,2025-07-01,9,2,Rio de Janeiro,3304557,Capital,4,0,0,4,3,0.0,7,3,0.0,45,4,3,34,82,70,33,185,79,6,5,1,0,0.0,0,0,1.0,33,310,25,53,33,78,5.0,167,361,0,3,0,182,13,1.0,7.0,5.0,79,42.0,1.0,8.0,2.0,56,6,0,0,0,0,1510,3
30,7,2025,2025-07-01,9,2,Rio de Janeiro,3304557,Capital,1,0,1,2,0,0.0,2,1,0.0,43,2,1,27,58,41,22,121,44,0,2,1,0,0.0,0,0,0.0,19,187,20,4,17,24,0.0,61,126,0,2,0,141,2,0.0,1.0,1.0,12,10.0,0.0,5.0,1.0,42,2,0,0,0,0,795,3
31,7,2025,2025-07-01,41,2,Rio de Janeiro,3304557,Capital,1,0,0,1,1,0.0,2,3,0.0,34,3,0,18,33,45,12,90,58,15,0,0,0,0.0,0,0,0.0,6,169,28,2,2,16,0.0,40,88,0,0,1,81,10,0.0,7.0,3.0,30,15.0,1.0,3.0,1.0,35,4,0,0,0,0,605,3
32,7,2025,2025-07-01,18,2,Rio de Janeiro,3304557,Capital,9,0,0,9,2,0.0,11,14,0.0,104,16,2,64,83,78,14,175,47,1,2,2,0,0.0,0,0,0.0,28,255,19,45,49,157,9.0,203,482,0,16,1,484,5,1.0,4.0,0.0,23,59.0,7.0,18.0,2.0,129,15,1,0,0,0,2317,3
33,7,2025,2025-07-01,14,2,Rio de Janeiro,3304557,Capital,2,0,0,2,0,0.0,2,1,0.0,65,5,5,55,27,49,9,85,28,3,3,1,0,0.0,0,1,0.0,9,130,24,2,9,35,2.0,86,158,0,2,0,107,2,0.0,2.0,0.0,22,37.0,2.0,12.0,0.0,48,4,1,0,0,0,856,3
34,7,2025,2025-07-01,14,2,Rio de Janeiro,3304557,Capital,7,0,0,7,3,0.0,10,5,1.0,128,12,4,33,45,34,1,80,56,8,2,1,0,0.0,0,1,0.0,11,159,31,9,2,36,1.0,190,269,0,6,1,135,30,0.0,21.0,9.0,44,110.0,5.0,13.0,0.0,93,11,1,0,0,0,1302,3
35,7,2025,2025-07-01,40,2,Rio de Janeiro,3304557,Capital,1,0,0,1,0,0.0,1,4,1.0,203,11,9,75,50,80,3,133,53,5,3,1,0,0.0,0,1,0.0,20,216,62,14,13,69,6.0,277,441,0,11,1,445,9,6.0,3.0,0.0,41,66.0,1.0,21.0,0.0,169,20,0,0,0,0,2459,3
36,7,2025,2025-07-01,27,2,Rio de Janeiro,3304557,Capital,3,0,0,3,0,0.0,3,1,2.0,109,20,7,29,28,17,1,46,11,2,0,0,0,0.0,0,0,0.0,4,63,12,14,6,28,1.0,86,147,0,12,0,255,1,0.0,1.0,0.0,21,30.0,2.0,6.0,1.0,134,13,1,0,0,0,1154,3
37,7,2025,2025-07-01,17,1,Rio de Janeiro,3304557,Capital,3,0,0,3,0,0.0,3,1,0.0,80,8,1,22,3,2,1,6,7,2,1,0,0,0.0,0,0,0.0,5,21,16,5,5,22,1.0,56,105,0,4,0,122,7,4.0,2.0,1.0,15,27.0,2.0,10.0,0.0,46,8,0,2,0,0,756,3
38,7,2025,2025-07-01,16,1,Rio de Janeiro,3304557,Capital,1,0,0,1,0,0.0,1,2,0.0,36,4,3,26,25,32,1,58,28,9,0,0,0,0.0,0,0,1.0,20,116,20,4,12,22,1.0,55,114,0,4,2,170,12,0.0,9.0,3.0,40,33.0,5.0,8.0,1.0,37,6,0,0,0,0,856,3
39,7,2025,2025-07-01,41,2,Rio de Janeiro,3304557,Capital,5,1,0,6,0,0.0,6,2,1.0,40,4,2,46,57,31,17,105,142,16,0,0,0,0.0,0,0,0.0,42,305,14,15,13,33,1.0,67,143,0,0,0,165,17,1.0,14.0,2.0,108,51.0,2.0,8.0,2.0,39,7,1,0,0,0,1075,3
40,7,2025,2025-07-01,9,2,Rio de Janeiro,3304557,Capital,3,0,1,4,0,0.0,4,2,0.0,28,5,2,16,31,33,0,64,58,6,2,1,0,0.0,0,0,0.0,20,151,14,7,2,30,1.0,56,110,0,0,0,84,4,0.0,3.0,1.0,18,36.0,1.0,3.0,0.0,25,2,0,0,0,0,598,3
41,7,2025,2025-07-01,18,2,Rio de Janeiro,3304557,Capital,1,0,0,1,2,0.0,3,2,0.0,42,0,1,28,17,25,2,44,11,0,3,0,0,0.0,0,0,0.0,7,65,6,9,15,29,0.0,69,128,0,7,0,177,1,0.0,0.0,1.0,14,24.0,0.0,2.0,0.0,38,8,0,0,0,0,787,3
42,7,2025,2025-07-01,31,2,Rio de Janeiro,3304557,Capital,0,1,0,1,0,0.0,1,6,0.0,69,2,0,44,36,24,7,67,15,1,3,0,0,0.0,0,0,0.0,14,100,26,9,18,104,9.0,155,321,0,8,0,294,13,4.0,8.0,1.0,12,48.0,2.0,7.0,1.0,75,2,0,0,0,0,1384,3
43,7,2025,2025-07-01,27,2,Rio de Janeiro,3304557,Capital,0,0,0,0,0,0.0,0,0,0.0,60,7,1,41,9,26,1,36,8,1,2,0,0,0.0,0,0,0.0,1,48,15,0,2,17,1.0,26,61,0,5,0,134,1,0.0,1.0,0.0,2,18.0,0.0,7.0,0.0,86,9,1,0,0,0,673,3
44,7,2025,2025-07-01,3,1,Rio de Janeiro,3304557,Capital,1,0,0,1,0,0.0,1,1,0.0,31,3,1,31,45,41,5,91,31,2,1,0,0,0.0,0,0,0.0,24,149,20,11,13,27,0.0,84,155,0,5,0,130,8,1.0,4.0,3.0,17,29.0,3.0,5.0,4.0,27,2,0,0,0,0,823,3
48,7,2025,2025-07-01,24,3,Seropédica,3305554,Baixada Fluminense,1,0,0,1,0,0.0,1,0,0.0,28,1,3,8,1,0,0,1,0,2,0,0,0,0.0,0,0,0.0,1,4,7,1,1,5,3.0,20,37,0,2,0,49,3,1.0,2.0,0.0,7,16.0,0.0,4.0,0.0,38,4,1,0,0,0,332,3
50,7,2025,2025-07-01,24,3,Itaguaí,3302007,Baixada Fluminense,1,0,0,1,2,0.0,3,3,0.0,47,3,1,9,5,7,0,12,6,1,3,0,0,0.0,0,0,0.0,2,24,16,0,0,8,1.0,37,62,0,0,0,79,9,4.0,5.0,0.0,13,30.0,2.0,11.0,0.0,42,3,0,0,0,0,414,3
51,7,2025,2025-07-01,24,3,Paracambi,3303609,Baixada Fluminense,4,0,0,4,0,0.0,4,3,0.0,13,1,4,1,1,2,0,3,1,0,0,0,0,0.0,0,0,0.0,0,4,1,0,0,1,1.0,16,19,0,1,0,34,14,8.0,2.0,4.0,1,12.0,1.0,5.0,0.0,17,2,0,0,0,0,164,3
52,7,2025,2025-07-01,20,3,Nova Iguaçu,3303500,Baixada Fluminense,2,0,0,2,0,0.0,2,3,1.0,54,3,1,36,52,67,8,127,44,0,2,2,0,0.0,0,0,1.0,14,190,55,20,1,37,4.0,138,255,0,5,0,156,7,7.0,0.0,0.0,23,40.0,9.0,19.0,1.0,65,9,1,0,0,0,1226,3
53,7,2025,2025-07-01,20,3,Mesquita,3302858,Baixada Fluminense,1,0,1,2,1,0.0,3,7,0.0,67,1,1,12,52,26,2,80,19,0,2,0,0,0.0,0,0,0.0,14,115,17,1,2,9,2.0,43,74,0,1,0,118,15,3.0,8.0,4.0,11,23.0,4.0,5.0,2.0,45,7,0,0,0,0,602,3
54,7,2025,2025-07-01,39,3,Belford Roxo,3300456,Baixada Fluminense,5,0,0,5,2,0.0,7,6,0.0,129,12,6,41,77,98,11,186,68,5,9,0,0,0.0,1,0,0.0,16,285,52,12,3,11,4.0,65,147,0,7,0,178,19,2.0,15.0,2.0,61,66.0,3.0,33.0,1.0,102,20,1,0,0,0,1376,3
55,7,2025,2025-07-01,24,3,Queimados,3304144,Baixada Fluminense,1,0,0,1,0,0.0,1,5,0.0,63,5,5,19,9,11,0,20,7,1,0,2,0,0.0,0,0,0.0,4,34,12,6,0,13,2.0,45,78,0,0,0,104,2,1.0,1.0,0.0,10,27.0,3.0,10.0,0.0,51,15,1,0,0,0,558,3
56,7,2025,2025-07-01,20,3,Nova Iguaçu,3303500,Baixada Fluminense,4,0,0,4,0,0.0,4,2,0.0,80,14,0,23,45,45,3,93,33,1,0,2,0,0.0,0,1,0.0,14,144,19,1,1,10,2.0,83,116,0,0,0,145,2,0.0,2.0,0.0,12,41.0,4.0,7.0,0.0,104,10,0,0,0,0,851,3
57,7,2025,2025-07-01,20,3,Nilópolis,3303203,Baixada Fluminense,2,0,0,2,1,0.0,3,1,0.0,47,2,2,12,30,42,0,72,21,0,1,0,0,0.0,0,2,0.0,9,105,26,5,1,10,0.0,104,146,0,1,0,147,4,2.0,1.0,1.0,8,20.0,1.0,11.0,1.0,54,3,0,0,0,0,785,3
58,7,2025,2025-07-01,20,3,Nova Iguaçu,3303500,Baixada Fluminense,10,0,0,10,1,0.0,11,6,0.0,111,14,5,40,57,68,12,137,63,5,3,1,0,0.0,0,0,1.0,15,225,30,4,1,14,3.0,53,105,0,5,0,235,6,4.0,1.0,1.0,9,31.0,2.0,14.0,1.0,144,14,1,0,0,0,1298,3
59,7,2025,2025-07-01,15,3,Duque de Caxias,3301702,Baixada Fluminense,6,0,0,6,1,1.0,8,6,0.0,119,6,6,41,127,134,6,267,91,26,6,1,0,0.0,0,4,0.0,31,426,44,46,11,46,0.0,233,380,0,3,0,239,10,3.0,7.0,0.0,91,70.0,4.0,14.0,0.0,114,19,0,0,1,0,2004,3
60,7,2025,2025-07-01,15,3,Duque de Caxias,3301702,Baixada Fluminense,9,0,0,9,0,0.0,9,16,0.0,49,6,6,27,37,55,0,92,93,26,1,0,0,0.0,0,0,0.0,15,227,26,1,2,14,2.0,52,97,0,7,0,180,5,0.0,5.0,0.0,19,33.0,4.0,12.0,0.0,61,12,0,0,0,0,971,3
61,7,2025,2025-07-01,15,3,Duque de Caxias,3301702,Baixada Fluminense,1,0,0,1,0,0.0,1,1,0.0,29,5,3,4,0,2,0,2,5,3,0,0,0,0.0,0,0,0.0,2,12,4,1,0,2,0.0,16,23,0,0,0,37,0,0.0,0.0,0.0,4,7.0,0.0,0.0,0.0,31,1,0,0,0,0,191,3
62,7,2025,2025-07-01,15,3,Duque de Caxias,3301702,Baixada Fluminense,2,0,0,2,0,0.0,2,4,0.0,33,5,1,18,23,14,1,38,59,7,0,1,0,0.0,0,0,1.0,12,118,8,2,1,8,2.0,40,61,0,2,0,97,7,0.0,7.0,0.0,19,23.0,0.0,3.0,0.0,35,5,0,0,0,0,523,3
63,7,2025,2025-07-01,24,3,Japeri,3302270,Baixada Fluminense,1,0,0,1,4,0.0,5,4,0.0,25,2,1,9,10,4,0,14,2,0,0,0,0,0.0,0,0,0.0,1,17,7,1,1,6,2.0,22,39,0,3,0,50,17,6.0,8.0,3.0,12,21.0,2.0,5.0,0.0,29,6,0,0,0,0,322,3
64,7,2025,2025-07-01,21,3,São João de Meriti,3305109,Baixada Fluminense,10,0,0,10,3,1.0,14,14,1.0,135,7,3,66,98,101,25,224,106,17,5,2,0,0.0,0,1,1.0,50,406,78,14,3,55,1.0,183,334,0,3,0,308,13,0.0,12.0,1.0,57,56.0,14.0,12.0,1.0,115,13,1,0,0,0,2057,3
65,7,2025,2025-07-01,34,3,Magé,3302502,Baixada Fluminense,0,0,0,0,1,0.0,1,4,0.0,21,2,1,13,5,0,0,5,3,0,1,0,0,0.0,0,0,0.0,4,13,7,4,1,13,4.0,18,47,0,2,0,61,22,1.0,19.0,2.0,9,30.0,7.0,7.0,0.0,34,6,0,0,0,0,326,3
66,7,2025,2025-07-01,34,3,Magé,3302502,Baixada Fluminense,3,0,0,3,0,1.0,4,3,0.0,36,6,1,27,8,8,0,16,9,2,0,1,0,0.0,0,0,0.0,1,29,11,1,0,13,4.0,49,78,0,3,1,122,4,1.0,2.0,1.0,13,19.0,3.0,8.0,0.0,98,6,0,0,0,0,619,3
67,7,2025,2025-07-01,34,3,Guapimirim,3301850,Baixada Fluminense,0,0,0,0,0,0.0,0,2,0.0,16,1,0,19,2,0,0,2,3,0,0,1,0,0.0,0,0,0.0,1,7,3,0,0,2,2.0,15,22,0,2,0,43,5,3.0,2.0,0.0,5,6.0,0.0,8.0,0.0,27,1,0,0,0,0,252,3
1,8,2025,2025-08-01,5,1,Rio de Janeiro,3304557,Capital,1,0,0,1,0,0.0,1,0,0.0,11,0,0,5,25,20,3,48,0,1,0,0,0,0.0,0,0,0.0,4,53,2,54,27,85,4.0,96,268,0,4,0,93,2,0.0,2.0,0.0,0,22.0,3.0,13.0,2.0,11,3,1,0,0,0,653,3
4,8,2025,2025-08-01,5,1,Rio de Janeiro,3304557,Capital,0,0,0,0,0,0.0,0,0,0.0,32,0,1,27,20,19,0,39,1,0,0,0,0,0.0,0,1,0.0,8,49,8,30,23,172,5.0,70,308,0,2,0,63,18,4.0,13.0,1.0,0,31.0,4.0,12.0,1.0,18,2,0,0,0,0,728,3
5,8,2025,2025-08-01,5,1,Rio de Janeiro,3304557,Capital,3,0,0,3,0,1.0,4,2,0.0,43,1,0,15,46,41,2,89,1,1,1,0,0,0.0,0,1,0.0,7,100,12,62,10,245,2.0,199,530,0,2,0,154,18,4.0,16.0,0.0,1,41.0,10.0,12.0,6.0,25,5,1,0,0,0,1244,3
6,8,2025,2025-08-01,4,1,Rio de Janeiro,3304557,Capital,0,0,0,0,0,0.0,0,3,0.0,37,2,0,33,23,24,14,61,2,1,0,0,0,0.0,0,0,2.0,10,76,8,16,15,128,1.0,88,256,0,5,0,38,8,5.0,3.0,0.0,15,18.0,6.0,5.0,2.0,34,3,0,0,0,0,660,3
7,8,2025,2025-08-01,5,1,Rio de Janeiro,3304557,Capital,0,0,0,0,0,0.0,0,0,1.0,6,1,0,2,10,7,1,18,0,0,0,0,0,0.0,0,0,1.0,4,23,11,0,1,11,0.0,26,49,0,1,0,32,3,0.0,3.0,0.0,0,3.0,1.0,0.0,0.0,17,0,0,0,0,0,210,3
9,8,2025,2025-08-01,2,1,Rio de Janeiro,3304557,Capital,0,0,0,0,0,0.0,0,0,0.0,31,4,2,25,40,29,3,72,2,0,1,1,0,0.0,0,0,3.0,2,81,16,68,28,142,29.0,121,404,0,7,0,152,2,2.0,0.0,0.0,2,28.0,6.0,2.0,2.0,26,7,1,0,0,0,1086,3
10,8,2025,2025-08-01,2,1,Rio de Janeiro,3304557,Capital,0,1,0,1,0,0.0,1,0,0.0,17,1,0,35,43,49,3,95,2,0,2,0,0,0.0,0,0,1.0,11,111,15,26,53,157,18.0,230,499,0,7,0,113,10,7.0,3.0,0.0,3,40.0,6.0,2.0,2.0,35,4,0,0,0,0,1167,3
11,8,2025,2025-08-01,23,1,Rio de Janeiro,3304557,Capital,0,0,0,0,0,0.0,0,1,0.0,4,0,0,2,0,0,0,0,0,0,0,0,0,0.0,0,0,0.0,1,1,1,2,2,11,0.0,4,20,0,1,0,20,2,1.0,0.0,1.0,0,0.0,0.0,1.0,0.0,8,5,0,0,0,0,111,3
12,8,2025,2025-08-01,19,1,Rio de Janeiro,3304557,Capital,0,0,0,0,0,0.0,0,0,0.0,19,1,1,7,12,19,3,34,1,0,3,0,0,1.0,0,0,1.0,9,49,6,39,5,126,13.0,196,385,0,8,0,227,4,2.0,2.0,0.0,3,34.0,4.0,13.0,3.0,28,2,1,0,0,0,1035,3
13,8,2025,2025-08-01,19,1,Rio de Janeiro,3304557,Capital,0,0,0,0,0,0.0,0,0,0.0,11,1,0,11,6,8,0,14,1,0,3,2,0,0.0,0,0,0.0,3,23,5,26,3,58,5.0,123,220,0,2,0,76,3,1.0,2.0,0.0,0,27.0,1.0,2.0,0.0,25,0,0,0,0,0,551,3
14,8,2025,2025-08-01,23,1,Rio de Janeiro,3304557,Capital,0,0,0,0,0,0.0,0,0,0.0,15,0,2,15,18,22,0,40,1,0,1,2,0,0.0,0,0,1.0,6,51,12,43,3,216,35.0,189,498,0,8,0,191,5,1.0,4.0,0.0,1,44.0,7.0,3.0,0.0,26,4,0,0,0,0,1076,3
15,8,2025,2025-08-01,23,1,Rio de Janeiro,3304557,Capital,0,0,0,0,0,0.0,0,1,0.0,13,0,0,18,6,16,1,23,1,0,0,0,0,0.0,0,0,0.0,10,34,8,13,20,56,4.0,79,180,0,1,0,131,6,2.0,4.0,0.0,3,19.0,1.0,5.0,0.0,21,3,1,0,0,0,638,3
16,8,2025,2025-08-01,31,2,Rio de Janeiro,3304557,Capital,3,0,0,3,0,0.0,3,2,0.0,49,7,4,40,39,16,10,65,5,0,4,1,0,0.0,0,1,2.0,48,126,29,23,54,144,8.0,258,516,0,8,0,402,9,2.0,6.0,1.0,2,59.0,21.0,7.0,6.0,71,5,1,0,0,0,1868,3
17,8,2025,2025-08-01,4,1,Rio de Janeiro,3304557,Capital,2,0,0,2,0,0.0,2,0,0.0,29,0,3,43,23,55,8,86,15,0,1,2,0,0.0,0,0,0.0,18,122,15,21,15,207,2.0,108,368,0,5,0,96,3,2.0,1.0,0.0,8,34.0,1.0,8.0,1.0,16,6,0,0,0,0,957,3
18,8,2025,2025-08-01,6,1,Rio de Janeiro,3304557,Capital,2,0,1,3,0,0.0,3,7,0.0,26,3,0,33,44,87,19,150,16,0,10,0,0,0.0,0,0,2.0,18,196,20,37,24,261,1.0,156,499,0,2,0,83,5,4.0,1.0,0.0,2,32.0,4.0,0.0,3.0,28,4,0,0,0,0,1195,3
19,8,2025,2025-08-01,6,1,Rio de Janeiro,3304557,Capital,1,0,0,1,0,0.0,1,2,0.0,29,5,0,13,54,48,2,104,5,0,11,0,0,0.0,0,0,1.0,34,155,15,25,29,62,3.0,179,313,0,9,0,171,3,3.0,0.0,0.0,2,40.0,6.0,12.0,3.0,56,5,0,0,0,0,1112,3
20,8,2025,2025-08-01,6,1,Rio de Janeiro,3304557,Capital,0,0,0,0,0,0.0,0,0,0.0,17,3,1,13,28,40,3,71,6,0,4,0,0,0.0,0,0,0.0,5,86,14,19,18,58,2.0,125,236,0,3,0,141,3,2.0,1.0,0.0,6,19.0,3.0,3.0,1.0,26,0,0,0,0,0,787,3
21,8,2025,2025-08-01,22,1,Rio de Janeiro,3304557,Capital,3,0,0,3,2,0.0,5,0,1.0,50,3,7,61,45,74,29,148,19,6,2,0,0,0.0,0,1,0.0,31,207,40,20,29,61,0.0,170,320,0,5,0,190,18,5.0,10.0,3.0,77,48.0,6.0,24.0,7.0,43,9,1,0,0,0,1462,3
22,8,2025,2025-08-01,16,1,Rio de Janeiro,3304557,Capital,1,0,0,1,1,0.0,2,1,0.0,37,4,3,25,26,24,0,50,21,9,2,0,0,0.0,0,0,0.0,4,86,25,8,11,12,0.0,85,141,0,4,0,85,7,1.0,4.0,2.0,20,24.0,2.0,7.0,0.0,42,6,0,0,0,0,668,3
23,8,2025,2025-08-01,3,1,Rio de Janeiro,3304557,Capital,1,0,0,1,0,0.0,1,1,1.0,25,5,1,12,18,31,1,50,9,0,2,0,0,0.0,0,1,1.0,9,72,15,8,6,23,0.0,95,147,0,2,0,91,1,0.0,0.0,1.0,2,9.0,2.0,3.0,1.0,18,5,0,0,0,0,595,3
24,8,2025,2025-08-01,3,1,Rio de Janeiro,3304557,Capital,1,0,0,1,3,0.0,4,2,0.0,31,2,0,30,33,32,6,71,71,1,1,0,0,0.0,0,1,0.0,28,173,31,15,12,38,2.0,83,181,0,0,0,107,6,3.0,2.0,1.0,7,27.0,1.0,3.0,0.0,39,6,1,0,0,0,764,3
25,8,2025,2025-08-01,3,1,Rio de Janeiro,3304557,Capital,0,0,0,0,1,0.0,1,0,0.0,15,6,2,31,16,41,16,73,16,0,1,1,0,0.0,0,0,0.0,19,110,9,9,16,52,0.0,85,171,0,3,0,114,11,7.0,3.0,1.0,34,16.0,3.0,27.0,4.0,25,3,0,0,0,0,841,3
26,8,2025,2025-08-01,3,1,Rio de Janeiro,3304557,Capital,0,0,0,0,0,0.0,0,0,0.0,32,1,0,7,27,42,2,71,22,0,6,0,0,0.0,0,2,0.0,18,119,14,15,18,55,2.0,100,204,0,2,0,128,7,3.0,1.0,3.0,18,22.0,1.0,7.0,0.0,31,3,0,0,0,0,799,3
27,8,2025,2025-08-01,41,2,Rio de Janeiro,3304557,Capital,4,0,0,4,1,1.0,6,0,0.0,49,7,2,26,59,82,5,146,95,12,2,0,0,1.0,0,1,0.0,35,292,47,7,7,28,1.0,93,183,0,8,1,170,1,0.0,1.0,0.0,41,37.0,4.0,11.0,4.0,49,3,0,0,0,0,1133,3
28,8,2025,2025-08-01,18,2,Rio de Janeiro,3304557,Capital,0,0,0,0,1,0.0,1,8,0.0,19,3,1,13,29,10,3,42,28,0,7,3,0,0.0,0,0,0.0,11,91,14,7,15,21,1.0,58,116,0,6,0,108,6,3.0,3.0,0.0,7,26.0,2.0,2.0,1.0,39,3,0,0,0,0,651,3
29,8,2025,2025-08-01,9,2,Rio de Janeiro,3304557,Capital,10,0,0,10,0,0.0,10,0,1.0,53,3,2,29,103,33,16,152,88,2,2,0,0,0.0,0,0,0.0,14,258,32,34,17,68,0.0,145,296,0,5,1,170,10,3.0,7.0,0.0,61,17.0,0.0,5.0,0.0,66,1,0,0,0,0,1284,3
30,8,2025,2025-08-01,9,2,Rio de Janeiro,3304557,Capital,1,0,0,1,0,0.0,1,1,0.0,37,2,3,21,47,40,6,93,34,1,2,0,0,0.0,0,0,0.0,15,145,27,9,17,19,1.0,69,142,0,0,0,137,1,0.0,1.0,0.0,4,9.0,0.0,3.0,0.0,66,4,0,0,0,0,770,3
31,8,2025,2025-08-01,41,2,Rio de Janeiro,3304557,Capital,1,0,0,1,1,0.0,2,10,0.0,37,2,0,13,25,32,10,67,78,4,0,0,0,0.0,0,0,0.0,11,160,19,3,4,14,0.0,20,60,0,1,0,92,7,0.0,6.0,1.0,53,26.0,1.0,2.0,2.0,42,8,1,0,0,0,621,3
32,8,2025,2025-08-01,18,2,Rio de Janeiro,3304557,Capital,9,0,0,9,7,0.0,16,26,1.0,123,11,4,72,62,68,10,140,31,1,4,1,0,0.0,0,0,0.0,16,193,29,37,43,90,14.0,217,430,0,17,2,475,12,0.0,12.0,0.0,30,75.0,9.0,20.0,4.0,155,15,2,0,0,0,2207,3
33,8,2025,2025-08-01,14,2,Rio de Janeiro,3304557,Capital,3,0,1,4,4,1.0,9,2,0.0,81,6,4,59,15,46,6,67,30,5,1,1,0,0.0,0,0,0.0,11,115,36,4,6,30,2.0,68,146,0,2,0,96,4,1.0,2.0,1.0,43,34.0,7.0,9.0,3.0,70,5,0,0,0,0,913,3
34,8,2025,2025-08-01,14,2,Rio de Janeiro,3304557,Capital,7,1,0,8,0,0.0,8,4,1.0,109,5,4,51,27,30,4,61,38,10,1,3,0,0.0,0,0,0.0,9,122,38,6,5,25,4.0,119,197,0,2,0,138,32,2.0,15.0,16.0,37,71.0,4.0,17.0,1.0,109,21,1,0,0,0,1174,3
35,8,2025,2025-08-01,40,2,Rio de Janeiro,3304557,Capital,2,0,0,2,0,1.0,3,2,1.0,218,8,10,86,54,72,3,129,56,4,7,1,0,0.0,0,0,0.0,15,212,58,17,18,70,15.0,329,507,0,11,0,408,9,3.0,5.0,1.0,26,78.0,1.0,14.0,1.0,208,25,1,0,0,0,2628,3
36,8,2025,2025-08-01,27,2,Rio de Janeiro,3304557,Capital,5,0,0,5,0,0.0,5,0,2.0,128,13,6,23,43,22,1,66,11,2,0,0,0,0.0,0,1,0.0,6,86,20,7,3,26,6.0,71,133,0,4,0,207,4,2.0,2.0,0.0,14,22.0,2.0,12.0,0.0,126,22,0,0,0,0,1153,3
37,8,2025,2025-08-01,17,1,Rio de Janeiro,3304557,Capital,1,0,0,1,1,0.0,2,3,1.0,47,5,1,28,6,5,2,13,5,0,0,1,0,0.0,0,0,0.0,5,24,17,1,5,20,0.0,63,106,0,6,0,105,62,5.0,3.0,54.0,16,25.0,6.0,10.0,0.0,44,3,0,0,0,0,777,3
38,8,2025,2025-08-01,16,1,Rio de Janeiro,3304557,Capital,2,0,0,2,0,0.0,2,3,0.0,54,11,3,33,19,35,1,55,72,3,1,0,0,0.0,0,0,0.0,16,147,18,4,4,14,0.0,50,90,0,3,0,132,17,0.0,12.0,5.0,25,27.0,4.0,5.0,2.0,41,5,1,0,0,0,832,3
39,8,2025,2025-08-01,41,2,Rio de Janeiro,3304557,Capital,14,0,0,14,0,0.0,14,3,2.0,55,4,4,21,50,37,22,109,111,14,0,0,0,0.0,0,0,0.0,53,287,18,9,7,46,1.0,74,155,0,2,0,160,9,1.0,6.0,2.0,112,24.0,2.0,6.0,4.0,45,4,1,0,0,0,1099,3
40,8,2025,2025-08-01,9,2,Rio de Janeiro,3304557,Capital,2,0,0,2,0,0.0,2,1,0.0,37,1,4,16,37,58,9,104,80,6,0,1,0,0.0,0,0,0.0,37,228,19,6,5,20,1.0,43,94,0,1,0,98,2,0.0,2.0,0.0,24,22.0,0.0,3.0,0.0,39,5,0,0,0,0,676,3
41,8,2025,2025-08-01,18,2,Rio de Janeiro,3304557,Capital,0,0,0,0,1,0.0,1,1,0.0,34,0,0,33,18,25,2,45,6,0,2,0,0,0.0,0,0,0.0,3,56,9,6,16,34,3.0,67,135,0,2,0,148,1,0.0,1.0,0.0,7,22.0,0.0,3.0,0.0,47,3,0,0,0,0,715,3
42,8,2025,2025-08-01,31,2,Rio de Janeiro,3304557,Capital,1,0,0,1,0,0.0,1,0,0.0,72,3,3,36,32,14,1,47,4,0,8,0,0,2.0,0,0,2.0,10,73,39,6,18,47,8.0,129,247,0,3,0,290,14,8.0,3.0,4.0,10,38.0,2.0,13.0,2.0,92,3,2,0,0,0,1219,3
43,8,2025,2025-08-01,27,2,Rio de Janeiro,3304557,Capital,1,0,0,1,0,0.0,1,2,0.0,81,8,2,35,17,30,0,47,7,0,0,1,0,0.0,0,0,0.0,3,58,6,0,3,12,0.0,28,49,0,4,0,128,1,1.0,0.0,0.0,10,21.0,0.0,7.0,0.0,87,7,1,0,0,0,691,3
44,8,2025,2025-08-01,3,1,Rio de Janeiro,3304557,Capital,1,0,0,1,0,0.0,1,1,0.0,49,5,1,15,44,38,4,86,24,0,0,1,0,0.0,0,0,0.0,20,131,17,6,9,40,2.0,78,152,0,3,0,99,11,2.0,5.0,5.0,8,22.0,2.0,13.0,0.0,43,5,1,0,0,0,804,3
48,8,2025,2025-08-01,24,3,Seropédica,3305554,Baixada Fluminense,1,0,0,1,0,0.0,1,0,0.0,31,4,3,18,2,1,0,3,1,2,0,0,0,0.0,0,0,0.0,1,7,9,0,0,5,1.0,27,42,0,2,0,46,0,0.0,0.0,0.0,3,15.0,3.0,5.0,0.0,37,5,1,0,0,0,316,3
50,8,2025,2025-08-01,24,3,Itaguaí,3302007,Baixada Fluminense,4,0,0,4,0,0.0,4,3,0.0,65,6,7,16,9,4,0,13,6,1,2,0,0,0.0,0,0,0.0,2,24,11,2,1,11,0.0,39,64,0,3,0,65,8,6.0,0.0,2.0,7,19.0,0.0,15.0,0.0,46,2,0,0,0,0,449,3
51,8,2025,2025-08-01,24,3,Paracambi,3303609,Baixada Fluminense,2,0,0,2,0,0.0,2,3,0.0,16,1,0,7,0,0,0,0,2,0,1,0,0,0.0,0,0,0.0,2,5,1,0,0,47,1.0,15,64,0,0,0,20,11,5.0,6.0,0.0,0,16.0,0.0,6.0,0.0,13,1,0,0,0,0,196,3
52,8,2025,2025-08-01,20,3,Nova Iguaçu,3303500,Baixada Fluminense,1,0,1,2,0,0.0,2,1,0.0,43,3,1,32,48,73,3,124,43,0,2,2,0,0.0,0,0,0.0,20,191,58,16,1,34,0.0,104,213,0,3,0,197,3,1.0,2.0,0.0,16,59.0,1.0,12.0,0.0,62,10,2,0,0,0,1181,3
53,8,2025,2025-08-01,20,3,Mesquita,3302858,Baixada Fluminense,2,0,0,2,1,0.0,3,2,2.0,62,6,1,22,41,30,4,75,29,2,0,1,0,0.0,0,0,0.0,10,117,29,6,2,8,2.0,44,91,0,2,0,86,18,0.0,12.0,7.0,10,22.0,2.0,5.0,0.0,58,6,1,0,0,0,585,3
54,8,2025,2025-08-01,39,3,Belford Roxo,3300456,Baixada Fluminense,5,0,0,5,1,0.0,6,5,0.0,122,14,4,43,41,65,4,110,83,5,4,1,0,0.0,0,1,0.0,14,218,41,11,2,10,1.0,58,123,0,5,0,172,29,3.0,25.0,1.0,76,81.0,19.0,31.0,1.0,119,14,0,0,0,0,1320,3
55,8,2025,2025-08-01,24,3,Queimados,3304144,Baixada Fluminense,3,0,0,3,0,0.0,3,0,0.0,50,11,0,18,4,5,0,9,4,1,2,1,0,0.0,0,0,1.0,2,20,7,3,0,10,2.0,35,57,0,1,0,96,10,5.0,5.0,0.0,4,34.0,4.0,15.0,0.0,42,9,1,0,0,0,473,3
56,8,2025,2025-08-01,20,3,Nova Iguaçu,3303500,Baixada Fluminense,7,0,0,7,0,0.0,7,8,0.0,110,16,1,28,18,36,3,57,39,1,1,4,0,0.0,0,1,0.0,8,111,22,2,0,12,4.0,47,87,0,3,0,96,4,0.0,3.0,1.0,16,24.0,1.0,9.0,1.0,97,10,1,0,0,0,746,3
57,8,2025,2025-08-01,20,3,Nilópolis,3303203,Baixada Fluminense,1,0,0,1,0,1.0,2,5,0.0,53,1,0,8,26,24,1,51,17,0,1,0,0,0.0,0,1,0.0,3,73,18,8,3,34,2.0,97,162,0,5,0,126,7,2.0,4.0,1.0,12,21.0,4.0,13.0,0.0,57,4,0,0,0,0,766,3
58,8,2025,2025-08-01,20,3,Nova Iguaçu,3303500,Baixada Fluminense,8,0,0,8,0,0.0,8,6,0.0,147,12,5,46,66,65,5,136,46,3,0,1,0,0.0,0,0,0.0,6,192,24,6,2,17,4.0,57,110,0,4,0,186,3,1.0,2.0,0.0,24,40.0,0.0,14.0,0.0,139,8,0,0,0,0,1242,3
59,8,2025,2025-08-01,15,3,Duque de Caxias,3301702,Baixada Fluminense,11,0,0,11,1,0.0,12,8,0.0,119,9,3,34,114,101,5,220,100,37,6,0,0,0.0,1,1,0.0,32,397,55,43,8,34,0.0,194,334,0,0,0,199,9,1.0,7.0,1.0,90,56.0,8.0,20.0,0.0,100,10,0,0,0,0,1799,3
60,8,2025,2025-08-01,15,3,Duque de Caxias,3301702,Baixada Fluminense,1,0,0,1,3,0.0,4,14,1.0,59,8,6,28,23,28,1,52,88,17,2,1,0,0.0,0,0,1.0,19,180,31,2,1,11,1.0,33,79,0,3,0,166,11,0.0,10.0,1.0,34,45.0,4.0,11.0,0.0,66,10,1,0,0,0,863,3
61,8,2025,2025-08-01,15,3,Duque de Caxias,3301702,Baixada Fluminense,3,0,0,3,0,0.0,3,0,1.0,19,5,0,3,2,5,0,7,3,2,0,1,0,0.0,0,0,0.0,0,13,0,0,0,0,0.0,11,11,0,2,0,35,0,0.0,0.0,0.0,3,14.0,0.0,7.0,0.0,24,2,0,0,0,0,168,3
62,8,2025,2025-08-01,15,3,Duque de Caxias,3301702,Baixada Fluminense,5,0,0,5,0,0.0,5,0,0.0,37,1,2,15,12,8,1,21,38,2,0,0,0,0.0,0,0,0.0,10,71,17,3,3,8,2.0,27,60,0,0,0,89,3,0.0,3.0,0.0,9,16.0,1.0,2.0,1.0,38,4,1,0,0,0,431,3
63,8,2025,2025-08-01,24,3,Japeri,3302270,Baixada Fluminense,0,0,0,0,3,0.0,3,3,0.0,37,2,0,6,5,1,0,6,2,0,1,2,0,1.0,0,0,0.0,4,16,1,0,1,1,0.0,17,20,0,0,1,37,11,6.0,4.0,1.0,11,19.0,2.0,5.0,1.0,30,3,0,0,0,0,256,3
64,8,2025,2025-08-01,21,3,São João de Meriti,3305109,Baixada Fluminense,7,0,0,7,2,0.0,9,13,0.0,128,9,3,49,68,131,15,214,129,14,4,1,0,0.0,0,2,1.0,60,425,65,8,4,45,2.0,183,307,0,0,0,353,21,1.0,16.0,4.0,62,70.0,6.0,23.0,0.0,168,17,2,0,0,0,2038,3
65,8,2025,2025-08-01,34,3,Magé,3302502,Baixada Fluminense,1,0,0,1,0,0.0,1,2,0.0,24,2,3,7,0,0,0,0,3,0,3,1,0,0.0,0,0,0.0,3,10,7,2,2,3,2.0,33,49,0,0,0,41,16,4.0,12.0,1.0,5,21.0,1.0,5.0,0.0,40,2,0,0,0,0,278,3
66,8,2025,2025-08-01,34,3,Magé,3302502,Baixada Fluminense,3,0,0,3,0,0.0,3,3,0.0,69,3,0,26,9,6,0,15,4,0,2,0,0,0.0,0,1,0.0,2,24,14,6,0,14,1.0,64,99,0,1,0,105,7,6.0,1.0,0.0,8,25.0,0.0,11.0,0.0,82,4,0,0,0,0,631,3
67,8,2025,2025-08-01,34,3,Guapimirim,3301850,Baixada Fluminense,1,0,0,1,0,0.0,1,5,0.0,29,0,4,5,1,0,0,1,2,0,1,1,0,0.0,0,0,0.0,3,8,3,0,0,2,0.0,15,20,0,2,0,46,11,7.0,4.0,0.0,2,12.0,0.0,10.0,0.0,26,1,0,0,0,0,266,3
1,9,2025,2025-09-01,5,1,Rio de Janeiro,3304557,Capital,0,0,0,0,0,0.0,0,0,0.0,7,1,0,6,34,20,2,56,0,2,2,0,0,0.0,0,0,0.0,8,68,3,74,31,93,0.0,103,294,0,3,1,139,4,3.0,1.0,0.0,1,25.0,1.0,4.0,2.0,14,2,0,0,0,0,761,3
4,9,2025,2025-09-01,5,1,Rio de Janeiro,3304557,Capital,0,0,0,0,0,0.0,0,0,0.0,21,2,0,12,22,25,2,49,4,3,0,0,0,0.0,0,0,0.0,16,72,13,41,18,113,0.0,89,253,0,1,0,50,14,5.0,9.0,0.0,0,43.0,5.0,13.0,2.0,14,10,0,0,1,0,714,3
5,9,2025,2025-09-01,5,1,Rio de Janeiro,3304557,Capital,0,0,0,0,0,0.0,0,3,0.0,55,3,0,10,52,43,1,96,6,1,2,1,0,0.0,0,0,1.0,16,123,15,68,8,324,6.0,197,613,0,6,0,166,14,2.0,11.0,1.0,0,40.0,12.0,11.0,4.0,55,6,1,0,0,0,1370,3
6,9,2025,2025-09-01,4,1,Rio de Janeiro,3304557,Capital,1,0,0,1,0,0.0,1,0,0.0,24,2,2,42,16,18,3,37,11,0,0,0,0,0.0,0,0,0.0,6,54,10,16,20,84,3.0,83,215,0,3,0,56,4,0.0,4.0,0.0,11,17.0,8.0,7.0,4.0,24,2,1,0,0,0,604,3
7,9,2025,2025-09-01,5,1,Rio de Janeiro,3304557,Capital,0,0,0,0,0,0.0,0,0,0.0,8,0,0,4,13,11,0,24,0,0,0,1,0,0.0,0,0,0.0,4,29,6,3,2,7,1.0,42,59,0,1,0,37,6,1.0,4.0,2.0,1,10.0,1.0,1.0,0.0,10,2,1,0,0,0,242,3
9,9,2025,2025-09-01,2,1,Rio de Janeiro,3304557,Capital,0,0,0,0,0,0.0,0,1,0.0,38,1,2,19,42,40,5,87,5,0,4,0,0,0.0,0,0,5.0,9,110,18,66,16,136,17.0,153,401,0,2,0,157,6,3.0,2.0,1.0,4,19.0,9.0,4.0,1.0,38,1,0,0,0,0,1132,3
10,9,2025,2025-09-01,2,1,Rio de Janeiro,3304557,Capital,0,0,0,0,0,0.0,0,0,0.0,27,4,0,32,34,36,3,73,4,1,3,0,0,0.0,0,0,1.0,12,94,14,32,35,141,18.0,209,445,0,7,0,124,12,9.0,4.0,0.0,4,25.0,13.0,10.0,6.0,30,2,0,0,0,0,1109,3
11,9,2025,2025-09-01,23,1,Rio de Janeiro,3304557,Capital,1,0,0,1,0,0.0,1,0,0.0,5,1,0,0,0,0,1,1,0,0,0,0,0,0.0,0,0,0.0,0,1,0,2,1,1,0.0,7,11,0,1,0,22,2,2.0,0.0,0.0,0,0.0,0.0,0.0,0.0,4,2,0,0,0,0,94,3
12,9,2025,2025-09-01,19,1,Rio de Janeiro,3304557,Capital,1,0,0,1,0,0.0,1,0,0.0,30,5,0,10,11,11,0,22,1,0,2,1,0,0.0,0,0,0.0,4,30,16,49,14,132,11.0,198,420,0,5,0,219,6,3.0,2.0,1.0,0,33.0,8.0,10.0,3.0,43,4,0,0,0,0,1104,3
13,9,2025,2025-09-01,19,1,Rio de Janeiro,3304557,Capital,1,0,1,2,0,0.0,2,0,0.0,17,0,2,7,10,4,0,14,0,0,4,1,0,0.0,0,0,0.0,1,20,7,15,3,53,9.0,124,211,0,2,0,76,1,0.0,1.0,0.0,1,15.0,2.0,2.0,1.0,19,2,0,0,0,0,533,3
14,9,2025,2025-09-01,23,1,Rio de Janeiro,3304557,Capital,0,0,0,0,0,0.0,0,1,0.0,17,3,0,14,12,15,1,28,0,0,2,0,0,0.0,0,1,0.0,3,34,26,45,5,206,34.0,268,567,0,2,0,193,3,2.0,1.0,0.0,1,15.0,1.0,3.0,0.0,22,8,1,0,0,0,1144,3
15,9,2025,2025-09-01,23,1,Rio de Janeiro,3304557,Capital,0,0,0,0,0,0.0,0,1,0.0,12,0,0,13,9,5,2,16,1,0,1,0,0,0.0,0,0,1.0,5,24,5,15,14,84,6.0,87,210,0,1,0,126,5,3.0,2.0,0.0,2,20.0,2.0,5.0,2.0,24,5,2,0,0,0,676,3
16,9,2025,2025-09-01,31,2,Rio de Janeiro,3304557,Capital,5,0,0,5,1,1.0,7,3,2.0,59,6,5,52,48,45,5,98,8,0,5,0,0,0.0,0,0,1.0,27,139,31,18,29,153,10.0,281,521,0,4,0,467,16,11.0,5.0,1.0,5,48.0,20.0,19.0,12.0,92,5,1,0,0,0,2030,3
17,9,2025,2025-09-01,4,1,Rio de Janeiro,3304557,Capital,0,0,0,0,0,0.0,0,1,0.0,29,3,4,34,29,57,4,90,6,1,3,0,0,0.0,0,0,0.0,22,122,21,20,17,140,5.0,109,311,0,3,0,77,7,2.0,5.0,1.0,16,36.0,3.0,11.0,3.0,28,4,2,0,0,0,901,3
18,9,2025,2025-09-01,6,1,Rio de Janeiro,3304557,Capital,0,0,0,0,0,0.0,0,3,0.0,44,0,0,38,38,120,6,164,14,0,14,0,0,0.0,0,0,0.0,24,216,11,27,26,299,2.0,184,545,0,4,0,92,2,0.0,1.0,1.0,2,37.0,7.0,3.0,4.0,47,4,0,0,0,0,1311,3
19,9,2025,2025-09-01,6,1,Rio de Janeiro,3304557,Capital,1,0,0,1,0,0.0,1,0,0.0,29,6,0,16,49,49,1,99,12,0,13,0,0,0.0,0,1,1.0,30,156,12,25,28,83,2.0,213,362,0,8,0,156,3,2.0,0.0,1.0,4,24.0,4.0,12.0,3.0,40,1,0,0,0,0,1140,3
20,9,2025,2025-09-01,6,1,Rio de Janeiro,3304557,Capital,0,0,0,0,0,0.0,0,1,0.0,24,2,3,18,33,21,2,56,11,0,4,0,0,0.0,0,0,2.0,18,91,8,10,29,45,4.0,128,223,0,5,0,140,4,2.0,2.0,0.0,6,17.0,2.0,2.0,2.0,36,1,0,0,0,0,871,3
21,9,2025,2025-09-01,22,1,Rio de Janeiro,3304557,Capital,2,0,1,3,2,1.0,6,5,0.0,62,7,3,50,35,70,32,137,39,10,3,1,0,0.0,0,2,0.0,41,233,28,8,34,86,0.0,175,330,0,5,0,237,35,1.0,23.0,11.0,89,66.0,5.0,54.0,4.0,65,7,1,0,0,0,1589,3
22,9,2025,2025-09-01,16,1,Rio de Janeiro,3304557,Capital,0,0,0,0,1,1.0,2,1,0.0,39,3,4,30,21,21,9,51,11,5,4,0,0,0.0,0,0,0.0,9,80,21,7,8,26,2.0,97,158,0,5,0,112,8,0.0,6.0,2.0,16,30.0,0.0,1.0,2.0,51,6,0,0,0,0,820,3
23,9,2025,2025-09-01,3,1,Rio de Janeiro,3304557,Capital,1,0,0,1,0,0.0,1,0,0.0,15,2,1,16,18,39,3,60,16,0,0,1,0,0.0,0,0,0.0,6,83,16,8,9,20,1.0,99,153,0,6,0,87,2,0.0,2.0,0.0,5,8.0,5.0,3.0,3.0,21,4,0,0,0,0,629,3
24,9,2025,2025-09-01,3,1,Rio de Janeiro,3304557,Capital,1,0,0,1,0,1.0,2,0,1.0,32,2,1,24,36,53,2,91,79,0,3,0,0,0.0,0,0,0.0,19,192,26,15,19,111,0.0,95,265,0,4,0,90,3,3.0,0.0,0.0,10,19.0,3.0,2.0,0.0,50,4,0,0,0,0,885,3
25,9,2025,2025-09-01,3,1,Rio de Janeiro,3304557,Capital,2,0,0,2,1,0.0,3,1,0.0,27,3,0,24,33,46,8,87,27,0,2,0,0,0.0,0,0,0.0,34,150,15,5,32,53,1.0,81,178,0,1,1,90,9,2.0,7.0,0.0,24,24.0,0.0,20.0,4.0,26,2,0,0,0,0,830,3
26,9,2025,2025-09-01,3,1,Rio de Janeiro,3304557,Capital,2,0,0,2,2,0.0,4,0,0.0,31,3,1,12,35,39,2,76,13,0,4,0,0,0.0,0,0,1.0,14,108,14,8,9,70,0.0,77,177,0,1,0,101,9,3.0,4.0,2.0,6,20.0,0.0,2.0,1.0,45,1,0,0,0,0,696,3
27,9,2025,2025-09-01,41,2,Rio de Janeiro,3304557,Capital,4,0,0,4,0,0.0,4,0,0.0,54,6,2,23,48,60,9,117,89,8,7,0,0,0.0,0,0,0.0,33,254,48,6,8,20,3.0,128,210,0,3,0,184,4,1.0,1.0,2.0,34,43.0,2.0,12.0,2.0,62,6,1,0,0,0,1189,3
28,9,2025,2025-09-01,18,2,Rio de Janeiro,3304557,Capital,3,0,0,3,2,0.0,5,2,0.0,25,1,2,16,27,26,0,53,32,0,4,2,0,0.0,0,0,0.0,10,101,8,4,13,26,3.0,55,108,0,3,0,120,2,0.0,2.0,0.0,9,18.0,0.0,1.0,0.0,32,5,0,0,0,0,675,3
29,9,2025,2025-09-01,9,2,Rio de Janeiro,3304557,Capital,0,0,0,0,3,0.0,3,2,0.0,46,4,3,34,92,63,16,171,127,4,2,0,0,0.0,0,1,0.0,27,332,30,51,37,59,3.0,163,337,0,6,0,193,6,1.0,2.0,3.0,83,25.0,8.0,10.0,0.0,62,6,0,0,0,0,1436,3
30,9,2025,2025-09-01,9,2,Rio de Janeiro,3304557,Capital,4,0,1,5,0,0.0,5,4,0.0,43,3,2,27,40,43,1,84,44,1,3,0,0,0.0,0,0,1.0,19,152,21,8,6,29,1.0,62,122,0,2,0,146,2,1.0,0.0,1.0,11,12.0,2.0,9.0,0.0,68,7,0,0,0,0,819,3
31,9,2025,2025-09-01,41,2,Rio de Janeiro,3304557,Capital,5,0,0,5,0,0.0,5,1,0.0,57,0,1,14,22,47,2,71,56,4,0,2,0,0.0,0,0,0.0,13,146,29,2,5,17,0.0,29,82,0,2,0,100,4,0.0,3.0,1.0,39,9.0,3.0,1.0,1.0,29,2,0,0,0,0,605,3
32,9,2025,2025-09-01,18,2,Rio de Janeiro,3304557,Capital,14,0,1,15,3,0.0,18,10,0.0,109,15,2,81,58,45,17,120,67,3,7,2,0,0.0,0,1,0.0,29,229,30,19,43,104,13.0,212,413,0,15,1,470,15,6.0,10.0,0.0,63,60.0,0.0,17.0,3.0,170,11,0,0,0,0,2375,3
33,9,2025,2025-09-01,14,2,Rio de Janeiro,3304557,Capital,5,1,0,6,0,0.0,6,4,0.0,73,4,3,68,22,37,0,59,48,4,1,0,0,0.0,0,0,1.0,13,126,34,5,5,21,2.0,48,112,0,2,0,101,8,1.0,6.0,1.0,36,44.0,2.0,9.0,1.0,75,8,1,0,0,0,942,3
34,9,2025,2025-09-01,14,2,Rio de Janeiro,3304557,Capital,7,0,0,7,6,0.0,13,15,0.0,116,8,2,32,47,48,9,104,35,9,4,0,0,0.0,1,0,1.0,15,169,24,8,4,19,2.0,68,125,0,4,0,142,31,2.0,12.0,17.0,51,80.0,5.0,44.0,0.0,66,9,0,0,0,0,1124,3
35,9,2025,2025-09-01,40,2,Rio de Janeiro,3304557,Capital,3,0,0,3,1,0.0,4,1,0.0,206,20,12,77,57,54,5,116,53,7,8,2,0,0.0,0,1,0.0,24,211,69,13,14,69,6.0,307,478,0,9,0,362,8,5.0,3.0,0.0,33,118.0,4.0,23.0,1.0,221,22,1,0,0,0,2567,3
36,9,2025,2025-09-01,27,2,Rio de Janeiro,3304557,Capital,5,0,0,5,0,0.0,5,3,1.0,139,18,5,30,19,20,2,41,12,3,0,1,0,0.0,0,1,0.0,2,60,22,10,8,21,5.0,74,134,0,6,0,184,2,2.0,0.0,0.0,19,30.0,0.0,13.0,0.0,130,22,1,0,0,0,1162,3
37,9,2025,2025-09-01,17,1,Rio de Janeiro,3304557,Capital,3,0,0,3,1,0.0,4,4,0.0,68,2,2,32,6,4,1,11,6,0,1,0,0,0.0,0,0,0.0,4,22,18,3,5,29,4.0,83,142,0,1,0,119,45,1.0,7.0,37.0,15,32.0,2.0,10.0,0.0,51,3,0,0,0,0,848,3
38,9,2025,2025-09-01,16,1,Rio de Janeiro,3304557,Capital,1,0,0,1,0,0.0,1,4,0.0,25,6,3,24,26,35,6,67,55,3,1,0,0,0.0,0,0,0.0,19,145,15,6,9,15,1.0,71,115,0,5,0,151,8,2.0,6.0,0.0,36,20.0,6.0,12.0,5.0,40,5,0,0,0,0,831,3
39,9,2025,2025-09-01,41,2,Rio de Janeiro,3304557,Capital,13,0,0,13,2,0.0,15,1,0.0,57,10,0,28,55,35,27,117,76,4,0,0,0,0.0,0,0,0.0,34,231,18,5,6,19,2.0,83,130,0,1,0,145,10,0.0,8.0,2.0,95,25.0,0.0,9.0,2.0,63,12,0,0,1,0,1006,3
40,9,2025,2025-09-01,9,2,Rio de Janeiro,3304557,Capital,1,0,0,1,1,0.0,2,0,0.0,37,3,0,5,44,78,9,131,78,3,3,1,0,0.0,0,0,0.0,29,245,17,8,4,18,2.0,62,110,0,5,0,91,4,0.0,2.0,2.0,23,22.0,2.0,4.0,2.0,27,5,0,0,0,0,701,3
41,9,2025,2025-09-01,18,2,Rio de Janeiro,3304557,Capital,0,0,0,0,1,0.0,1,1,0.0,29,2,0,28,17,22,0,39,14,0,4,0,0,0.0,0,0,0.0,3,60,13,2,15,21,3.0,83,136,0,1,0,157,5,0.0,4.0,1.0,7,34.0,1.0,5.0,0.0,38,3,0,0,0,0,712,3
42,9,2025,2025-09-01,31,2,Rio de Janeiro,3304557,Capital,8,0,0,8,0,0.0,8,1,0.0,72,4,1,49,33,22,5,60,21,2,6,0,0,0.0,0,0,0.0,15,104,48,14,19,67,7.0,132,283,0,6,0,307,39,27.0,5.0,7.0,10,34.0,8.0,12.0,0.0,76,3,0,0,0,0,1335,3
43,9,2025,2025-09-01,27,2,Rio de Janeiro,3304557,Capital,4,0,0,4,0,0.0,4,1,0.0,88,12,3,36,15,27,1,43,5,1,0,0,0,0.0,0,0,0.0,5,54,11,4,2,13,1.0,39,70,0,4,0,113,5,0.0,5.0,0.0,16,19.0,3.0,13.0,3.0,121,10,1,0,0,0,699,3
44,9,2025,2025-09-01,3,1,Rio de Janeiro,3304557,Capital,2,0,0,2,0,0.0,2,0,0.0,25,1,3,17,44,32,6,82,42,4,2,4,0,0.0,0,0,0.0,18,152,23,14,8,25,0.0,80,148,0,0,2,88,12,3.0,8.0,1.0,10,33.0,2.0,8.0,0.0,29,4,0,0,0,0,802,3
48,9,2025,2025-09-01,24,3,Seropédica,3305554,Baixada Fluminense,1,0,0,1,0,0.0,1,2,0.0,22,8,4,7,1,2,0,3,4,1,1,1,0,0.0,0,0,0.0,1,11,3,0,0,6,2.0,19,30,0,0,1,33,4,2.0,2.0,0.0,5,15.0,0.0,5.0,0.0,30,4,0,0,0,0,293,3
50,9,2025,2025-09-01,24,3,Itaguaí,3302007,Baixada Fluminense,1,0,0,1,0,0.0,1,1,0.0,39,6,5,14,7,2,0,9,1,0,0,0,0,0.0,0,0,0.0,2,12,14,2,1,2,4.0,53,76,0,4,0,72,8,6.0,4.0,0.0,10,7.0,1.0,9.0,1.0,45,7,1,0,0,0,464,3
51,9,2025,2025-09-01,24,3,Paracambi,3303609,Baixada Fluminense,0,0,0,0,0,0.0,0,2,0.0,26,1,1,7,1,0,0,1,0,0,0,0,0,0.0,0,0,0.0,0,1,5,0,0,0,0.0,11,16,0,1,0,22,29,23.0,3.0,3.0,2,9.0,1.0,6.0,0.0,26,1,0,0,0,0,183,3
52,9,2025,2025-09-01,20,3,Nova Iguaçu,3303500,Baixada Fluminense,0,0,0,0,0,0.0,0,0,0.0,87,8,2,47,38,56,6,100,54,2,5,0,0,0.0,1,1,1.0,12,176,59,15,3,38,3.0,137,255,0,5,0,157,5,4.0,1.0,0.0,16,48.0,5.0,21.0,0.0,105,11,1,0,0,0,1236,3
53,9,2025,2025-09-01,20,3,Mesquita,3302858,Baixada Fluminense,3,0,0,3,1,0.0,4,1,0.0,63,7,1,15,68,24,0,92,18,6,2,0,0,0.0,0,0,0.0,5,123,20,7,3,12,2.0,44,87,0,6,0,91,16,2.0,11.0,3.0,13,43.0,1.0,7.0,1.0,77,5,0,0,0,0,688,3
54,9,2025,2025-09-01,39,3,Belford Roxo,3300456,Baixada Fluminense,8,0,0,8,1,0.0,9,7,0.0,154,23,2,40,66,61,6,133,52,4,5,2,0,1.0,0,0,0.0,19,216,33,5,1,11,1.0,62,112,0,8,4,236,29,3.0,24.0,2.0,40,67.0,11.0,31.0,0.0,169,8,0,0,0,0,1453,3
55,9,2025,2025-09-01,24,3,Queimados,3304144,Baixada Fluminense,2,0,0,2,2,0.0,4,2,0.0,54,14,1,19,12,11,2,25,3,0,0,1,0,0.0,0,0,0.0,0,29,5,6,1,7,3.0,43,65,0,4,0,83,9,3.0,4.0,2.0,13,32.0,0.0,14.0,0.0,63,6,0,0,0,0,528,3
56,9,2025,2025-09-01,20,3,Nova Iguaçu,3303500,Baixada Fluminense,9,0,0,9,0,0.0,9,2,1.0,93,11,0,20,35,40,3,78,38,0,1,1,0,0.0,0,0,0.0,4,122,19,5,0,13,2.0,58,97,0,2,0,132,10,1.0,10.0,0.0,10,43.0,3.0,14.0,1.0,104,8,0,0,0,0,794,3
57,9,2025,2025-09-01,20,3,Nilópolis,3303203,Baixada Fluminense,1,0,0,1,0,0.0,1,0,0.0,49,2,1,13,26,28,1,55,19,0,2,0,0,0.0,0,1,0.0,11,88,30,6,2,39,3.0,88,168,0,3,0,127,6,2.0,3.0,1.0,15,20.0,2.0,11.0,0.0,80,3,0,0,0,0,792,3
58,9,2025,2025-09-01,20,3,Nova Iguaçu,3303500,Baixada Fluminense,6,0,0,6,1,0.0,7,11,0.0,142,13,9,45,50,69,0,119,41,5,3,6,0,0.0,0,1,1.0,13,189,25,2,2,15,2.0,61,105,0,5,0,199,8,4.0,4.0,0.0,14,36.0,0.0,18.0,0.0,150,16,1,0,0,0,1260,3
59,9,2025,2025-09-01,15,3,Duque de Caxias,3301702,Baixada Fluminense,4,0,0,4,5,0.0,9,17,0.0,130,10,1,42,116,109,7,232,72,20,11,1,0,0.0,1,1,0.0,27,365,54,39,9,39,0.0,198,337,0,5,0,218,17,3.0,14.0,0.0,70,64.0,3.0,25.0,0.0,155,10,1,1,0,0,1857,3
60,9,2025,2025-09-01,15,3,Duque de Caxias,3301702,Baixada Fluminense,4,0,1,5,1,0.0,6,8,0.0,68,7,4,32,35,30,5,70,94,18,4,2,0,0.0,0,0,0.0,25,213,12,4,3,8,1.0,41,69,0,5,0,175,8,0.0,8.0,0.0,33,28.0,3.0,16.0,1.0,101,13,0,0,0,0,1004,3
61,9,2025,2025-09-01,15,3,Duque de Caxias,3301702,Baixada Fluminense,2,0,0,2,0,0.0,2,3,0.0,14,3,1,6,0,0,0,0,6,1,0,0,0,0.0,0,0,0.0,1,8,5,0,0,2,1.0,7,15,0,1,0,24,3,3.0,0.0,0.0,5,4.0,0.0,3.0,0.0,25,2,0,0,0,0,161,3
62,9,2025,2025-09-01,15,3,Duque de Caxias,3301702,Baixada Fluminense,2,0,0,2,0,0.0,2,2,0.0,39,5,1,12,21,13,0,34,51,7,1,1,0,0.0,0,0,0.0,4,98,13,2,2,6,2.0,31,56,0,1,0,63,7,0.0,6.0,1.0,13,27.0,0.0,5.0,0.0,44,6,1,0,0,0,460,3
63,9,2025,2025-09-01,24,3,Japeri,3302270,Baixada Fluminense,4,0,0,4,0,0.0,4,3,0.0,32,3,2,4,4,0,0,4,5,1,0,0,0,0.0,0,0,0.0,0,10,2,2,0,3,0.0,16,22,0,2,0,46,12,1.0,8.0,3.0,10,22.0,0.0,16.0,1.0,25,2,1,0,0,0,271,3
64,9,2025,2025-09-01,21,3,São João de Meriti,3305109,Baixada Fluminense,5,0,1,6,4,1.0,11,33,1.0,133,8,2,69,66,55,12,133,69,23,3,2,0,0.0,0,0,1.0,49,280,76,10,0,45,1.0,136,268,0,3,0,320,34,0.0,29.0,5.0,60,98.0,3.0,23.0,1.0,158,12,2,0,0,0,1814,3
65,9,2025,2025-09-01,34,3,Magé,3302502,Baixada Fluminense,1,0,0,1,0,0.0,1,5,2.0,44,2,1,6,8,2,0,10,6,2,2,0,0,0.0,0,0,0.0,1,21,7,5,0,5,3.0,32,52,0,0,0,45,20,4.0,13.0,3.0,0,29.0,0.0,4.0,0.0,35,3,1,0,0,0,324,3
66,9,2025,2025-09-01,34,3,Magé,3302502,Baixada Fluminense,0,0,0,0,0,0.0,0,4,1.0,80,2,1,23,9,1,0,10,9,0,1,2,0,0.0,0,0,0.0,2,24,9,5,3,9,4.0,50,80,0,2,0,115,23,19.0,4.0,0.0,5,20.0,3.0,10.0,0.0,111,9,0,0,0,0,616,3
67,9,2025,2025-09-01,34,3,Guapimirim,3301850,Baixada Fluminense,2,0,0,2,0,0.0,2,1,0.0,39,3,3,19,1,0,0,1,1,0,0,0,0,0.0,0,0,0.0,0,2,3,0,0,9,1.0,17,30,0,2,0,43,17,13.0,0.0,4.0,1,4.0,0.0,6.0,0.0,42,1,0,0,0,0,306,3
1,10,2025,2025-10-01,5,1,Rio de Janeiro,3304557,Capital,0,0,0,0,0,0.0,0,0,0.0,9,1,0,1,58,33,1,92,0,2,1,0,0,0.0,0,0,1.0,7,103,2,61,43,86,6.0,100,289,0,1,0,127,3,0.0,3.0,0.0,0,28.0,2.0,15.0,0.0,13,2,0,0,0,0,787,3
4,10,2025,2025-10-01,5,1,Rio de Janeiro,3304557,Capital,2,0,0,2,1,0.0,3,0,0.0,28,2,3,9,20,26,0,46,4,3,1,0,0,0.0,0,0,0.0,2,56,7,33,18,112,4.0,73,227,0,0,0,41,2,1.0,1.0,0.0,4,24.0,3.0,12.0,1.0,14,4,0,0,0,0,647,3
5,10,2025,2025-10-01,5,1,Rio de Janeiro,3304557,Capital,0,0,0,0,0,0.0,0,0,1.0,46,3,0,16,66,53,7,126,7,4,0,1,0,0.0,0,0,0.0,14,152,6,52,8,299,19.0,218,600,0,4,0,174,9,3.0,6.0,0.0,4,39.0,12.0,21.0,11.0,41,5,0,0,0,0,1407,3
6,10,2025,2025-10-01,4,1,Rio de Janeiro,3304557,Capital,1,0,0,1,0,0.0,1,0,0.0,29,2,0,38,16,18,6,40,6,0,1,0,0,0.0,0,0,0.0,3,50,8,13,15,64,0.0,72,171,0,3,0,45,4,2.0,2.0,0.0,14,20.0,1.0,8.0,1.0,18,4,0,0,0,0,555,3
7,10,2025,2025-10-01,5,1,Rio de Janeiro,3304557,Capital,0,0,0,0,0,0.0,0,2,0.0,8,1,0,2,8,5,1,14,4,0,0,1,0,0.0,0,0,0.0,4,23,10,4,4,15,0.0,35,68,0,0,1,31,4,1.0,3.0,1.0,1,4.0,0.0,0.0,0.0,16,0,0,0,0,0,238,3
9,10,2025,2025-10-01,2,1,Rio de Janeiro,3304557,Capital,0,0,0,0,0,0.0,0,0,0.0,26,2,1,20,47,51,4,102,3,0,0,1,0,0.0,0,0,5.0,8,119,25,66,24,131,17.0,134,391,0,3,0,143,3,1.0,1.0,1.0,1,17.0,13.0,2.0,2.0,24,3,0,0,0,0,1151,3
10,10,2025,2025-10-01,2,1,Rio de Janeiro,3304557,Capital,1,0,0,1,0,0.0,1,0,0.0,25,2,0,39,27,14,1,42,4,0,3,0,0,0.0,0,0,1.0,11,61,15,21,29,109,16.0,152,339,0,8,0,94,8,4.0,4.0,0.0,4,25.0,1.0,4.0,0.0,36,3,0,0,0,0,927,3
11,10,2025,2025-10-01,23,1,Rio de Janeiro,3304557,Capital,1,0,0,1,0,0.0,1,1,0.0,4,0,0,1,0,1,0,1,0,0,1,0,0,0.0,0,0,0.0,0,2,1,0,2,1,0.0,3,7,0,2,0,21,1,0.0,1.0,0.0,0,2.0,0.0,0.0,1.0,7,4,0,0,0,0,103,3
12,10,2025,2025-10-01,19,1,Rio de Janeiro,3304557,Capital,0,0,0,0,0,0.0,0,0,0.0,39,1,0,6,15,4,3,22,1,0,5,1,0,0.0,0,0,0.0,2,31,18,36,14,119,20.0,219,426,0,5,0,240,5,2.0,2.0,1.0,2,19.0,4.0,11.0,4.0,42,5,0,0,0,0,1128,3
13,10,2025,2025-10-01,19,1,Rio de Janeiro,3304557,Capital,0,0,0,0,0,0.0,0,0,0.0,24,0,0,11,14,4,0,18,0,0,3,0,0,0.0,0,0,0.0,3,24,9,14,2,45,11.0,113,193,0,2,0,86,3,1.0,2.0,0.0,0,16.0,0.0,3.0,1.0,16,1,0,0,0,0,552,3
14,10,2025,2025-10-01,23,1,Rio de Janeiro,3304557,Capital,0,0,0,0,0,0.0,0,1,0.0,22,4,2,12,15,25,0,40,0,1,5,0,0,0.0,0,1,1.0,2,50,7,49,6,247,29.0,214,534,0,8,0,231,5,2.0,2.0,1.0,4,37.0,11.0,8.0,4.0,30,7,0,0,0,0,1249,3
15,10,2025,2025-10-01,23,1,Rio de Janeiro,3304557,Capital,0,0,0,0,0,0.0,0,0,0.0,20,3,1,8,12,10,1,23,3,0,5,0,0,0.0,0,0,1.0,4,36,5,22,26,60,7.0,108,226,0,1,0,139,3,2.0,1.0,0.0,5,14.0,1.0,4.0,3.0,11,2,0,0,0,0,716,3
16,10,2025,2025-10-01,31,2,Rio de Janeiro,3304557,Capital,1,0,0,1,0,0.0,1,2,0.0,56,5,1,65,46,36,12,94,9,1,14,0,0,0.0,0,2,0.0,40,160,25,18,56,276,3.0,252,630,0,18,0,435,7,3.0,4.0,0.0,7,48.0,23.0,14.0,8.0,69,6,0,0,0,0,2111,3
17,10,2025,2025-10-01,4,1,Rio de Janeiro,3304557,Capital,0,0,0,0,0,0.0,0,0,0.0,35,0,2,37,26,37,2,65,6,2,5,0,0,0.0,2,0,1.0,19,100,23,18,19,129,2.0,99,289,0,3,0,108,9,5.0,3.0,1.0,9,23.0,2.0,3.0,2.0,32,4,0,0,0,0,903,3
18,10,2025,2025-10-01,6,1,Rio de Janeiro,3304557,Capital,0,0,0,0,0,0.0,0,4,0.0,30,3,0,35,33,117,7,157,23,1,2,0,0,0.0,0,0,0.0,12,195,12,33,19,353,9.0,152,578,0,6,0,77,4,3.0,0.0,1.0,3,33.0,6.0,2.0,1.0,20,0,0,0,0,0,1323,3
19,10,2025,2025-10-01,6,1,Rio de Janeiro,3304557,Capital,1,0,0,1,0,0.0,1,2,0.0,26,1,1,7,52,48,6,106,14,0,7,1,0,0.0,0,0,0.0,32,160,11,40,43,83,3.0,173,352,0,7,0,171,3,0.0,3.0,0.0,3,33.0,4.0,5.0,2.0,34,0,0,0,0,0,1145,3
20,10,2025,2025-10-01,6,1,Rio de Janeiro,3304557,Capital,1,0,0,1,0,0.0,1,0,0.0,32,1,0,12,31,48,1,80,11,0,3,1,0,0.0,0,0,0.0,20,115,11,8,18,59,2.0,119,216,0,8,0,126,3,2.0,1.0,0.0,12,19.0,8.0,4.0,1.0,42,2,0,0,0,0,899,3
21,10,2025,2025-10-01,22,1,Rio de Janeiro,3304557,Capital,10,0,0,10,2,0.0,12,6,0.0,45,7,3,53,30,63,16,109,25,12,3,0,0,0.0,0,2,0.0,20,171,16,10,54,68,0.0,146,294,0,5,0,198,22,4.0,13.0,5.0,97,60.0,5.0,21.0,4.0,61,11,2,0,0,0,1473,3
22,10,2025,2025-10-01,16,1,Rio de Janeiro,3304557,Capital,4,0,0,4,118,0.0,122,10,0.0,42,6,3,21,20,22,1,43,28,14,1,1,0,0.0,0,1,0.0,10,98,34,7,5,20,1.0,97,162,0,7,0,99,28,1.0,20.0,7.0,30,91.0,8.0,21.0,1.0,43,5,0,0,2,2,910,3
23,10,2025,2025-10-01,3,1,Rio de Janeiro,3304557,Capital,1,0,0,1,0,0.0,1,2,0.0,24,2,1,8,18,49,1,68,9,1,2,1,0,0.0,0,0,0.0,10,91,8,6,8,21,0.0,82,124,0,2,0,93,0,0.0,0.0,0.0,3,27.0,7.0,4.0,1.0,19,1,0,0,0,0,611,3
24,10,2025,2025-10-01,3,1,Rio de Janeiro,3304557,Capital,0,0,0,0,0,0.0,0,4,0.0,55,1,1,42,40,33,2,75,30,0,2,0,0,0.0,0,1,0.0,7,115,17,8,8,40,0.0,73,144,0,2,0,97,0,0.0,0.0,0.0,7,27.0,0.0,2.0,0.0,41,7,0,0,0,0,684,3
25,10,2025,2025-10-01,3,1,Rio de Janeiro,3304557,Capital,0,0,0,0,0,0.0,0,1,0.0,30,1,0,18,28,36,3,67,18,0,1,1,0,0.0,0,0,0.0,17,104,11,9,26,80,2.0,74,193,0,3,0,96,7,1.0,5.0,1.0,27,33.0,2.0,16.0,1.0,32,5,2,0,0,0,794,3
26,10,2025,2025-10-01,3,1,Rio de Janeiro,3304557,Capital,1,0,0,1,0,0.0,1,3,0.0,26,4,1,20,26,42,4,72,9,1,5,0,0,0.0,0,0,0.0,6,93,7,9,13,48,0.0,86,162,0,2,0,94,5,1.0,2.0,2.0,10,23.0,12.0,1.0,1.0,29,5,0,0,0,0,662,3
27,10,2025,2025-10-01,41,2,Rio de Janeiro,3304557,Capital,7,0,0,7,7,0.0,14,5,0.0,41,1,0,20,44,53,2,99,61,4,6,0,0,0.0,0,2,0.0,23,195,55,6,8,23,3.0,96,191,0,8,1,194,10,4.0,5.0,1.0,9,37.0,1.0,14.0,1.0,56,1,1,0,0,0,1085,3
28,10,2025,2025-10-01,18,2,Rio de Janeiro,3304557,Capital,1,0,0,1,3,0.0,4,1,0.0,31,1,1,15,32,25,1,58,27,0,6,1,0,0.0,0,0,0.0,11,103,4,8,11,21,3.0,64,110,0,4,0,136,1,1.0,0.0,0.0,5,13.0,0.0,6.0,0.0,58,5,0,0,0,0,738,3
29,10,2025,2025-10-01,9,2,Rio de Janeiro,3304557,Capital,8,0,0,8,2,1.0,11,4,0.0,56,5,2,30,71,67,13,151,91,4,6,1,0,0.0,0,0,0.0,25,278,28,51,26,68,2.0,126,290,0,4,0,155,8,1.0,5.0,2.0,58,30.0,1.0,10.0,0.0,63,6,0,0,0,0,1251,3
30,10,2025,2025-10-01,9,2,Rio de Janeiro,3304557,Capital,1,0,1,2,1,0.0,3,1,0.0,37,4,3,14,33,58,4,95,44,0,11,2,0,0.0,0,0,0.0,26,178,22,9,14,26,1.0,81,144,0,5,0,152,6,0.0,6.0,0.0,7,30.0,3.0,7.0,1.0,87,4,0,0,0,0,932,3
31,10,2025,2025-10-01,41,2,Rio de Janeiro,3304557,Capital,3,1,0,4,1,1.0,6,3,1.0,37,3,0,22,27,31,2,60,26,3,0,0,0,0.0,0,0,0.0,12,101,17,6,3,18,0.0,28,71,0,0,0,75,13,1.0,11.0,1.0,33,21.0,0.0,5.0,0.0,31,5,0,0,0,0,528,3
32,10,2025,2025-10-01,18,2,Rio de Janeiro,3304557,Capital,10,1,0,11,0,0.0,11,7,0.0,138,14,3,63,38,86,11,135,88,3,9,1,0,0.0,0,0,0.0,25,261,25,29,40,122,3.0,207,421,0,19,1,443,15,5.0,7.0,3.0,50,73.0,8.0,15.0,6.0,161,17,0,1,0,0,2416,3
33,10,2025,2025-10-01,14,2,Rio de Janeiro,3304557,Capital,5,1,0,6,2,1.0,9,12,1.0,74,5,3,54,16,39,2,57,34,4,2,2,0,0.0,0,0,1.0,15,115,40,6,8,35,1.0,94,181,0,3,1,106,11,2.0,7.0,2.0,35,54.0,6.0,6.0,0.0,65,7,0,0,0,0,1021,3
34,10,2025,2025-10-01,14,2,Rio de Janeiro,3304557,Capital,3,0,1,4,0,0.0,4,16,0.0,129,11,0,50,43,24,5,72,43,6,3,2,0,0.0,0,0,0.0,11,137,25,14,6,26,1.0,81,153,0,1,1,139,18,1.0,12.0,5.0,40,60.0,12.0,16.0,1.0,95,11,0,0,0,0,1156,3
35,10,2025,2025-10-01,40,2,Rio de Janeiro,3304557,Capital,4,1,0,5,1,0.0,6,5,1.0,227,14,2,69,32,50,3,85,77,2,6,1,0,0.0,0,1,0.0,20,192,57,30,10,82,6.0,289,473,0,2,1,355,8,6.0,3.0,0.0,51,140.0,2.0,25.0,1.0,213,27,1,0,0,0,2580,3
36,10,2025,2025-10-01,27,2,Rio de Janeiro,3304557,Capital,5,0,0,5,0,0.0,5,3,1.0,130,14,6,25,23,28,0,51,14,2,0,0,0,0.0,0,0,0.0,7,74,10,5,9,21,3.0,74,121,0,5,0,176,5,4.0,1.0,0.0,15,37.0,0.0,7.0,1.0,90,13,0,0,0,0,1090,3
37,10,2025,2025-10-01,17,1,Rio de Janeiro,3304557,Capital,2,0,0,2,1,0.0,3,3,0.0,55,5,1,17,7,1,0,8,4,0,0,0,0,0.0,0,0,0.0,2,14,22,2,14,30,0.0,96,163,0,6,0,133,15,6.0,6.0,4.0,3,32.0,2.0,11.0,0.0,64,5,1,0,0,0,841,3
38,10,2025,2025-10-01,16,1,Rio de Janeiro,3304557,Capital,2,0,0,2,3,0.0,5,3,0.0,43,4,1,31,25,29,1,55,38,6,2,0,0,0.0,0,2,0.0,18,121,27,7,9,19,1.0,67,130,0,2,0,117,17,2.0,12.0,3.0,18,40.0,3.0,6.0,0.0,42,8,0,0,0,0,786,3
39,10,2025,2025-10-01,41,2,Rio de Janeiro,3304557,Capital,5,0,0,5,3,0.0,8,1,0.0,51,3,1,17,59,33,32,124,77,4,1,0,0,0.0,0,0,0.0,40,246,18,7,12,22,2.0,85,146,0,2,0,145,15,2.0,9.0,4.0,106,37.0,1.0,11.0,3.0,48,5,1,0,0,0,1079,3
40,10,2025,2025-10-01,9,2,Rio de Janeiro,3304557,Capital,5,0,0,5,0,0.0,5,3,0.0,27,4,2,18,34,38,3,75,48,4,1,1,0,0.0,1,0,0.0,17,147,21,6,9,18,1.0,45,100,0,4,0,95,0,0.0,0.0,0.0,22,26.0,1.0,1.0,0.0,25,5,1,0,0,0,629,3
41,10,2025,2025-10-01,18,2,Rio de Janeiro,3304557,Capital,0,0,0,0,2,0.0,2,3,0.0,38,0,1,35,22,26,0,48,20,0,6,0,0,0.0,0,0,0.0,7,81,14,7,8,35,2.0,91,157,0,5,0,158,2,1.0,1.0,0.0,12,19.0,0.0,0.0,0.0,49,0,0,0,0,0,855,3
42,10,2025,2025-10-01,31,2,Rio de Janeiro,3304557,Capital,2,0,0,2,0,1.0,3,5,0.0,78,15,0,54,25,28,4,57,31,1,7,0,0,0.0,0,0,0.0,21,117,48,21,27,104,16.0,149,364,0,5,0,272,20,9.0,11.0,0.0,17,53.0,7.0,4.0,2.0,102,6,3,0,0,0,1447,3
43,10,2025,2025-10-01,27,2,Rio de Janeiro,3304557,Capital,2,0,0,2,0,0.0,2,2,0.0,104,11,0,56,10,16,0,26,10,0,1,0,0,0.0,0,0,0.0,4,41,13,4,0,12,1.0,33,63,0,1,0,102,1,0.0,1.0,0.0,10,27.0,6.0,5.0,1.0,110,13,1,0,0,0,693,3
44,10,2025,2025-10-01,3,1,Rio de Janeiro,3304557,Capital,1,0,0,1,0,0.0,1,2,1.0,45,7,2,24,34,46,2,82,31,2,4,0,0,0.0,0,0,0.0,12,131,14,3,10,33,1.0,91,152,0,2,0,67,8,0.0,6.0,2.0,8,31.0,1.0,4.0,1.0,32,6,0,0,0,0,774,3
48,10,2025,2025-10-01,24,3,Seropédica,3305554,Baixada Fluminense,3,0,0,3,0,0.0,3,1,0.0,26,3,2,9,2,1,1,4,4,0,0,0,0,0.0,0,0,0.0,3,11,8,1,0,6,3.0,19,37,0,1,0,42,1,1.0,0.0,0.0,6,9.0,2.0,2.0,1.0,30,6,1,0,0,0,328,3
50,10,2025,2025-10-01,24,3,Itaguaí,3302007,Baixada Fluminense,0,0,0,0,0,0.0,0,5,0.0,42,7,2,18,5,5,0,10,6,0,1,1,0,0.0,0,0,0.0,2,20,15,3,0,4,4.0,36,62,0,3,0,55,9,4.0,5.0,0.0,17,30.0,3.0,10.0,0.0,30,7,1,0,0,0,445,3
51,10,2025,2025-10-01,24,3,Paracambi,3303609,Baixada Fluminense,0,0,0,0,0,0.0,0,4,0.0,16,0,1,4,0,0,0,0,2,1,0,1,0,0.0,1,0,0.0,0,5,1,0,0,4,0.0,7,12,0,1,0,18,11,6.0,4.0,1.0,3,9.0,8.0,4.0,0.0,29,1,0,0,0,0,182,3
52,10,2025,2025-10-01,20,3,Nova Iguaçu,3303500,Baixada Fluminense,2,0,0,2,2,0.0,4,3,0.0,99,11,1,40,47,50,1,98,42,3,4,1,0,0.0,0,0,1.0,8,157,52,11,5,63,2.0,148,280,0,3,1,146,7,2.0,4.0,1.0,21,43.0,7.0,16.0,0.0,84,8,2,0,0,0,1237,3
53,10,2025,2025-10-01,20,3,Mesquita,3302858,Baixada Fluminense,0,0,0,0,0,0.0,0,2,1.0,59,3,2,24,54,40,7,101,31,2,0,1,0,0.0,0,0,0.0,10,145,18,3,4,20,1.0,49,95,0,2,0,116,11,3.0,6.0,2.0,9,27.0,1.0,14.0,1.0,85,2,0,0,0,0,780,3
54,10,2025,2025-10-01,39,3,Belford Roxo,3300456,Baixada Fluminense,12,0,0,12,1,0.0,13,11,0.0,168,19,4,24,54,80,2,136,104,4,3,2,0,0.0,0,0,0.0,16,265,26,6,3,12,2.0,44,93,0,6,0,140,27,0.0,22.0,5.0,61,106.0,10.0,24.0,2.0,140,22,0,0,0,0,1396,3
55,10,2025,2025-10-01,24,3,Queimados,3304144,Baixada Fluminense,1,0,0,1,0,0.0,1,1,1.0,70,4,1,14,10,10,0,20,8,0,0,1,0,0.0,0,0,0.0,5,34,6,6,2,6,2.0,33,53,0,0,0,78,6,3.0,2.0,1.0,2,27.0,1.0,8.0,1.0,59,9,0,0,0,0,507,3
56,10,2025,2025-10-01,20,3,Nova Iguaçu,3303500,Baixada Fluminense,7,0,0,7,1,0.0,8,3,0.0,84,8,3,28,34,28,2,64,48,0,1,1,0,0.0,0,1,0.0,4,119,16,3,3,15,1.0,53,90,0,2,0,108,6,1.0,4.0,1.0,14,23.0,0.0,7.0,0.0,103,11,0,0,0,0,801,3
57,10,2025,2025-10-01,20,3,Nilópolis,3303203,Baixada Fluminense,1,0,0,1,4,0.0,5,6,0.0,51,6,1,12,24,29,2,55,25,0,3,1,0,0.0,0,0,1.0,5,90,22,7,3,12,2.0,54,98,0,5,0,149,4,1.0,2.0,1.0,12,96.0,3.0,9.0,1.0,55,5,0,0,0,0,726,3
58,10,2025,2025-10-01,20,3,Nova Iguaçu,3303500,Baixada Fluminense,6,1,0,7,2,0.0,9,11,1.0,159,20,5,64,43,49,3,95,57,3,1,2,0,0.0,0,0,1.0,12,171,16,2,1,23,2.0,46,90,0,4,0,168,12,2.0,10.0,0.0,22,59.0,2.0,14.0,0.0,139,16,0,0,0,0,1238,3
59,10,2025,2025-10-01,15,3,Duque de Caxias,3301702,Baixada Fluminense,3,0,0,3,3,0.0,6,13,0.0,115,14,3,42,82,99,3,184,94,31,4,2,0,1.0,0,0,0.0,33,349,65,32,8,42,1.0,147,295,0,3,0,163,23,0.0,20.0,3.0,86,69.0,1.0,18.0,0.0,93,12,0,0,0,0,1572,3
60,10,2025,2025-10-01,15,3,Duque de Caxias,3301702,Baixada Fluminense,8,0,0,8,0,0.0,8,4,1.0,66,7,14,28,39,41,4,84,101,13,1,2,0,0.0,0,0,0.0,12,213,24,6,8,15,2.0,41,96,0,9,0,161,9,1.0,8.0,0.0,23,56.0,3.0,14.0,4.0,99,10,0,0,0,0,1044,3
61,10,2025,2025-10-01,15,3,Duque de Caxias,3301702,Baixada Fluminense,0,0,0,0,0,0.0,0,0,0.0,26,0,1,3,3,3,0,6,1,1,0,0,0,0.0,0,0,0.0,0,8,2,0,0,6,1.0,9,18,0,0,0,36,0,0.0,0.0,0.0,3,4.0,0.0,2.0,0.0,24,2,1,0,0,0,184,3
62,10,2025,2025-10-01,15,3,Duque de Caxias,3301702,Baixada Fluminense,1,0,0,1,0,0.0,1,2,0.0,33,3,0,9,24,13,0,37,53,5,1,0,0,0.0,0,0,1.0,4,101,13,4,1,8,1.0,38,65,0,3,0,77,3,0.0,3.0,0.0,19,10.0,1.0,1.0,0.0,32,5,2,0,0,0,467,3
63,10,2025,2025-10-01,24,3,Japeri,3302270,Baixada Fluminense,2,0,0,2,0,0.0,2,2,1.0,28,4,2,5,5,0,0,5,2,2,0,0,0,0.0,0,0,0.0,2,11,6,0,1,5,0.0,6,17,0,0,0,29,9,2.0,7.0,0.0,2,34.0,0.0,15.0,0.0,21,3,0,0,0,0,238,3
64,10,2025,2025-10-01,21,3,São João de Meriti,3305109,Baixada Fluminense,4,0,0,4,3,1.0,8,12,0.0,144,10,3,63,84,52,17,153,104,18,8,1,0,0.0,0,0,1.0,53,338,67,15,6,55,0.0,159,302,0,10,0,349,22,0.0,19.0,3.0,65,90.0,9.0,24.0,0.0,144,28,2,0,0,0,1882,3
65,10,2025,2025-10-01,34,3,Magé,3302502,Baixada Fluminense,3,0,0,3,0,0.0,3,1,0.0,39,9,1,15,2,0,0,2,3,0,0,0,0,0.0,0,0,0.0,1,6,7,0,1,10,2.0,27,47,0,1,0,46,12,3.0,7.0,2.0,2,9.0,6.0,10.0,0.0,46,2,0,0,0,0,344,3
66,10,2025,2025-10-01,34,3,Magé,3302502,Baixada Fluminense,0,0,0,0,0,0.0,0,1,0.0,69,10,1,15,7,4,0,11,13,0,1,2,0,0.0,0,0,2.0,2,31,9,2,2,11,2.0,52,78,0,4,1,102,37,29.0,7.0,1.0,8,30.0,1.0,6.0,0.0,111,7,0,0,0,0,676,3
67,10,2025,2025-10-01,34,3,Guapimirim,3301850,Baixada Fluminense,1,0,0,1,0,0.0,1,3,0.0,27,7,2,19,3,0,0,3,1,0,0,0,0,0.0,0,0,0.0,0,4,3,0,0,4,0.0,9,16,0,5,0,36,8,2.0,6.0,0.0,3,13.0,0.0,7.0,3.0,31,6,0,0,0,0,261,3
1,11,2025,2025-11-01,5,1,Rio de Janeiro,3304557,Capital,1,0,0,1,0,0.0,1,1,0.0,10,1,0,3,32,44,3,79,6,1,2,0,0,0.0,0,0,0.0,9,97,3,64,29,191,2.0,120,396,0,4,1,84,2,2.0,0.0,0.0,0,26.0,2.0,5.0,0.0,10,0,0,0,0,0,764,3
4,11,2025,2025-11-01,5,1,Rio de Janeiro,3304557,Capital,0,1,0,1,0,0.0,1,0,0.0,22,0,1,7,27,26,2,55,4,2,1,0,0,0.0,0,0,0.0,6,68,6,35,14,126,0.0,63,230,0,2,0,53,8,5.0,3.0,0.0,2,24.0,0.0,9.0,1.0,16,8,0,0,0,0,623,3
5,11,2025,2025-11-01,5,1,Rio de Janeiro,3304557,Capital,0,1,0,1,0,0.0,1,0,1.0,39,2,0,11,56,50,4,110,8,1,1,0,0,0.0,0,0,0.0,12,132,18,54,8,284,9.0,176,549,0,3,0,156,8,1.0,5.0,2.0,4,32.0,11.0,21.0,9.0,24,3,1,0,0,0,1256,3
6,11,2025,2025-11-01,4,1,Rio de Janeiro,3304557,Capital,1,0,0,1,0,0.0,1,0,0.0,30,3,3,32,17,13,4,34,20,1,0,0,0,0.0,0,0,0.0,7,62,11,14,13,81,0.0,95,214,0,2,0,39,2,1.0,1.0,0.0,19,12.0,1.0,8.0,0.0,24,2,0,0,0,0,603,3
7,11,2025,2025-11-01,5,1,Rio de Janeiro,3304557,Capital,0,0,0,0,0,0.0,0,0,1.0,18,2,0,6,10,1,0,11,3,0,0,0,0,0.0,0,0,0.0,4,18,10,2,2,9,1.0,18,42,0,0,0,34,0,0.0,0.0,0.0,1,3.0,0.0,0.0,0.0,14,1,0,0,0,0,197,3
9,11,2025,2025-11-01,2,1,Rio de Janeiro,3304557,Capital,0,0,0,0,0,0.0,0,0,0.0,27,2,1,16,44,30,1,75,14,1,3,0,0,0.0,0,0,0.0,8,101,27,63,12,127,15.0,147,381,0,1,0,145,4,2.0,2.0,0.0,4,22.0,6.0,5.0,1.0,29,4,2,0,0,0,1083,3
10,11,2025,2025-11-01,2,1,Rio de Janeiro,3304557,Capital,0,0,0,0,1,0.0,1,0,0.0,26,0,1,33,28,26,0,54,15,0,1,0,0,0.0,0,0,3.0,10,83,21,20,39,96,15.0,151,338,0,2,0,78,3,0.0,2.0,1.0,6,17.0,2.0,3.0,4.0,26,3,0,0,0,0,833,3
11,11,2025,2025-11-01,23,1,Rio de Janeiro,3304557,Capital,0,0,0,0,0,0.0,0,0,0.0,5,1,0,0,0,0,0,0,1,0,0,0,0,0.0,0,0,0.0,0,1,1,0,1,2,0.0,4,8,0,1,0,17,2,0.0,2.0,0.0,0,0.0,0.0,0.0,0.0,4,3,0,0,0,0,81,3
12,11,2025,2025-11-01,19,1,Rio de Janeiro,3304557,Capital,1,0,0,1,0,0.0,1,0,0.0,28,4,0,10,13,11,1,25,1,0,2,1,0,0.0,0,1,0.0,4,34,16,45,15,137,25.0,180,412,0,10,0,253,7,7.0,0.0,0.0,1,26.0,5.0,7.0,3.0,52,1,1,0,0,1,1114,3
13,11,2025,2025-11-01,19,1,Rio de Janeiro,3304557,Capital,0,0,0,0,0,0.0,0,0,0.0,9,2,0,10,9,10,2,21,1,0,1,0,0,0.0,1,0,2.0,2,28,10,32,5,69,9.0,96,221,0,3,0,80,2,2.0,0.0,0.0,0,14.0,2.0,3.0,0.0,17,2,0,0,0,0,553,3
14,11,2025,2025-11-01,23,1,Rio de Janeiro,3304557,Capital,0,0,0,0,0,0.0,0,0,0.0,20,0,1,9,21,9,1,31,1,0,2,0,0,0.0,0,1,0.0,5,40,13,73,9,229,49.0,189,546,0,5,0,199,2,2.0,0.0,0.0,3,20.0,7.0,5.0,4.0,26,4,0,0,0,0,1166,3
15,11,2025,2025-11-01,23,1,Rio de Janeiro,3304557,Capital,0,0,0,0,0,0.0,0,2,0.0,23,2,0,13,14,13,1,28,4,0,1,0,0,0.0,0,0,1.0,1,35,6,12,20,98,11.0,88,232,0,4,0,129,2,2.0,0.0,0.0,5,11.0,0.0,7.0,1.0,26,1,0,0,0,0,698,3
16,11,2025,2025-11-01,31,2,Rio de Janeiro,3304557,Capital,1,0,0,1,0,0.0,1,1,0.0,58,4,9,79,46,52,17,115,10,0,5,1,0,0.0,0,1,1.0,41,174,35,27,42,234,10.0,278,624,0,11,1,376,6,3.0,3.0,0.0,11,53.0,16.0,15.0,12.0,73,5,0,0,0,0,2012,3
17,11,2025,2025-11-01,4,1,Rio de Janeiro,3304557,Capital,1,0,0,1,0,0.0,1,2,0.0,49,1,2,33,34,53,1,88,32,9,1,0,0,0.0,0,1,0.0,22,153,33,23,28,187,2.0,119,389,0,1,0,102,12,4.0,5.0,3.0,8,21.0,0.0,10.0,1.0,31,4,0,0,0,0,997,3
18,11,2025,2025-11-01,6,1,Rio de Janeiro,3304557,Capital,0,0,0,0,0,2.0,2,4,0.0,23,2,1,17,38,84,3,125,44,0,4,0,0,0.0,0,0,0.0,18,191,10,37,12,264,2.0,114,437,0,3,0,88,10,8.0,2.0,0.0,0,20.0,2.0,1.0,1.0,12,2,0,0,0,0,1082,3
19,11,2025,2025-11-01,6,1,Rio de Janeiro,3304557,Capital,0,0,0,0,0,0.0,0,0,1.0,28,2,0,9,47,38,3,88,27,1,3,0,0,0.0,0,0,1.0,29,149,11,63,24,127,4.0,161,390,0,8,0,156,6,5.0,0.0,1.0,2,25.0,12.0,9.0,2.0,36,5,1,0,0,0,1069,3
20,11,2025,2025-11-01,6,1,Rio de Janeiro,3304557,Capital,0,0,0,0,0,0.0,0,0,0.0,19,3,0,11,28,31,2,61,28,0,5,1,0,0.0,0,0,1.0,16,112,16,13,20,52,3.0,115,218,0,3,0,125,1,1.0,0.0,0.0,4,17.0,3.0,2.0,2.0,34,2,0,0,0,0,820,3
21,11,2025,2025-11-01,22,1,Rio de Janeiro,3304557,Capital,1,0,0,1,3,0.0,4,1,0.0,55,4,8,60,29,69,19,117,67,28,0,0,0,0.0,0,1,2.0,28,243,36,12,67,83,1.0,154,348,0,4,0,213,56,3.0,53.0,0.0,64,56.0,0.0,25.0,3.0,53,17,1,0,0,0,1582,3
22,11,2025,2025-11-01,16,1,Rio de Janeiro,3304557,Capital,1,0,0,1,0,0.0,1,5,0.0,36,7,1,29,20,26,3,49,44,8,1,1,0,0.0,0,0,0.0,19,122,33,8,20,25,0.0,97,183,0,7,0,81,7,1.0,5.0,1.0,48,32.0,3.0,5.0,1.0,32,5,0,0,0,0,863,3
23,11,2025,2025-11-01,3,1,Rio de Janeiro,3304557,Capital,0,0,0,0,0,0.0,0,0,0.0,23,4,2,16,12,30,2,44,26,0,1,0,0,0.0,0,0,0.0,11,82,11,6,8,22,1.0,80,128,0,3,0,82,1,1.0,0.0,0.0,4,9.0,3.0,4.0,0.0,40,2,0,0,0,0,558,3
24,11,2025,2025-11-01,3,1,Rio de Janeiro,3304557,Capital,2,0,0,2,0,0.0,2,0,0.0,35,3,0,26,22,30,2,54,36,1,1,1,0,0.0,0,1,1.0,9,104,23,8,9,40,1.0,74,155,0,6,0,93,3,0.0,1.0,2.0,9,29.0,6.0,3.0,0.0,60,2,0,0,0,0,678,3
25,11,2025,2025-11-01,3,1,Rio de Janeiro,3304557,Capital,0,0,0,0,0,0.0,0,0,0.0,27,3,1,18,15,24,7,46,27,2,2,0,0,0.0,0,0,0.0,23,100,10,10,28,65,0.0,98,198,0,2,0,111,3,3.0,0.0,0.0,17,10.0,1.0,6.0,1.0,24,2,1,0,0,0,733,3
26,11,2025,2025-11-01,3,1,Rio de Janeiro,3304557,Capital,0,0,0,0,0,0.0,0,1,0.0,30,4,0,20,34,29,3,66,36,0,2,0,0,0.0,0,0,0.0,15,119,12,9,16,42,0.0,94,168,0,3,0,111,6,3.0,3.0,1.0,18,13.0,2.0,0.0,1.0,33,2,1,0,0,0,719,3
27,11,2025,2025-11-01,41,2,Rio de Janeiro,3304557,Capital,3,0,0,3,0,0.0,3,5,0.0,52,4,2,18,62,50,5,117,62,4,1,0,0,0.0,0,0,0.0,26,210,38,5,8,29,0.0,71,147,0,6,1,160,3,0.0,3.0,0.0,5,35.0,1.0,14.0,2.0,52,3,1,0,0,0,1005,3
28,11,2025,2025-11-01,18,2,Rio de Janeiro,3304557,Capital,0,0,0,0,0,0.0,0,2,0.0,30,1,1,15,17,26,1,44,9,1,7,0,0,0.0,0,1,0.0,3,65,6,1,9,26,1.0,37,78,0,4,0,122,5,0.0,5.0,0.0,6,21.0,1.0,5.0,0.0,33,5,1,0,0,0,549,3
29,11,2025,2025-11-01,9,2,Rio de Janeiro,3304557,Capital,3,0,2,5,6,0.0,11,8,0.0,46,2,4,34,73,64,16,153,90,2,6,3,0,0.0,0,0,0.0,32,286,48,49,17,85,0.0,186,376,0,2,0,158,16,0.0,16.0,0.0,22,40.0,1.0,3.0,0.0,52,7,2,0,0,0,1304,3
30,11,2025,2025-11-01,9,2,Rio de Janeiro,3304557,Capital,1,0,0,1,0,0.0,1,6,0.0,56,1,1,26,37,51,2,90,37,1,1,0,0,0.0,0,0,0.0,12,141,16,13,10,22,0.0,47,103,0,2,0,172,4,1.0,3.0,0.0,8,22.0,2.0,3.0,0.0,53,4,0,0,0,0,786,3
31,11,2025,2025-11-01,41,2,Rio de Janeiro,3304557,Capital,9,0,0,9,0,0.0,9,8,0.0,24,2,0,12,21,29,2,52,62,7,1,0,0,0.0,0,0,0.0,11,133,18,0,1,26,1.0,25,71,0,2,0,61,2,1.0,1.0,0.0,64,3.0,0.0,1.0,0.0,30,7,0,0,0,0,550,3
32,11,2025,2025-11-01,18,2,Rio de Janeiro,3304557,Capital,8,0,0,8,1,1.0,10,6,0.0,126,8,3,75,56,91,5,152,38,1,12,0,0,0.0,0,0,1.0,16,220,24,19,41,98,6.0,230,415,0,6,0,364,12,3.0,7.0,2.0,26,62.0,1.0,23.0,0.0,131,16,3,0,0,0,2131,3
33,11,2025,2025-11-01,14,2,Rio de Janeiro,3304557,Capital,2,0,0,2,0,0.0,2,1,0.0,83,3,2,42,12,18,2,32,40,3,1,2,0,0.0,0,0,0.0,10,88,23,9,8,24,1.0,60,124,0,1,2,87,9,5.0,2.0,2.0,21,23.0,2.0,6.0,1.0,64,3,2,0,0,0,814,3
34,11,2025,2025-11-01,14,2,Rio de Janeiro,3304557,Capital,6,0,0,6,3,0.0,9,29,1.0,116,8,5,42,21,29,2,52,43,9,3,1,0,0.0,0,2,0.0,11,121,22,10,2,16,1.0,98,148,0,3,1,114,25,0.0,14.0,11.0,24,88.0,5.0,22.0,1.0,105,12,0,0,0,0,1095,3
35,11,2025,2025-11-01,40,2,Rio de Janeiro,3304557,Capital,2,0,1,3,0,0.0,3,7,1.0,235,14,7,86,32,52,1,85,59,11,7,2,0,1.0,0,0,0.0,24,189,61,12,10,75,7.0,254,417,0,7,0,297,10,7.0,3.0,1.0,43,113.0,3.0,19.0,2.0,225,21,0,0,0,0,2342,3
36,11,2025,2025-11-01,27,2,Rio de Janeiro,3304557,Capital,3,1,0,4,0,0.0,4,4,2.0,135,9,1,26,16,23,2,41,19,2,2,0,0,0.0,0,0,0.0,9,73,18,12,7,17,7.0,88,147,0,4,0,165,0,0.0,0.0,0.0,9,21.0,1.0,5.0,1.0,110,11,0,0,0,0,1053,3
37,11,2025,2025-11-01,17,1,Rio de Janeiro,3304557,Capital,1,0,0,1,0,0.0,1,8,0.0,53,5,1,24,6,7,1,14,2,0,2,1,0,0.0,0,0,1.0,3,23,24,2,12,22,1.0,94,153,0,2,0,131,15,13.0,0.0,2.0,7,32.0,0.0,8.0,0.0,52,4,0,0,0,0,805,3
38,11,2025,2025-11-01,16,1,Rio de Janeiro,3304557,Capital,2,0,0,2,0,0.0,2,0,0.0,33,1,0,23,33,37,3,73,44,14,5,0,0,0.0,0,0,0.0,22,158,18,1,17,23,1.0,45,105,0,2,0,87,12,0.0,10.0,2.0,40,19.0,1.0,10.0,3.0,54,8,0,0,0,0,756,3
39,11,2025,2025-11-01,41,2,Rio de Janeiro,3304557,Capital,6,1,1,8,1,1.0,10,11,0.0,58,9,1,17,59,37,29,125,129,12,1,1,0,0.0,0,0,0.0,44,312,17,13,5,16,1.0,80,131,0,5,0,104,9,4.0,3.0,2.0,76,30.0,2.0,7.0,0.0,42,2,0,0,0,0,984,3
40,11,2025,2025-11-01,9,2,Rio de Janeiro,3304557,Capital,1,0,0,1,0,0.0,1,1,0.0,43,1,2,15,24,58,3,85,81,3,2,0,0,0.0,0,0,0.0,16,187,15,13,7,23,0.0,64,121,0,3,0,75,0,0.0,0.0,0.0,23,13.0,0.0,1.0,0.0,31,2,0,0,0,0,607,3
41,11,2025,2025-11-01,18,2,Rio de Janeiro,3304557,Capital,0,0,0,0,2,0.0,2,2,0.0,36,2,0,35,22,28,0,50,15,0,11,1,0,0.0,0,0,0.0,5,82,12,5,22,18,0.0,63,120,0,5,0,163,1,0.0,1.0,0.0,10,27.0,0.0,2.0,0.0,44,4,0,0,0,0,784,3
42,11,2025,2025-11-01,31,2,Rio de Janeiro,3304557,Capital,5,0,0,5,3,0.0,8,3,0.0,83,9,0,41,42,20,4,66,20,0,9,0,0,0.0,0,0,0.0,28,123,35,14,12,75,15.0,133,282,0,4,0,225,24,12.0,9.0,3.0,28,47.0,8.0,8.0,3.0,86,13,0,0,1,0,1306,3
43,11,2025,2025-11-01,27,2,Rio de Janeiro,3304557,Capital,1,0,0,1,0,0.0,1,1,0.0,93,11,5,39,11,18,0,29,17,0,0,0,0,0.0,0,0,0.0,6,52,3,1,0,16,3.0,35,58,0,1,0,124,0,0.0,0.0,0.0,12,18.0,3.0,9.0,2.0,103,12,1,0,0,0,681,3
44,11,2025,2025-11-01,3,1,Rio de Janeiro,3304557,Capital,2,0,0,2,0,0.0,2,1,0.0,50,5,1,27,31,30,3,64,30,3,0,0,0,0.0,0,1,0.0,20,118,14,6,11,28,1.0,78,137,0,1,0,82,8,2.0,5.0,1.0,7,22.0,0.0,5.0,0.0,32,1,0,0,0,0,728,3
48,11,2025,2025-11-01,24,3,Seropédica,3305554,Baixada Fluminense,0,0,0,0,0,0.0,0,0,0.0,21,3,1,6,2,3,0,5,4,0,0,0,0,0.0,0,0,0.0,0,9,1,0,0,4,6.0,24,35,0,0,0,44,1,0.0,1.0,0.0,6,17.0,0.0,2.0,0.0,18,2,0,0,0,0,278,3
50,11,2025,2025-11-01,24,3,Itaguaí,3302007,Baixada Fluminense,2,0,0,2,0,0.0,2,0,0.0,49,5,1,13,0,1,1,2,8,0,1,0,0,0.0,0,0,0.0,4,15,19,2,0,13,0.0,48,82,0,2,0,62,11,7.0,3.0,1.0,6,23.0,0.0,4.0,0.0,31,12,1,0,0,0,411,3
51,11,2025,2025-11-01,24,3,Paracambi,3303609,Baixada Fluminense,1,0,0,1,0,0.0,1,5,0.0,28,3,0,5,2,0,0,2,0,0,0,1,0,0.0,0,0,1.0,1,5,2,0,0,5,4.0,18,29,0,0,0,29,20,12.0,3.0,5.0,1,12.0,4.0,3.0,0.0,24,0,0,0,0,0,193,3
52,11,2025,2025-11-01,20,3,Nova Iguaçu,3303500,Baixada Fluminense,0,0,0,0,2,0.0,2,3,0.0,82,5,1,46,35,43,3,81,76,2,6,0,0,0.0,0,2,1.0,11,179,51,17,2,46,8.0,102,224,0,3,0,160,2,1.0,1.0,0.0,24,38.0,1.0,24.0,2.0,63,14,0,0,0,0,1154,3
53,11,2025,2025-11-01,20,3,Mesquita,3302858,Baixada Fluminense,2,0,0,2,0,0.0,2,12,1.0,65,6,1,29,34,30,0,64,50,1,2,0,0,0.0,0,0,0.0,16,133,16,7,2,12,1.0,50,88,0,8,0,109,15,2.0,11.0,2.0,11,39.0,2.0,6.0,0.0,60,5,1,0,0,0,724,3
54,11,2025,2025-11-01,39,3,Belford Roxo,3300456,Baixada Fluminense,12,0,1,13,2,0.0,15,9,0.0,136,14,3,40,51,36,2,89,124,3,2,4,0,0.0,0,0,0.0,10,232,46,4,2,9,3.0,41,105,0,5,0,109,37,2.0,30.0,5.0,41,90.0,18.0,24.0,3.0,127,17,2,0,0,0,1219,3
55,11,2025,2025-11-01,24,3,Queimados,3304144,Baixada Fluminense,0,0,0,0,1,1.0,2,2,1.0,60,4,0,12,7,6,0,13,3,0,2,0,0,0.0,0,0,0.0,1,19,5,3,1,12,1.0,37,59,0,3,0,50,11,4.0,4.0,4.0,5,24.0,0.0,3.0,1.0,43,4,0,0,0,0,439,3
56,11,2025,2025-11-01,20,3,Nova Iguaçu,3303500,Baixada Fluminense,5,0,0,5,0,0.0,5,1,1.0,107,15,1,25,33,33,0,66,46,0,2,2,0,0.0,0,0,0.0,7,123,9,1,0,9,3.0,28,50,0,1,1,85,3,1.0,2.0,0.0,15,15.0,0.0,2.0,0.0,87,10,0,0,0,0,676,3
57,11,2025,2025-11-01,20,3,Nilópolis,3303203,Baixada Fluminense,1,0,0,1,0,0.0,1,4,0.0,58,1,0,14,13,22,0,35,39,1,0,0,0,0.0,0,0,1.0,15,91,26,10,4,48,0.0,73,158,0,8,0,104,6,2.0,4.0,0.0,20,20.0,0.0,5.0,0.0,61,3,0,0,0,0,709,3
58,11,2025,2025-11-01,20,3,Nova Iguaçu,3303500,Baixada Fluminense,12,0,0,12,0,0.0,12,5,2.0,172,13,5,35,35,50,1,86,84,4,2,0,0,0.0,0,0,2.0,9,187,26,5,0,21,0.0,51,102,0,10,0,149,5,2.0,3.0,0.0,13,34.0,3.0,12.0,1.0,152,8,2,0,0,0,1201,3
59,11,2025,2025-11-01,15,3,Duque de Caxias,3301702,Baixada Fluminense,8,0,0,8,4,1.0,13,21,1.0,148,12,4,63,68,68,4,140,166,32,3,2,0,0.0,0,0,0.0,31,374,55,19,3,53,0.0,89,219,0,3,0,130,18,1.0,16.0,1.0,101,88.0,8.0,14.0,1.0,98,12,1,0,0,0,1444,3
60,11,2025,2025-11-01,15,3,Duque de Caxias,3301702,Baixada Fluminense,4,1,0,5,6,0.0,11,7,2.0,71,1,7,23,22,30,2,54,122,24,2,0,0,0.0,0,0,0.0,12,214,23,2,1,14,2.0,40,82,0,3,0,161,12,0.0,11.0,1.0,34,46.0,4.0,22.0,1.0,73,6,0,0,0,0,926,3
61,11,2025,2025-11-01,15,3,Duque de Caxias,3301702,Baixada Fluminense,0,0,0,0,0,0.0,0,2,0.0,21,3,1,3,1,1,0,2,6,4,0,1,0,0.0,0,0,0.0,1,14,6,0,0,4,0.0,10,20,0,1,0,21,4,2.0,2.0,0.0,3,8.0,0.0,5.0,0.0,14,2,0,0,0,0,156,3
62,11,2025,2025-11-01,15,3,Duque de Caxias,3301702,Baixada Fluminense,3,0,1,4,0,0.0,4,1,0.0,53,9,1,8,15,13,1,29,65,13,1,1,0,0.0,0,0,0.0,12,121,12,3,2,9,4.0,36,66,0,2,0,59,5,1.0,3.0,1.0,11,13.0,3.0,6.0,0.0,35,6,0,0,0,0,483,3
63,11,2025,2025-11-01,24,3,Japeri,3302270,Baixada Fluminense,1,0,0,1,0,0.0,1,4,0.0,31,3,3,0,0,7,0,7,1,1,0,0,0,0.0,0,0,0.0,1,10,9,0,1,3,1.0,18,32,0,2,0,33,7,0.0,6.0,1.0,4,16.0,1.0,5.0,0.0,32,1,0,0,0,0,256,3
64,11,2025,2025-11-01,21,3,São João de Meriti,3305109,Baixada Fluminense,9,0,0,9,1,0.0,10,4,0.0,152,7,2,46,61,27,3,91,186,12,7,1,0,1.0,0,1,0.0,47,346,55,7,3,19,0.0,74,158,3,1,0,129,25,2.0,22.0,1.0,89,97.0,12.0,27.0,0.0,106,18,1,0,0,0,1331,3
65,11,2025,2025-11-01,34,3,Magé,3302502,Baixada Fluminense,0,0,0,0,1,0.0,1,5,0.0,33,3,1,12,2,2,0,4,3,0,1,0,0,0.0,0,0,0.0,3,11,8,3,1,4,1.0,21,38,0,3,2,50,9,1.0,6.0,2.0,8,10.0,0.0,10.0,0.0,56,4,1,0,0,0,349,3
66,11,2025,2025-11-01,34,3,Magé,3302502,Baixada Fluminense,1,0,0,1,0,0.0,1,3,0.0,82,4,1,24,7,5,0,12,12,4,0,2,0,0.0,0,0,1.0,2,33,15,1,1,7,3.0,38,65,0,2,0,82,61,53.0,8.0,1.0,9,22.0,1.0,7.0,1.0,88,3,0,0,0,0,636,3
67,11,2025,2025-11-01,34,3,Guapimirim,3301850,Baixada Fluminense,0,0,0,0,0,0.0,0,0,0.0,31,3,1,16,2,1,0,3,5,0,0,0,0,0.0,0,0,0.0,2,10,0,0,0,1,7.0,13,21,0,0,0,43,7,4.0,3.0,0.0,1,9.0,2.0,9.0,0.0,31,3,0,0,0,0,254,3
1,12,2025,2025-12-01,5,1,Rio de Janeiro,3304557,Capital,0,0,0,0,0,0.0,0,0,1.0,8,3,0,10,50,39,1,90,1,3,0,0,0,0.0,0,0,0.0,8,102,4,62,24,138,1.0,133,350,0,3,0,63,1,1.0,0.0,0.0,2,16.0,2.0,1.0,0.0,14,3,0,0,0,0,711,3
4,12,2025,2025-12-01,5,1,Rio de Janeiro,3304557,Capital,1,0,0,1,0,0.0,1,0,0.0,30,0,2,12,30,33,0,63,5,0,2,0,0,0.0,0,0,0.0,16,86,10,47,14,115,1.0,76,243,0,1,0,50,4,1.0,3.0,0.0,2,19.0,5.0,5.0,3.0,17,11,0,0,0,0,681,3
5,12,2025,2025-12-01,5,1,Rio de Janeiro,3304557,Capital,1,0,0,1,1,0.0,2,0,0.0,42,1,0,17,84,103,1,188,10,1,4,0,0,0.0,0,0,0.0,19,222,13,57,9,266,6.0,210,560,0,2,0,168,18,3.0,13.0,2.0,1,52.0,7.0,17.0,14.0,29,10,1,0,0,0,1412,3
6,12,2025,2025-12-01,4,1,Rio de Janeiro,3304557,Capital,0,0,0,0,0,0.0,0,0,0.0,28,5,4,30,15,14,3,32,34,1,0,0,0,0.0,0,0,0.0,12,79,14,21,19,54,1.0,46,155,0,3,0,43,5,3.0,2.0,0.0,20,16.0,0.0,7.0,1.0,18,2,0,0,0,0,538,3
7,12,2025,2025-12-01,5,1,Rio de Janeiro,3304557,Capital,0,0,0,0,0,1.0,1,0,0.0,10,4,0,1,15,7,1,23,6,0,0,0,0,0.0,0,0,1.0,3,33,12,3,0,11,1.0,30,56,0,0,0,30,1,0.0,1.0,0.0,5,4.0,0.0,0.0,0.0,10,2,0,0,0,0,238,3
9,12,2025,2025-12-01,2,1,Rio de Janeiro,3304557,Capital,0,0,0,0,0,0.0,0,1,0.0,24,2,3,27,29,40,3,72,16,0,3,0,0,0.0,0,0,2.0,15,108,27,67,10,121,9.0,152,378,0,2,0,126,1,1.0,0.0,0.0,3,23.0,8.0,3.0,1.0,28,0,2,0,0,0,1121,3
10,12,2025,2025-12-01,2,1,Rio de Janeiro,3304557,Capital,0,0,0,0,1,0.0,1,1,0.0,18,1,3,32,18,19,3,40,9,0,2,0,0,0.0,0,0,0.0,7,58,27,15,18,98,13.0,113,281,0,5,0,77,2,1.0,1.0,0.0,5,25.0,4.0,4.0,3.0,17,6,0,0,0,0,732,3
11,12,2025,2025-12-01,23,1,Rio de Janeiro,3304557,Capital,0,0,0,0,0,0.0,0,0,0.0,8,2,0,1,0,0,0,0,0,0,0,0,0,0.0,0,0,0.0,0,0,2,1,0,3,0.0,3,9,0,0,0,1,0,0.0,0.0,0.0,0,1.0,0.0,0.0,0.0,7,1,0,0,0,0,69,3
12,12,2025,2025-12-01,19,1,Rio de Janeiro,3304557,Capital,0,0,0,0,1,0.0,1,4,0.0,50,6,0,8,10,12,2,24,0,0,1,0,0,0.0,0,0,0.0,3,28,24,41,13,103,32.0,200,412,0,7,0,252,2,2.0,0.0,0.0,1,28.0,6.0,7.0,2.0,46,7,0,0,0,0,1132,3
13,12,2025,2025-12-01,19,1,Rio de Janeiro,3304557,Capital,0,0,0,0,0,0.0,0,0,0.0,23,1,0,7,15,9,1,25,0,1,2,0,0,0.0,0,0,1.0,3,32,19,45,5,49,14.0,138,270,0,3,0,83,2,2.0,0.0,0.0,0,18.0,9.0,2.0,1.0,26,1,0,0,0,0,652,3
14,12,2025,2025-12-01,23,1,Rio de Janeiro,3304557,Capital,1,0,0,1,0,0.0,1,0,0.0,21,0,0,8,25,26,0,51,4,1,1,0,0,0.0,0,1,1.0,2,61,53,92,5,223,78.0,237,658,0,4,0,206,0,0.0,0.0,0.0,0,30.0,4.0,4.0,5.0,22,5,0,0,0,0,1331,3
15,12,2025,2025-12-01,23,1,Rio de Janeiro,3304557,Capital,0,0,0,0,0,0.0,0,0,0.0,32,1,3,21,14,13,1,28,5,0,3,1,0,0.0,0,0,1.0,4,42,14,15,7,70,10.0,75,190,0,6,0,121,8,4.0,4.0,0.0,4,23.0,2.0,3.0,0.0,17,1,1,0,0,0,666,3
16,12,2025,2025-12-01,31,2,Rio de Janeiro,3304557,Capital,2,0,0,2,1,0.0,3,2,0.0,66,3,6,73,90,44,15,149,11,1,4,4,0,0.0,0,0,0.0,32,201,57,35,34,216,5.0,289,635,0,13,0,409,7,3.0,3.0,1.0,9,59.0,23.0,11.0,8.0,74,7,1,0,0,0,2160,3
17,12,2025,2025-12-01,4,1,Rio de Janeiro,3304557,Capital,1,0,1,2,2,0.0,4,0,0.0,33,5,0,27,26,42,7,75,42,10,1,0,0,0.0,0,0,0.0,18,146,26,92,9,140,1.0,110,376,0,1,0,94,10,3.0,4.0,3.0,17,28.0,3.0,4.0,0.0,38,4,0,0,0,0,1014,3
18,12,2025,2025-12-01,6,1,Rio de Janeiro,3304557,Capital,0,0,0,0,1,0.0,1,2,0.0,27,3,0,26,55,103,7,165,36,1,2,1,0,0.0,1,0,0.0,34,240,18,86,11,488,2.0,181,785,0,2,0,108,8,6.0,2.0,0.0,1,12.0,2.0,1.0,1.0,32,3,0,0,0,0,1501,3
19,12,2025,2025-12-01,6,1,Rio de Janeiro,3304557,Capital,0,0,0,0,0,0.0,0,0,0.0,43,1,0,17,57,56,3,116,59,0,2,0,0,0.0,0,0,0.0,21,198,12,48,16,104,5.0,174,358,0,8,1,172,6,2.0,3.0,1.0,8,39.0,2.0,12.0,6.0,57,6,0,0,0,0,1168,3
20,12,2025,2025-12-01,6,1,Rio de Janeiro,3304557,Capital,0,0,1,1,1,0.0,2,1,0.0,30,3,2,10,53,18,0,71,24,1,2,1,0,0.0,0,0,0.0,26,125,15,19,10,47,4.0,152,245,0,4,0,138,2,1.0,0.0,1.0,5,23.0,1.0,6.0,0.0,32,6,0,0,0,0,899,3
21,12,2025,2025-12-01,22,1,Rio de Janeiro,3304557,Capital,2,1,1,4,0,0.0,4,2,0.0,86,8,2,64,44,54,43,141,69,39,2,0,0,0.0,0,0,0.0,49,300,43,22,38,78,4.0,162,345,0,9,0,183,17,2.0,12.0,4.0,110,48.0,3.0,23.0,9.0,63,11,0,0,0,0,1662,3
22,12,2025,2025-12-01,16,1,Rio de Janeiro,3304557,Capital,1,0,1,2,0,0.0,2,0,0.0,49,4,6,34,34,20,5,59,42,20,2,0,0,0.0,0,0,0.0,16,139,18,9,12,24,2.0,73,138,0,5,0,78,4,1.0,3.0,0.0,48,25.0,0.0,3.0,0.0,48,3,0,0,0,0,816,3
23,12,2025,2025-12-01,3,1,Rio de Janeiro,3304557,Capital,0,0,0,0,0,0.0,0,0,0.0,26,2,1,22,13,41,1,55,32,0,3,0,0,0.0,0,0,0.0,7,97,12,5,8,31,4.0,68,127,0,1,0,65,3,3.0,0.0,0.0,4,5.0,0.0,4.0,1.0,15,2,0,0,0,0,561,3
24,12,2025,2025-12-01,3,1,Rio de Janeiro,3304557,Capital,1,0,0,1,0,0.0,1,3,1.0,45,7,1,17,25,24,2,51,72,7,0,2,0,0.0,0,0,0.0,12,144,21,8,10,27,1.0,67,132,0,1,0,80,4,1.0,3.0,0.0,19,18.0,0.0,2.0,0.0,42,3,0,0,0,0,685,3
25,12,2025,2025-12-01,3,1,Rio de Janeiro,3304557,Capital,0,0,0,0,3,0.0,3,0,0.0,30,6,2,23,14,31,4,49,34,3,2,0,0,0.0,0,0,0.0,21,109,13,7,17,43,1.0,93,163,0,2,0,82,10,2.0,8.0,0.0,24,16.0,0.0,16.0,1.0,32,2,0,0,0,0,702,3
26,12,2025,2025-12-01,3,1,Rio de Janeiro,3304557,Capital,0,0,1,1,1,0.0,2,3,0.0,30,1,1,20,21,26,2,49,48,3,2,0,0,0.0,0,0,0.0,22,124,7,12,16,55,0.0,98,186,0,1,0,93,4,0.0,3.0,1.0,27,27.0,0.0,7.0,0.0,29,2,0,0,0,0,753,3
27,12,2025,2025-12-01,41,2,Rio de Janeiro,3304557,Capital,5,0,1,6,4,0.0,10,8,0.0,75,1,0,22,70,71,3,144,127,19,3,1,0,0.0,0,0,0.0,37,331,35,4,7,25,1.0,90,161,0,3,0,124,7,1.0,5.0,1.0,29,37.0,6.0,12.0,0.0,44,4,1,0,0,0,1178,3
28,12,2025,2025-12-01,18,2,Rio de Janeiro,3304557,Capital,0,0,0,0,0,0.0,0,0,0.0,41,4,0,23,22,24,1,47,25,1,4,1,0,0.0,0,0,0.0,6,84,10,8,7,16,1.0,45,87,0,4,0,124,3,2.0,1.0,0.0,9,11.0,0.0,7.0,0.0,42,12,0,0,0,0,631,3
29,12,2025,2025-12-01,9,2,Rio de Janeiro,3304557,Capital,4,0,0,4,1,0.0,5,7,0.0,63,1,3,30,98,44,5,147,136,4,5,1,0,0.0,0,0,1.0,22,316,50,67,43,60,0.0,129,341,0,2,0,145,3,0.0,2.0,1.0,40,18.0,0.0,7.0,0.0,53,7,0,0,0,0,1291,3
30,12,2025,2025-12-01,9,2,Rio de Janeiro,3304557,Capital,0,0,1,1,0,0.0,1,1,0.0,65,3,1,33,36,34,3,73,47,2,3,1,0,0.0,0,0,0.0,19,145,18,22,9,18,1.0,66,129,0,3,0,154,2,2.0,1.0,0.0,16,9.0,1.0,4.0,0.0,86,6,2,0,0,0,854,3
31,12,2025,2025-12-01,41,2,Rio de Janeiro,3304557,Capital,3,0,0,3,1,0.0,4,2,0.0,44,1,2,20,21,30,3,54,82,15,0,0,0,0.0,0,0,1.0,8,160,20,3,1,10,0.0,23,56,0,0,1,60,10,0.0,8.0,2.0,79,22.0,0.0,7.0,0.0,51,5,2,0,0,0,603,3
32,12,2025,2025-12-01,18,2,Rio de Janeiro,3304557,Capital,8,0,0,8,1,0.0,9,13,1.0,132,11,3,89,56,73,5,134,104,0,4,1,0,1.0,0,0,0.0,28,272,24,19,19,103,6.0,195,363,0,11,0,417,10,5.0,4.0,1.0,40,65.0,2.0,19.0,3.0,161,10,1,0,0,0,2288,3
33,12,2025,2025-12-01,14,2,Rio de Janeiro,3304557,Capital,9,0,0,9,0,0.0,9,4,1.0,108,6,2,65,9,23,2,34,44,4,2,0,0,0.0,0,0,0.0,11,95,26,5,8,10,2.0,41,92,0,5,0,86,2,1.0,1.0,0.0,23,38.0,1.0,6.0,0.0,60,5,1,0,0,0,843,3
34,12,2025,2025-12-01,14,2,Rio de Janeiro,3304557,Capital,6,0,0,6,0,0.0,6,12,1.0,143,9,3,31,41,19,0,60,38,11,5,1,0,0.0,0,0,2.0,14,131,25,9,1,30,1.0,88,154,0,7,0,109,34,2.0,19.0,13.0,28,65.0,12.0,17.0,5.0,90,12,1,0,0,0,1082,3
35,12,2025,2025-12-01,40,2,Rio de Janeiro,3304557,Capital,8,0,0,8,0,1.0,9,4,1.0,288,17,5,110,35,45,0,80,51,9,6,1,0,0.0,0,3,0.0,10,160,42,14,8,64,7.0,287,420,0,13,0,282,13,10.0,3.0,0.0,29,121.0,0.0,15.0,1.0,269,19,1,0,0,0,2463,3
36,12,2025,2025-12-01,27,2,Rio de Janeiro,3304557,Capital,9,0,0,9,0,4.0,13,6,0.0,141,13,3,38,18,22,1,41,16,2,4,0,0,0.0,0,0,0.0,1,64,13,13,9,19,4.0,57,114,0,2,0,170,1,0.0,1.0,0.0,7,27.0,1.0,8.0,2.0,112,20,2,0,0,0,1038,3
37,12,2025,2025-12-01,17,1,Rio de Janeiro,3304557,Capital,0,0,1,1,2,0.0,3,1,0.0,70,3,3,36,4,4,0,8,5,1,0,2,0,0.0,0,0,0.0,5,21,19,2,4,18,2.0,76,120,0,4,0,103,77,2.0,5.0,70.0,6,24.0,11.0,9.0,0.0,82,7,0,1,0,0,926,3
38,12,2025,2025-12-01,16,1,Rio de Janeiro,3304557,Capital,1,0,0,1,1,1.0,3,1,0.0,49,5,3,40,21,37,4,62,100,65,2,0,0,0.0,0,0,0.0,33,262,16,2,8,16,0.0,42,83,0,4,0,82,9,2.0,7.0,0.0,59,25.0,3.0,4.0,1.0,51,5,0,0,0,0,892,3
39,12,2025,2025-12-01,41,2,Rio de Janeiro,3304557,Capital,9,0,1,10,5,1.0,16,7,1.0,61,1,3,19,35,40,32,107,139,23,2,1,0,0.0,0,0,0.0,39,311,9,9,12,32,0.0,78,140,0,2,1,115,18,2.0,15.0,1.0,140,33.0,0.0,7.0,1.0,52,5,1,0,0,0,1090,3
40,12,2025,2025-12-01,9,2,Rio de Janeiro,3304557,Capital,2,0,0,2,0,0.0,2,3,1.0,43,2,3,23,25,39,2,66,109,10,1,1,0,0.0,0,0,1.0,16,204,10,11,3,17,2.0,41,84,0,3,0,89,0,0.0,0.0,0.0,20,10.0,3.0,1.0,0.0,34,4,0,0,0,0,618,3
41,12,2025,2025-12-01,18,2,Rio de Janeiro,3304557,Capital,1,0,0,1,0,0.0,1,0,0.0,35,5,0,22,27,15,0,42,21,4,6,2,0,0.0,0,0,1.0,5,81,13,2,12,17,7.0,79,130,0,4,0,154,3,1.0,2.0,0.0,20,16.0,3.0,4.0,1.0,46,0,0,0,0,0,776,3
42,12,2025,2025-12-01,31,2,Rio de Janeiro,3304557,Capital,0,0,0,0,0,0.0,0,2,0.0,106,7,3,50,33,28,4,65,19,3,3,1,0,0.0,0,0,0.0,20,111,53,22,8,78,23.0,138,321,0,6,1,233,19,7.0,10.0,2.0,22,40.0,9.0,6.0,3.0,68,4,1,0,0,0,1243,3
43,12,2025,2025-12-01,27,2,Rio de Janeiro,3304557,Capital,6,0,0,6,0,0.0,6,3,1.0,109,2,5,60,7,24,0,31,14,0,1,0,0,0.0,0,0,0.0,1,47,14,0,2,12,0.0,26,54,0,4,0,90,2,0.0,2.0,0.0,8,15.0,0.0,3.0,0.0,133,10,0,0,0,0,643,3
44,12,2025,2025-12-01,3,1,Rio de Janeiro,3304557,Capital,3,0,0,3,1,0.0,4,3,0.0,45,1,0,32,31,34,3,68,88,10,3,1,0,0.0,0,0,0.0,40,210,12,5,6,31,0.0,94,148,0,0,0,72,10,5.0,5.0,0.0,24,23.0,1.0,5.0,0.0,31,3,0,0,0,0,863,3
48,12,2025,2025-12-01,24,3,Seropédica,3305554,Baixada Fluminense,0,0,0,0,0,0.0,0,0,0.0,24,1,3,8,2,4,0,6,7,2,0,0,0,0.0,0,0,0.0,1,16,3,1,0,4,1.0,16,25,0,1,0,44,3,1.0,1.0,1.0,1,5.0,0.0,6.0,0.0,34,6,2,0,0,0,290,3
50,12,2025,2025-12-01,24,3,Itaguaí,3302007,Baixada Fluminense,1,0,0,1,2,0.0,3,6,0.0,48,3,1,23,6,6,0,12,2,0,2,1,0,0.0,0,0,0.0,3,20,12,5,1,9,0.0,44,71,0,5,0,70,8,1.0,5.0,2.0,9,15.0,0.0,7.0,0.0,27,6,1,0,0,0,429,3
51,12,2025,2025-12-01,24,3,Paracambi,3303609,Baixada Fluminense,2,0,0,2,0,0.0,2,7,1.0,32,1,0,8,0,1,1,2,0,1,0,0,0,0.0,0,0,0.0,2,5,1,1,0,5,2.0,9,18,0,0,0,18,21,11.0,5.0,6.0,0,4.0,1.0,2.0,0.0,26,2,0,0,0,0,171,3
52,12,2025,2025-12-01,20,3,Nova Iguaçu,3303500,Baixada Fluminense,2,0,0,2,0,0.0,2,7,1.0,72,5,3,41,46,54,3,103,92,0,3,1,0,0.0,0,0,0.0,16,215,37,19,6,60,3.0,159,280,0,1,0,114,10,5.0,4.0,1.0,33,46.0,3.0,10.0,0.0,102,13,0,0,0,0,1248,3
53,12,2025,2025-12-01,20,3,Mesquita,3302858,Baixada Fluminense,2,0,0,2,1,0.0,3,3,1.0,67,9,3,19,27,22,4,53,48,1,0,0,0,0.0,0,0,0.0,6,108,13,3,1,6,2.0,32,57,0,7,0,71,12,2.0,8.0,2.0,15,32.0,3.0,8.0,0.0,76,3,1,1,0,0,570,3
54,12,2025,2025-12-01,39,3,Belford Roxo,3300456,Baixada Fluminense,19,0,1,20,1,0.0,21,5,6.0,164,11,1,42,29,30,9,68,124,3,1,2,0,0.0,0,0,0.0,18,216,27,7,3,5,3.0,40,85,0,5,0,88,23,2.0,20.0,2.0,60,62.0,5.0,11.0,0.0,131,21,2,0,1,0,1114,3
55,12,2025,2025-12-01,24,3,Queimados,3304144,Baixada Fluminense,2,0,0,2,2,0.0,4,2,0.0,63,8,0,13,14,4,0,18,4,1,0,1,0,0.0,0,1,0.0,1,26,9,5,1,11,0.0,34,57,0,3,0,50,4,1.0,3.0,0.0,7,27.0,1.0,3.0,0.0,50,5,0,0,0,0,435,3
56,12,2025,2025-12-01,20,3,Nova Iguaçu,3303500,Baixada Fluminense,3,0,0,3,0,0.0,3,4,0.0,142,8,1,24,29,31,1,61,55,2,1,1,0,0.0,0,0,0.0,4,124,11,0,1,11,1.0,25,49,0,1,0,69,0,0.0,0.0,0.0,16,53.0,0.0,7.0,0.0,111,10,1,0,0,0,711,3
57,12,2025,2025-12-01,20,3,Nilópolis,3303203,Baixada Fluminense,1,0,0,1,0,0.0,1,2,0.0,72,5,2,11,25,27,0,52,47,1,3,0,0,0.0,0,0,0.0,10,113,17,5,5,15,0.0,57,96,0,2,0,130,5,1.0,3.0,1.0,20,25.0,0.0,12.0,0.0,66,6,0,0,0,0,720,3
58,12,2025,2025-12-01,20,3,Nova Iguaçu,3303500,Baixada Fluminense,7,0,0,7,0,0.0,7,15,0.0,208,15,3,47,41,55,1,97,76,6,1,3,0,0.0,0,0,1.0,15,199,28,2,3,23,2.0,51,109,0,3,0,138,3,1.0,2.0,0.0,36,30.0,1.0,6.0,0.0,154,14,0,0,0,0,1272,3
59,12,2025,2025-12-01,15,3,Duque de Caxias,3301702,Baixada Fluminense,8,0,0,8,4,0.0,12,15,1.0,148,12,3,66,77,97,1,175,261,49,7,2,0,0.0,0,0,0.0,41,535,21,19,9,26,0.0,86,161,0,9,1,107,13,2.0,10.0,1.0,126,61.0,1.0,11.0,1.0,106,21,3,0,0,0,1542,3
60,12,2025,2025-12-01,15,3,Duque de Caxias,3301702,Baixada Fluminense,3,0,0,3,3,0.0,6,11,1.0,99,3,6,35,20,33,1,54,135,34,1,2,0,0.0,0,1,1.0,26,254,12,7,4,23,5.0,61,112,0,3,1,96,7,1.0,5.0,1.0,24,39.0,1.0,31.0,2.0,71,10,0,0,0,0,1029,3
61,12,2025,2025-12-01,15,3,Duque de Caxias,3301702,Baixada Fluminense,1,0,0,1,0,0.0,1,4,1.0,20,5,2,10,2,1,0,3,13,3,0,0,0,0.0,0,0,0.0,4,23,5,0,0,4,1.0,7,17,0,4,0,26,0,0.0,0.0,0.0,5,8.0,1.0,1.0,0.0,19,3,0,0,0,0,203,3
62,12,2025,2025-12-01,15,3,Duque de Caxias,3301702,Baixada Fluminense,0,0,0,0,0,1.0,1,5,0.0,45,2,2,22,21,15,0,36,73,7,0,2,0,0.0,0,0,0.0,8,126,7,0,2,5,3.0,30,47,0,3,0,64,3,0.0,3.0,0.0,13,18.0,2.0,3.0,0.0,49,8,1,0,0,0,516,3
63,12,2025,2025-12-01,24,3,Japeri,3302270,Baixada Fluminense,3,0,0,3,0,0.0,3,1,0.0,39,8,2,6,6,4,0,10,5,2,1,1,0,0.0,0,1,0.0,0,20,2,1,0,0,0.0,19,22,0,4,0,37,2,0.0,1.0,1.0,2,32.0,0.0,6.0,1.0,47,0,0,0,0,0,263,3
64,12,2025,2025-12-01,21,3,São João de Meriti,3305109,Baixada Fluminense,7,0,1,8,2,1.0,11,8,1.0,147,13,2,50,88,48,14,150,199,19,6,1,0,0.0,0,0,0.0,43,418,51,16,3,38,2.0,88,198,0,9,0,193,21,4.0,13.0,5.0,101,85.0,4.0,10.0,1.0,161,21,1,0,0,0,1613,3
65,12,2025,2025-12-01,34,3,Magé,3302502,Baixada Fluminense,0,0,0,0,0,0.0,0,0,0.0,34,2,2,15,2,4,0,6,11,1,0,0,0,0.0,0,0,0.0,3,21,8,2,2,2,2.0,26,42,0,3,0,55,11,0.0,9.0,2.0,7,17.0,3.0,4.0,0.0,63,1,1,0,0,0,374,3
66,12,2025,2025-12-01,34,3,Magé,3302502,Baixada Fluminense,2,0,0,2,0,0.0,2,4,0.0,88,3,2,24,7,10,1,18,20,4,1,2,0,0.0,0,0,0.0,2,47,18,4,2,13,3.0,51,90,0,8,0,79,62,55.0,6.0,1.0,10,14.0,0.0,9.0,0.0,126,5,0,0,0,0,759,3
67,12,2025,2025-12-01,34,3,Guapimirim,3301850,Baixada Fluminense,1,0,0,1,0,0.0,1,0,0.0,44,3,1,16,2,0,0,2,6,0,0,2,0,0.0,0,0,0.0,0,10,4,1,0,4,1.0,10,20,0,0,0,43,5,1.0,4.0,0.0,6,7.0,1.0,7.0,1.0,38,5,0,0,0,0,279,3
1,1,2026,2026-01-01,5,1,Rio de Janeiro,3304557,Capital,0,0,0,0,0,0.0,0,0,0.0,18,0,1,9,66,44,4,114,0,1,0,1,0,0.0,1,0,0.0,5,122,2,126,16,190,4.0,104,436,0,4,0,54,2,1.0,1.0,0.0,2,26.0,6.0,4.0,4.0,9,2,0,0,0,0,805,2
4,1,2026,2026-01-01,5,1,Rio de Janeiro,3304557,Capital,0,0,0,0,0,0.0,0,0,0.0,27,3,1,15,43,55,8,106,12,0,0,0,0,0.0,0,1,0.0,19,138,5,78,27,141,1.0,78,323,0,5,0,46,4,2.0,2.0,0.0,6,26.0,7.0,2.0,4.0,27,8,2,0,0,0,788,2
5,1,2026,2026-01-01,5,1,Rio de Janeiro,3304557,Capital,2,0,0,2,0,0.0,2,0,0.0,54,9,0,16,126,111,2,239,14,1,1,0,0,0.0,0,0,2.0,21,278,8,90,10,302,17.0,184,611,0,4,0,116,20,5.0,15.0,1.0,6,55.0,13.0,14.0,13.0,39,5,2,0,0,0,1532,2
6,1,2026,2026-01-01,4,1,Rio de Janeiro,3304557,Capital,2,0,0,2,0,0.0,2,0,1.0,18,5,2,23,25,18,5,48,27,1,0,0,0,0.0,0,0,0.0,8,84,8,18,15,55,2.0,61,156,0,1,0,57,3,0.0,3.0,0.0,25,23.0,0.0,9.0,0.0,22,2,0,0,0,0,585,2
7,1,2026,2026-01-01,5,1,Rio de Janeiro,3304557,Capital,0,0,0,0,0,0.0,0,1,0.0,15,2,1,3,19,8,1,28,3,0,0,0,0,0.0,0,0,0.0,8,39,6,8,0,18,1.0,32,65,0,1,0,35,2,0.0,2.0,0.0,2,3.0,0.0,1.0,1.0,12,2,0,0,0,0,262,2
9,1,2026,2026-01-01,2,1,Rio de Janeiro,3304557,Capital,0,0,0,0,1,0.0,1,1,0.0,37,1,0,32,64,80,4,148,12,0,9,0,0,0.0,0,0,3.0,14,186,28,114,12,214,12.0,180,554,0,4,0,137,5,3.0,3.0,0.0,5,33.0,3.0,3.0,1.0,36,2,1,0,0,0,1382,2
10,1,2026,2026-01-01,2,1,Rio de Janeiro,3304557,Capital,0,0,0,0,0,0.0,0,0,0.0,24,0,1,31,20,15,5,40,10,1,3,1,0,0.0,0,0,0.0,13,68,14,26,14,71,13.0,151,285,0,2,0,92,2,1.0,1.0,0.0,2,23.0,6.0,4.0,1.0,35,6,0,0,0,0,792,2
11,1,2026,2026-01-01,23,1,Rio de Janeiro,3304557,Capital,0,0,0,0,0,0.0,0,0,0.0,7,6,0,2,0,0,0,0,0,0,0,0,0,0.0,0,0,0.0,0,0,0,1,1,2,0.0,6,10,0,0,0,12,0,0.0,0.0,0.0,0,0.0,0.0,1.0,0.0,9,1,0,0,0,0,88,2
12,1,2026,2026-01-01,19,1,Rio de Janeiro,3304557,Capital,0,0,0,0,0,0.0,0,0,0.0,42,1,0,13,19,17,0,36,0,0,1,0,0,0.0,0,0,2.0,8,47,19,142,11,411,21.0,219,818,0,13,0,251,11,8.0,3.0,0.0,3,42.0,5.0,14.0,2.0,38,7,1,0,0,0,1639,2
13,1,2026,2026-01-01,19,1,Rio de Janeiro,3304557,Capital,0,0,0,0,0,0.0,0,0,0.0,13,1,0,15,13,11,2,26,0,0,2,0,0,0.0,0,0,1.0,0,29,10,42,4,99,13.0,168,336,0,5,0,86,2,1.0,1.0,0.0,0,17.0,3.0,1.0,0.0,16,4,0,0,0,0,741,2
14,1,2026,2026-01-01,23,1,Rio de Janeiro,3304557,Capital,0,0,0,0,0,0.0,0,1,0.0,24,2,4,13,35,27,0,62,2,0,1,0,0,0.0,0,2,4.0,2,73,20,81,3,236,55.0,203,587,0,4,0,213,8,4.0,3.0,1.0,2,23.0,8.0,9.0,3.0,27,8,0,0,0,0,1289,2
15,1,2026,2026-01-01,23,1,Rio de Janeiro,3304557,Capital,0,1,0,1,0,0.0,1,1,1.0,18,2,1,6,17,10,1,28,6,0,7,1,0,0.0,0,0,0.0,4,46,8,27,13,42,8.0,83,179,0,5,0,125,5,3.0,2.0,0.0,5,14.0,2.0,7.0,0.0,21,3,0,0,0,0,651,2
16,1,2026,2026-01-01,31,2,Rio de Janeiro,3304557,Capital,3,0,0,3,0,0.0,3,7,1.0,53,5,4,54,90,32,5,127,14,0,5,0,0,0.0,0,1,1.0,25,173,34,44,34,151,12.0,284,555,0,11,0,438,10,5.0,4.0,1.0,10,67.0,16.0,21.0,12.0,73,15,1,0,0,0,2041,2
17,1,2026,2026-01-01,4,1,Rio de Janeiro,3304557,Capital,2,0,0,2,1,0.0,3,1,0.0,32,4,4,42,26,37,7,70,36,4,0,0,0,0.0,0,0,0.0,18,128,12,28,12,65,3.0,93,213,0,5,0,66,3,0.0,1.0,2.0,17,30.0,1.0,9.0,1.0,22,7,0,0,0,0,751,2
18,1,2026,2026-01-01,6,1,Rio de Janeiro,3304557,Capital,0,0,2,2,0,0.0,2,0,0.0,18,1,2,17,51,69,5,125,37,0,3,1,0,0.0,0,0,0.0,18,184,7,29,14,117,1.0,134,300,0,3,0,92,3,1.0,2.0,0.0,5,24.0,1.0,2.0,2.0,28,1,1,0,0,0,922,2
19,1,2026,2026-01-01,6,1,Rio de Janeiro,3304557,Capital,0,0,0,0,1,0.0,1,1,1.0,35,4,0,7,57,41,4,102,38,2,3,1,0,0.0,0,0,0.0,11,157,11,33,19,59,2.0,158,282,0,3,1,198,1,0.0,0.0,1.0,8,23.0,9.0,15.0,5.0,34,2,0,1,0,0,1060,2
20,1,2026,2026-01-01,6,1,Rio de Janeiro,3304557,Capital,0,0,0,0,0,0.0,0,0,0.0,24,3,1,14,34,15,5,54,21,0,3,3,0,0.0,0,0,1.0,12,94,16,17,21,25,2.0,155,236,0,3,0,141,4,1.0,0.0,3.0,10,35.0,3.0,2.0,2.0,27,2,0,0,0,0,899,2
21,1,2026,2026-01-01,22,1,Rio de Janeiro,3304557,Capital,5,0,0,5,0,0.0,5,5,1.0,85,5,1,50,44,37,12,93,78,31,3,1,0,0.0,0,0,0.0,50,256,25,31,31,45,0.0,133,264,0,4,2,232,32,5.0,21.0,6.0,147,83.0,10.0,23.0,5.0,51,17,0,0,0,0,1579,2
22,1,2026,2026-01-01,16,1,Rio de Janeiro,3304557,Capital,1,0,0,1,0,0.0,1,4,1.0,40,9,8,24,31,22,5,58,51,17,3,0,0,1.0,0,0,0.0,11,141,15,5,6,9,0.0,93,127,0,8,2,131,4,1.0,3.0,0.0,41,23.0,2.0,3.0,0.0,36,6,0,0,0,0,832,2
23,1,2026,2026-01-01,3,1,Rio de Janeiro,3304557,Capital,0,0,1,1,0,0.0,1,0,0.0,28,0,0,9,9,34,2,45,25,1,6,1,0,0.0,0,0,0.0,13,91,11,3,11,29,0.0,95,149,0,2,0,90,2,1.0,1.0,0.0,3,10.0,0.0,5.0,0.0,20,3,0,0,0,0,614,2
24,1,2026,2026-01-01,3,1,Rio de Janeiro,3304557,Capital,0,0,0,0,0,1.0,1,1,0.0,59,3,4,22,30,26,4,60,70,2,2,0,0,0.0,0,0,0.0,7,141,28,11,10,25,1.0,68,140,0,3,0,121,4,1.0,3.0,0.0,16,29.0,0.0,3.0,1.0,77,3,0,0,0,0,739,2
25,1,2026,2026-01-01,3,1,Rio de Janeiro,3304557,Capital,0,0,0,0,1,0.0,1,0,0.0,27,1,0,22,17,23,4,44,26,2,1,0,0,0.0,0,0,0.0,10,83,12,4,10,27,0.0,71,113,0,3,0,85,7,2.0,3.0,2.0,17,18.0,0.0,11.0,4.0,25,5,1,0,0,0,587,2
26,1,2026,2026-01-01,3,1,Rio de Janeiro,3304557,Capital,0,0,1,1,0,0.0,1,0,0.0,28,1,2,23,20,13,4,37,45,4,2,1,0,0.0,0,0,0.0,11,100,7,13,13,43,0.0,106,182,0,0,0,83,4,1.0,2.0,1.0,16,19.0,1.0,3.0,2.0,25,4,0,0,0,0,658,2
27,1,2026,2026-01-01,41,2,Rio de Janeiro,3304557,Capital,2,0,0,2,1,0.0,3,4,0.0,63,2,0,16,63,60,1,124,135,6,5,0,0,0.0,0,0,0.0,42,312,24,7,9,25,3.0,119,184,0,5,1,174,9,5.0,1.0,3.0,51,35.0,2.0,13.0,2.0,43,8,2,0,0,0,1188,2
28,1,2026,2026-01-01,18,2,Rio de Janeiro,3304557,Capital,1,0,0,1,2,0.0,3,7,0.0,42,2,1,14,23,14,0,37,33,1,5,2,0,0.0,0,0,0.0,11,89,18,4,2,19,0.0,71,114,0,4,0,107,4,0.0,4.0,0.0,11,15.0,1.0,2.0,0.0,35,6,1,0,0,0,667,2
29,1,2026,2026-01-01,9,2,Rio de Janeiro,3304557,Capital,0,0,0,0,2,0.0,2,5,0.0,40,1,4,26,73,49,6,128,150,7,2,0,0,0.0,0,1,0.0,19,307,23,25,15,41,2.0,84,187,0,7,2,140,10,0.0,5.0,5.0,65,13.0,3.0,3.0,0.0,49,12,0,0,0,0,1079,2
30,1,2026,2026-01-01,9,2,Rio de Janeiro,3304557,Capital,1,0,0,1,1,0.0,2,3,1.0,58,1,3,28,41,35,0,76,48,3,1,1,0,0.0,0,0,0.0,22,151,48,15,4,14,1.0,51,132,0,5,0,145,2,0.0,2.0,0.0,16,21.0,1.0,5.0,0.0,83,7,0,0,0,0,836,2
31,1,2026,2026-01-01,41,2,Rio de Janeiro,3304557,Capital,2,0,0,2,6,0.0,8,0,0.0,39,1,2,13,18,36,7,61,75,8,2,0,0,0.0,0,0,0.0,9,155,16,4,3,16,0.0,32,69,0,0,0,73,6,0.0,6.0,0.0,44,10.0,1.0,6.0,0.0,37,6,0,0,0,0,594,2
32,1,2026,2026-01-01,18,2,Rio de Janeiro,3304557,Capital,5,0,0,5,5,0.0,10,16,3.0,117,6,1,57,103,79,5,187,98,0,17,3,0,0.0,0,0,0.0,39,344,25,48,25,97,4.0,177,374,0,7,2,461,12,4.0,7.0,1.0,42,82.0,7.0,18.0,2.0,151,22,4,0,0,0,2387,2
33,1,2026,2026-01-01,14,2,Rio de Janeiro,3304557,Capital,5,0,0,5,0,0.0,5,11,0.0,76,4,1,46,25,34,1,60,46,3,0,2,0,0.0,0,0,0.0,6,117,47,6,6,25,3.0,75,161,0,2,0,125,6,1.0,4.0,1.0,34,32.0,3.0,9.0,1.0,95,10,0,0,0,0,1016,2
34,1,2026,2026-01-01,14,2,Rio de Janeiro,3304557,Capital,6,0,0,6,1,0.0,7,6,0.0,116,6,2,27,40,37,1,78,44,6,1,1,0,0.0,0,1,1.0,12,144,32,10,5,14,4.0,99,163,0,8,0,216,20,1.0,13.0,6.0,60,90.0,6.0,13.0,3.0,106,9,0,0,0,0,1257,2
35,1,2026,2026-01-01,40,2,Rio de Janeiro,3304557,Capital,8,0,1,9,0,1.0,10,3,0.0,229,22,5,99,28,26,2,56,47,7,3,1,0,0.0,0,0,0.0,20,134,31,19,14,44,9.0,263,380,0,16,0,461,6,5.0,0.0,1.0,33,88.0,7.0,24.0,1.0,318,23,1,0,0,0,2582,2
36,1,2026,2026-01-01,27,2,Rio de Janeiro,3304557,Capital,10,0,1,11,0,0.0,11,2,1.0,139,14,6,35,20,16,0,36,8,4,1,0,0,0.0,0,0,0.0,6,55,9,15,8,9,6.0,68,114,0,2,0,242,1,0.0,1.0,0.0,11,29.0,3.0,9.0,1.0,148,11,3,0,0,0,1133,2
37,1,2026,2026-01-01,17,1,Rio de Janeiro,3304557,Capital,6,0,0,6,1,0.0,7,6,0.0,43,4,2,23,6,3,0,9,5,1,0,0,0,0.0,0,0,0.0,2,17,8,7,7,15,1.0,81,119,0,5,0,130,9,2.0,4.0,3.0,16,24.0,6.0,7.0,3.0,60,5,0,0,0,0,835,2
38,1,2026,2026-01-01,16,1,Rio de Janeiro,3304557,Capital,5,0,1,6,1,0.0,7,19,1.0,44,2,1,23,30,36,2,68,106,34,1,0,0,0.0,0,0,0.0,26,235,15,3,5,16,0.0,31,70,0,4,0,86,13,1.0,10.0,2.0,93,30.0,2.0,11.0,2.0,49,7,0,0,0,0,927,2
39,1,2026,2026-01-01,41,2,Rio de Janeiro,3304557,Capital,8,0,1,9,5,0.0,14,9,2.0,47,6,2,13,43,40,39,122,140,17,1,1,0,0.0,0,0,0.0,53,334,11,8,6,25,0.0,53,103,0,0,0,154,15,3.0,11.0,1.0,211,55.0,7.0,14.0,2.0,58,5,1,0,0,0,1198,2
40,1,2026,2026-01-01,9,2,Rio de Janeiro,3304557,Capital,3,0,0,3,0,0.0,3,0,0.0,49,2,1,13,33,30,1,64,95,2,2,0,0,0.0,0,0,0.0,20,183,6,10,2,10,1.0,38,66,0,1,0,100,4,0.0,2.0,2.0,48,20.0,2.0,3.0,2.0,38,5,1,0,0,0,689,2
41,1,2026,2026-01-01,18,2,Rio de Janeiro,3304557,Capital,2,0,0,2,0,0.0,2,3,0.0,20,1,0,19,24,25,1,50,35,1,2,4,0,0.0,0,0,1.0,7,100,8,8,8,19,0.0,86,128,0,7,0,188,6,2.0,3.0,1.0,10,22.0,0.0,5.0,0.0,37,3,1,0,0,0,858,2
42,1,2026,2026-01-01,31,2,Rio de Janeiro,3304557,Capital,2,0,0,2,0,0.0,2,1,0.0,79,4,2,43,38,27,3,68,13,0,9,2,0,0.0,0,0,0.0,18,110,43,33,9,87,24.0,140,331,0,7,0,330,40,18.0,17.0,5.0,8,52.0,17.0,15.0,6.0,113,7,0,0,0,0,1444,2
43,1,2026,2026-01-01,27,2,Rio de Janeiro,3304557,Capital,0,0,0,0,1,0.0,1,20,0.0,93,10,0,45,3,6,0,9,11,0,0,1,0,0.0,0,0,0.0,3,24,7,2,0,19,1.0,26,55,0,8,0,114,2,1.0,1.0,0.0,10,12.0,0.0,3.0,0.0,103,11,0,0,0,0,645,2
44,1,2026,2026-01-01,3,1,Rio de Janeiro,3304557,Capital,1,0,0,1,1,0.0,2,7,0.0,22,2,4,37,36,42,7,85,90,4,0,2,0,0.0,0,0,0.0,14,195,7,4,9,26,2.0,90,138,0,2,0,67,10,3.0,6.0,1.0,20,30.0,4.0,12.0,0.0,32,3,0,0,0,0,853,2
48,1,2026,2026-01-01,24,3,Seropédica,3305554,Baixada Fluminense,0,0,0,0,0,0.0,0,0,0.0,37,4,3,5,3,1,0,4,3,0,1,1,0,0.0,0,0,0.0,3,12,2,0,0,4,1.0,27,34,0,1,0,32,2,2.0,0.0,0.0,9,11.0,0.0,2.0,0.0,42,6,1,0,0,0,319,2
50,1,2026,2026-01-01,24,3,Itaguaí,3302007,Baixada Fluminense,2,0,0,2,0,0.0,2,6,0.0,31,1,1,14,2,5,0,7,6,0,0,0,0,0.0,0,1,0.0,4,18,15,0,0,8,1.0,36,59,0,3,0,96,6,1.0,4.0,1.0,5,17.0,2.0,12.0,0.0,21,3,0,0,0,0,405,2
51,1,2026,2026-01-01,24,3,Paracambi,3303609,Baixada Fluminense,4,0,0,4,0,0.0,4,1,0.0,11,2,1,3,0,0,0,0,0,0,0,0,0,0.0,0,0,0.0,0,0,0,0,0,1,0.0,7,8,0,0,0,22,11,2.0,7.0,2.0,1,8.0,3.0,3.0,0.0,23,1,0,0,0,0,117,2
52,1,2026,2026-01-01,20,3,Nova Iguaçu,3303500,Baixada Fluminense,1,0,0,1,0,0.0,1,2,0.0,81,5,1,40,41,34,3,78,70,2,10,0,0,0.0,0,0,0.0,15,175,30,14,3,37,3.0,139,225,0,1,1,155,6,4.0,1.0,1.0,23,43.0,5.0,9.0,1.0,89,10,0,0,0,0,1151,2
53,1,2026,2026-01-01,20,3,Mesquita,3302858,Baixada Fluminense,1,1,0,2,1,0.0,3,1,0.0,68,4,1,24,19,40,3,62,58,2,4,0,0,0.0,0,0,0.0,8,134,14,1,0,7,1.0,46,68,0,2,0,76,18,4.0,11.0,3.0,23,34.0,2.0,12.0,1.0,58,5,0,0,0,0,641,2
54,1,2026,2026-01-01,39,3,Belford Roxo,3300456,Baixada Fluminense,14,0,0,14,5,0.0,19,14,1.0,170,10,2,34,53,40,7,100,100,3,6,1,0,0.0,0,0,0.0,14,224,27,4,0,12,0.0,48,89,0,2,0,111,36,3.0,28.0,5.0,71,97.0,15.0,25.0,3.0,137,27,2,0,0,0,1181,2
55,1,2026,2026-01-01,24,3,Queimados,3304144,Baixada Fluminense,2,0,0,2,0,0.0,2,0,0.0,60,10,0,12,4,6,0,10,7,2,5,0,0,0.0,0,0,0.0,2,26,10,4,2,9,1.0,47,72,0,1,0,71,4,3.0,1.0,0.0,6,21.0,2.0,15.0,2.0,58,4,1,0,0,0,489,2
56,1,2026,2026-01-01,20,3,Nova Iguaçu,3303500,Baixada Fluminense,5,0,0,5,0,0.0,5,3,0.0,110,7,1,18,36,34,0,70,52,0,0,1,0,0.0,0,0,0.0,4,127,15,0,0,12,6.0,47,80,0,4,0,76,3,0.0,3.0,0.0,12,11.0,1.0,5.0,1.0,110,12,1,1,0,0,732,2
57,1,2026,2026-01-01,20,3,Nilópolis,3303203,Baixada Fluminense,0,0,0,0,0,0.0,0,1,0.0,58,5,0,7,25,21,3,49,25,0,3,0,0,0.0,0,0,0.0,10,87,24,4,5,10,0.0,55,95,0,1,0,113,5,1.0,4.0,1.0,23,26.0,4.0,5.0,0.0,46,8,0,0,0,0,663,2
58,1,2026,2026-01-01,20,3,Nova Iguaçu,3303500,Baixada Fluminense,10,0,0,10,0,0.0,10,6,0.0,133,6,4,30,49,51,1,101,74,5,2,1,0,0.0,0,0,1.0,12,196,34,2,0,20,0.0,73,128,0,7,1,190,5,2.0,3.0,0.0,18,48.0,1.0,7.0,0.0,188,14,2,0,0,0,1289,2
59,1,2026,2026-01-01,15,3,Duque de Caxias,3301702,Baixada Fluminense,4,0,0,4,6,1.0,11,16,0.0,112,10,2,40,84,98,7,189,214,36,8,2,0,0.0,0,0,0.0,53,502,23,28,3,29,0.0,108,191,0,6,0,200,17,2.0,11.0,4.0,129,77.0,4.0,16.0,0.0,132,15,0,0,0,0,1734,2
60,1,2026,2026-01-01,15,3,Duque de Caxias,3301702,Baixada Fluminense,6,0,0,6,0,0.0,6,10,0.0,82,8,7,21,24,27,5,56,132,30,1,0,0,0.0,1,0,0.0,19,239,23,2,0,6,0.0,50,81,0,6,0,162,8,2.0,6.0,0.0,46,71.0,2.0,15.0,1.0,82,13,0,0,0,0,1024,2
61,1,2026,2026-01-01,15,3,Duque de Caxias,3301702,Baixada Fluminense,0,0,0,0,0,1.0,1,1,0.0,33,1,1,7,3,2,0,5,5,4,1,0,0,0.0,0,0,0.0,1,16,3,0,0,2,0.0,4,9,0,1,0,45,3,0.0,3.0,0.0,13,9.0,1.0,2.0,0.0,23,3,0,0,0,0,192,2
62,1,2026,2026-01-01,15,3,Duque de Caxias,3301702,Baixada Fluminense,1,0,1,2,1,0.0,3,5,0.0,48,4,0,12,20,6,0,26,70,6,0,2,0,0.0,0,0,0.0,9,113,11,1,2,4,1.0,19,38,0,1,0,89,9,2.0,7.0,1.0,19,28.0,0.0,3.0,0.0,49,5,0,0,0,0,502,2
63,1,2026,2026-01-01,24,3,Japeri,3302270,Baixada Fluminense,5,0,0,5,0,0.0,5,1,1.0,34,1,4,4,2,3,0,5,2,0,1,0,0,0.0,0,0,0.0,0,8,1,2,0,0,0.0,19,21,0,0,0,44,7,1.0,4.0,2.0,3,15.0,1.0,10.0,1.0,32,6,0,0,0,0,260,2
64,1,2026,2026-01-01,21,3,São João de Meriti,3305109,Baixada Fluminense,12,0,1,13,4,0.0,17,18,1.0,149,7,0,64,61,65,9,135,175,20,9,1,0,0.0,0,1,0.0,41,382,44,9,8,31,0.0,145,235,0,6,0,229,29,2.0,22.0,5.0,93,97.0,5.0,15.0,4.0,141,15,1,0,0,0,1728,2
65,1,2026,2026-01-01,34,3,Magé,3302502,Baixada Fluminense,0,0,0,0,0,0.0,0,2,0.0,33,3,4,6,5,3,0,8,9,0,1,0,0,0.0,0,0,0.0,3,21,8,1,4,6,5.0,36,60,0,3,0,45,14,5.0,9.0,1.0,6,16.0,4.0,1.0,0.0,50,4,0,0,0,0,348,2
66,1,2026,2026-01-01,34,3,Magé,3302502,Baixada Fluminense,1,0,0,1,0,0.0,1,1,1.0,85,4,1,19,9,4,0,13,7,0,0,2,0,0.0,0,0,0.0,3,25,6,5,1,13,2.0,42,69,0,5,0,106,61,59.0,2.0,0.0,6,28.0,0.0,5.0,0.0,116,7,0,0,0,0,648,2
67,1,2026,2026-01-01,34,3,Guapimirim,3301850,Baixada Fluminense,2,0,0,2,0,0.0,2,4,0.0,29,1,1,18,3,1,0,4,1,1,0,1,0,0.0,0,0,0.0,1,8,5,0,0,3,8.0,15,31,0,2,0,45,14,11.0,2.0,1.0,1,5.0,1.0,6.0,1.0,37,2,0,0,0,0,316,2
1,2,2026,2026-02-01,5,1,Rio de Janeiro,3304557,Capital,1,0,0,1,0,0.0,1,0,0.0,22,0,1,14,92,52,3,147,1,0,0,0,0,0.0,1,0,2.0,10,161,2,374,7,381,7.0,160,922,0,4,0,64,1,1.0,0.0,0.0,1,59.0,7.0,16.0,3.0,11,4,1,0,0,0,1442,2
4,2,2026,2026-02-01,5,1,Rio de Janeiro,3304557,Capital,2,0,0,2,0,0.0,2,1,0.0,35,1,3,8,36,51,3,90,5,0,0,0,0,0.0,0,0,0.0,9,104,2,91,23,184,1.0,74,367,0,2,0,52,8,4.0,3.0,1.0,1,28.0,11.0,9.0,1.0,24,7,0,0,0,0,856,2
5,2,2026,2026-02-01,5,1,Rio de Janeiro,3304557,Capital,1,0,0,1,0,0.0,1,0,0.0,58,4,0,13,202,182,4,388,3,0,0,1,0,0.0,0,0,2.0,23,417,15,180,7,450,15.0,244,909,0,6,0,131,15,11.0,6.0,0.0,3,75.0,33.0,14.0,21.0,49,5,0,0,0,0,1984,2
6,2,2026,2026-02-01,4,1,Rio de Janeiro,3304557,Capital,3,0,0,3,0,0.0,3,2,0.0,58,3,1,27,28,19,8,55,11,0,2,0,0,0.0,0,0,0.0,11,79,12,45,17,76,0.0,88,237,0,0,0,47,8,6.0,2.0,0.0,27,32.0,5.0,7.0,2.0,27,5,0,0,0,0,719,2
7,2,2026,2026-02-01,5,1,Rio de Janeiro,3304557,Capital,1,0,0,1,0,0.0,1,2,0.0,12,2,0,1,40,27,5,72,3,0,1,0,0,0.0,0,0,0.0,12,88,4,41,0,75,2.0,51,173,0,1,0,54,3,2.0,1.0,0.0,3,2.0,0.0,0.0,2.0,14,2,1,0,0,0,452,2
9,2,2026,2026-02-01,2,1,Rio de Janeiro,3304557,Capital,1,0,0,1,0,0.0,1,0,0.0,37,4,1,9,63,59,4,126,5,0,4,0,0,0.0,0,0,3.0,13,151,13,178,1,289,16.0,151,640,0,2,0,202,3,2.0,1.0,0.0,8,40.0,4.0,10.0,1.0,24,1,0,0,0,0,1462,2
10,2,2026,2026-02-01,2,1,Rio de Janeiro,3304557,Capital,0,0,0,0,0,0.0,0,2,0.0,29,3,3,24,37,19,0,56,5,0,0,1,0,0.0,0,0,1.0,1,64,13,20,18,124,15.0,110,294,0,4,0,115,2,0.0,2.0,0.0,2,24.0,0.0,2.0,1.0,24,3,0,0,0,0,818,2
11,2,2026,2026-02-01,23,1,Rio de Janeiro,3304557,Capital,0,0,0,0,0,0.0,0,0,0.0,5,4,0,2,0,0,0,0,0,0,0,0,0,0.0,0,0,0.0,0,0,3,1,0,5,0.0,5,14,0,0,0,12,0,0.0,0.0,0.0,1,2.0,0.0,1.0,0.0,1,1,0,0,0,0,86,2
12,2,2026,2026-02-01,19,1,Rio de Janeiro,3304557,Capital,1,0,0,1,0,0.0,1,0,0.0,42,2,1,11,16,15,1,32,0,0,1,0,0,0.0,0,0,0.0,3,36,10,67,7,150,18.0,195,445,0,8,0,287,11,4.0,6.0,1.0,4,30.0,2.0,6.0,1.0,40,6,0,0,0,0,1223,2
13,2,2026,2026-02-01,19,1,Rio de Janeiro,3304557,Capital,0,0,0,0,0,0.0,0,1,0.0,29,2,0,5,8,10,0,18,1,0,1,1,0,0.0,0,0,1.0,2,24,7,35,4,64,11.0,117,237,0,3,0,100,3,2.0,1.0,0.0,0,24.0,2.0,6.0,0.0,18,2,0,0,0,0,623,2
14,2,2026,2026-02-01,23,1,Rio de Janeiro,3304557,Capital,1,0,0,1,0,0.0,1,1,0.0,29,0,2,12,30,46,1,77,1,0,1,0,0,0.0,0,2,2.0,2,85,6,89,1,380,57.0,184,705,0,5,0,197,2,0.0,2.0,0.0,2,14.0,8.0,10.0,3.0,26,5,0,0,0,0,1414,2
15,2,2026,2026-02-01,23,1,Rio de Janeiro,3304557,Capital,0,0,0,0,0,0.0,0,2,0.0,18,2,0,18,12,8,3,23,7,0,1,1,0,0.0,0,0,3.0,9,44,6,12,5,62,11.0,70,165,0,4,0,139,6,6.0,0.0,0.0,5,15.0,0.0,12.0,0.0,20,0,0,0,0,0,700,2
16,2,2026,2026-02-01,31,2,Rio de Janeiro,3304557,Capital,3,2,0,5,2,0.0,7,9,1.0,74,4,2,54,53,27,11,91,9,0,4,1,0,0.0,0,0,1.0,11,117,40,46,41,93,6.0,231,455,0,19,0,400,12,8.0,4.0,0.0,11,64.0,22.0,18.0,6.0,90,9,1,0,0,0,1870,2
17,2,2026,2026-02-01,4,1,Rio de Janeiro,3304557,Capital,0,0,0,0,0,0.0,0,0,0.0,30,1,4,35,23,26,2,51,13,3,1,0,0,0.0,0,0,0.0,22,90,13,31,12,50,5.0,64,175,0,2,0,69,4,1.0,2.0,1.0,8,24.0,7.0,7.0,5.0,29,5,2,0,0,0,672,2
18,2,2026,2026-02-01,6,1,Rio de Janeiro,3304557,Capital,0,0,0,0,0,0.0,0,5,0.0,26,0,0,23,45,34,6,85,23,0,7,0,0,0.0,0,0,0.0,15,130,7,23,15,73,3.0,112,231,0,3,0,100,6,5.0,1.0,0.0,3,21.0,9.0,6.0,1.0,27,6,1,0,0,0,803,2
19,2,2026,2026-02-01,6,1,Rio de Janeiro,3304557,Capital,2,0,0,2,0,0.0,2,0,1.0,44,2,0,13,34,19,1,54,19,0,6,1,0,0.0,0,0,0.0,10,90,2,30,14,50,5.0,115,214,0,8,0,187,1,0.0,0.0,1.0,4,30.0,4.0,7.0,1.0,41,5,0,0,0,0,938,2
20,2,2026,2026-02-01,6,1,Rio de Janeiro,3304557,Capital,0,1,0,1,1,0.0,2,1,0.0,28,2,0,16,31,16,3,50,10,0,6,0,0,0.0,0,0,0.0,8,74,5,17,13,26,0.0,135,195,0,3,0,180,3,2.0,1.0,0.0,6,19.0,0.0,1.0,0.0,35,2,0,0,0,0,855,2
21,2,2026,2026-02-01,22,1,Rio de Janeiro,3304557,Capital,3,0,0,3,4,0.0,7,8,0.0,61,8,5,53,38,51,13,102,33,16,2,0,0,0.0,0,0,0.0,43,196,17,33,23,34,1.0,135,240,0,4,0,208,21,3.0,15.0,3.0,90,51.0,2.0,15.0,4.0,52,7,0,0,0,0,1445,2
22,2,2026,2026-02-01,16,1,Rio de Janeiro,3304557,Capital,3,0,0,3,2,0.0,5,3,0.0,40,2,0,24,15,20,4,39,34,20,3,0,0,0.0,0,0,1.0,6,103,20,10,13,9,2.0,84,138,0,5,0,115,6,1.0,5.0,0.0,24,28.0,0.0,4.0,2.0,47,3,0,0,0,0,807,2
23,2,2026,2026-02-01,3,1,Rio de Janeiro,3304557,Capital,0,0,0,0,0,0.0,0,0,0.0,23,2,0,12,20,40,4,64,16,0,6,0,0,0.0,0,0,0.0,8,94,10,7,8,22,0.0,69,114,0,1,0,76,2,0.0,1.0,1.0,3,12.0,0.0,3.0,0.0,23,2,0,0,0,0,570,2
24,2,2026,2026-02-01,3,1,Rio de Janeiro,3304557,Capital,3,0,0,3,0,0.0,3,0,1.0,48,2,2,17,32,14,1,47,55,1,0,0,0,0.0,0,0,0.0,5,108,24,8,5,16,0.0,48,100,0,3,0,94,1,1.0,0.0,0.0,8,37.0,1.0,5.0,0.0,48,1,0,0,0,0,671,2
25,2,2026,2026-02-01,3,1,Rio de Janeiro,3304557,Capital,1,0,0,1,0,0.0,1,1,0.0,34,6,0,36,13,15,10,38,18,4,2,2,0,0.0,0,0,0.0,20,84,9,2,8,16,0.0,82,114,0,0,1,90,6,0.0,6.0,0.0,25,29.0,1.0,6.0,2.0,42,3,0,0,0,0,652,2
26,2,2026,2026-02-01,3,1,Rio de Janeiro,3304557,Capital,0,0,0,0,1,0.0,1,0,0.0,34,1,1,19,33,27,1,61,52,2,3,0,0,0.0,0,0,0.0,16,134,7,8,9,34,2.0,76,135,0,2,0,92,3,1.0,1.0,1.0,13,29.0,6.0,0.0,0.0,32,3,1,0,0,0,643,2
27,2,2026,2026-02-01,41,2,Rio de Janeiro,3304557,Capital,3,0,1,4,2,0.0,6,3,0.0,64,5,2,18,48,49,6,103,84,4,4,0,0,0.0,0,0,0.0,41,236,33,4,12,19,1.0,74,143,0,6,3,163,8,2.0,6.0,0.0,14,45.0,2.0,11.0,4.0,60,5,0,0,0,0,1006,2
28,2,2026,2026-02-01,18,2,Rio de Janeiro,3304557,Capital,2,0,0,2,1,0.0,3,0,0.0,24,3,1,16,31,9,0,40,21,3,4,1,0,0.0,0,0,0.0,11,80,10,3,11,27,1.0,62,114,0,3,1,120,3,2.0,0.0,1.0,8,13.0,0.0,3.0,0.0,45,0,0,0,0,0,665,2
29,2,2026,2026-02-01,9,2,Rio de Janeiro,3304557,Capital,4,0,0,4,1,1.0,6,3,0.0,50,3,0,43,74,58,3,135,121,4,3,1,0,0.0,0,0,0.0,22,286,22,26,23,48,0.0,90,202,0,4,1,120,17,0.0,17.0,0.0,64,17.0,0.0,3.0,1.0,58,7,1,0,0,0,1054,2
30,2,2026,2026-02-01,9,2,Rio de Janeiro,3304557,Capital,0,0,1,1,0,0.0,1,3,0.0,44,2,0,18,36,36,2,74,35,2,1,1,0,0.0,0,1,0.0,7,121,25,18,1,19,0.0,45,106,0,1,0,157,1,0.0,1.0,0.0,11,15.0,6.0,6.0,0.0,63,3,0,0,0,0,734,2
31,2,2026,2026-02-01,41,2,Rio de Janeiro,3304557,Capital,2,0,0,2,1,0.0,3,0,1.0,36,2,2,12,35,36,0,71,43,10,0,1,0,0.0,0,0,0.0,5,130,10,4,3,12,0.0,24,53,0,0,0,74,2,0.0,2.0,0.0,50,17.0,1.0,16.0,0.0,32,5,0,0,1,0,545,2
32,2,2026,2026-02-01,18,2,Rio de Janeiro,3304557,Capital,4,0,0,4,7,0.0,11,10,1.0,104,12,4,71,66,42,2,110,41,1,6,1,0,0.0,0,0,0.0,31,190,14,31,25,51,7.0,186,314,0,11,2,423,14,6.0,8.0,0.0,29,53.0,11.0,12.0,5.0,146,15,2,0,0,0,2048,2
33,2,2026,2026-02-01,14,2,Rio de Janeiro,3304557,Capital,2,0,0,2,0,0.0,2,5,0.0,90,0,5,57,15,25,0,40,23,4,3,1,0,0.0,0,1,0.0,3,75,23,4,3,17,0.0,53,100,0,3,0,94,2,1.0,1.0,0.0,15,22.0,1.0,10.0,1.0,78,9,0,0,0,0,905,2
34,2,2026,2026-02-01,14,2,Rio de Janeiro,3304557,Capital,12,0,0,12,0,0.0,12,7,2.0,160,14,2,40,27,28,3,58,33,7,3,2,0,0.0,0,0,0.0,5,108,30,9,1,28,1.0,95,162,0,5,0,150,6,0.0,4.0,2.0,61,82.0,6.0,14.0,2.0,114,19,1,0,0,0,1217,2
35,2,2026,2026-02-01,40,2,Rio de Janeiro,3304557,Capital,3,0,1,4,1,0.0,5,8,1.0,213,7,5,75,30,16,0,46,38,2,3,0,0,0.0,0,0,0.0,9,98,32,15,5,44,5.0,233,333,0,10,0,405,2,1.0,1.0,0.0,33,68.0,0.0,12.0,2.0,271,23,0,0,0,0,2200,2
36,2,2026,2026-02-01,27,2,Rio de Janeiro,3304557,Capital,10,0,0,10,0,0.0,10,4,3.0,130,15,1,21,13,8,0,21,7,2,3,0,0,0.0,0,0,0.0,3,36,7,13,4,16,0.0,47,84,0,5,0,217,0,0.0,0.0,0.0,12,38.0,2.0,5.0,1.0,150,13,0,0,0,0,1031,2
37,2,2026,2026-02-01,17,1,Rio de Janeiro,3304557,Capital,3,0,0,3,0,0.0,3,1,0.0,62,6,2,22,8,4,1,13,4,1,0,1,0,0.0,0,0,0.0,0,19,16,4,1,18,1.0,54,94,0,6,0,108,21,1.0,1.0,19.0,10,15.0,4.0,11.0,1.0,71,4,0,0,0,0,812,2
38,2,2026,2026-02-01,16,1,Rio de Janeiro,3304557,Capital,1,0,0,1,3,0.0,4,11,1.0,41,1,4,25,36,31,0,67,52,26,2,0,0,0.0,0,0,0.0,17,164,17,2,7,12,0.0,56,93,0,5,0,78,11,0.0,10.0,1.0,45,33.0,2.0,7.0,4.0,36,7,0,0,0,0,779,2
39,2,2026,2026-02-01,41,2,Rio de Janeiro,3304557,Capital,8,0,0,8,5,0.0,13,7,0.0,45,3,2,13,46,39,21,106,88,15,0,0,0,0.0,0,0,0.0,27,236,11,6,6,20,3.0,59,105,0,2,1,159,4,0.0,4.0,0.0,111,40.0,5.0,12.0,1.0,47,6,1,0,0,0,1006,2
40,2,2026,2026-02-01,9,2,Rio de Janeiro,3304557,Capital,1,0,0,1,0,0.0,1,5,0.0,28,2,0,12,19,26,2,47,30,1,0,0,0,0.0,0,0,0.0,8,86,12,3,1,13,0.0,29,56,0,2,0,82,3,0.0,3.0,1.0,34,21.0,0.0,4.0,0.0,25,1,0,0,0,0,506,2
41,2,2026,2026-02-01,18,2,Rio de Janeiro,3304557,Capital,0,0,0,0,0,0.0,0,4,0.0,30,1,1,23,18,21,1,40,23,2,8,0,0,0.0,0,0,0.0,3,76,8,6,6,16,2.0,56,94,0,8,0,156,0,0.0,0.0,0.0,14,14.0,0.0,0.0,1.0,39,4,0,0,0,0,721,2
42,2,2026,2026-02-01,31,2,Rio de Janeiro,3304557,Capital,4,0,0,4,2,0.0,6,4,0.0,73,6,2,31,23,18,1,42,9,1,4,1,0,0.0,0,0,0.0,8,65,31,8,8,45,6.0,88,185,0,3,0,258,24,13.0,9.0,2.0,12,62.0,19.0,20.0,1.0,105,7,2,0,0,0,1160,2
43,2,2026,2026-02-01,27,2,Rio de Janeiro,3304557,Capital,8,0,0,8,0,0.0,8,2,0.0,98,8,1,39,10,4,0,14,11,1,1,1,0,0.0,0,0,0.0,3,31,12,4,1,13,2.0,33,65,0,2,0,108,1,0.0,1.0,0.0,6,12.0,0.0,5.0,0.0,114,5,0,0,0,0,641,2
44,2,2026,2026-02-01,3,1,Rio de Janeiro,3304557,Capital,0,0,0,0,1,0.0,1,1,2.0,27,1,1,17,25,35,5,65,75,1,1,1,0,0.0,0,0,0.0,17,160,15,7,2,16,0.0,67,107,0,1,0,81,8,2.0,5.0,1.0,18,30.0,1.0,8.0,1.0,33,6,1,0,0,0,737,2
48,2,2026,2026-02-01,24,3,Seropédica,3305554,Baixada Fluminense,3,0,0,3,0,0.0,3,0,0.0,28,6,1,9,5,3,0,8,4,1,0,0,0,0.0,0,0,0.0,2,15,7,0,0,4,2.0,14,27,0,3,0,44,4,2.0,1.0,1.0,7,19.0,0.0,1.0,0.0,34,1,0,0,0,0,308,2
50,2,2026,2026-02-01,24,3,Itaguaí,3302007,Baixada Fluminense,1,0,0,1,1,0.0,2,3,0.0,58,4,4,5,6,2,0,8,5,1,0,0,0,0.0,0,0,0.0,1,15,16,2,1,6,0.0,37,62,0,2,0,69,8,2.0,6.0,0.0,8,33.0,0.0,15.0,0.0,38,5,0,0,0,0,396,2
51,2,2026,2026-02-01,24,3,Paracambi,3303609,Baixada Fluminense,1,0,0,1,0,0.0,1,0,0.0,29,0,0,3,1,1,0,2,0,0,0,0,0,0.0,0,0,0.0,0,2,0,0,0,1,1.0,6,8,0,0,0,22,21,12.0,7.0,3.0,0,12.0,0.0,5.0,0.0,26,0,0,0,0,0,170,2
52,2,2026,2026-02-01,20,3,Nova Iguaçu,3303500,Baixada Fluminense,5,0,1,6,0,0.0,6,5,1.0,62,2,1,32,42,45,3,90,48,1,6,3,0,0.0,0,1,0.0,11,160,29,11,6,32,5.0,127,208,0,2,0,85,4,2.0,1.0,1.0,25,35.0,5.0,19.0,0.0,83,8,0,0,0,0,1065,2
53,2,2026,2026-02-01,20,3,Mesquita,3302858,Baixada Fluminense,0,0,0,0,0,0.0,0,2,0.0,61,7,2,21,20,22,3,45,23,3,0,0,0,0.0,0,1,0.0,13,85,16,4,1,15,1.0,36,72,0,3,0,94,16,3.0,12.0,1.0,17,32.0,4.0,6.0,0.0,66,10,0,0,0,0,658,2
54,2,2026,2026-02-01,39,3,Belford Roxo,3300456,Baixada Fluminense,6,0,0,6,2,0.0,8,3,0.0,131,17,6,37,41,25,0,66,49,2,3,0,0,0.0,0,0,1.0,9,130,31,8,2,6,0.0,50,97,0,4,0,115,31,4.0,27.0,3.0,43,87.0,11.0,23.0,3.0,121,23,0,0,0,0,1048,2
55,2,2026,2026-02-01,24,3,Queimados,3304144,Baixada Fluminense,1,0,0,1,0,0.0,1,0,0.0,55,8,0,4,4,5,0,9,5,1,1,1,0,0.0,0,0,0.0,6,23,3,4,0,6,2.0,48,62,0,2,0,70,6,1.0,3.0,2.0,4,28.0,4.0,9.0,1.0,52,9,0,0,0,0,445,2
56,2,2026,2026-02-01,20,3,Nova Iguaçu,3303500,Baixada Fluminense,4,0,0,4,0,0.0,4,4,1.0,81,15,1,23,18,19,0,37,26,1,1,0,0,0.0,0,0,0.0,8,73,13,2,1,6,3.0,49,74,0,6,0,85,1,0.0,1.0,0.0,3,28.0,1.0,2.0,1.0,77,12,1,0,0,0,622,2
57,2,2026,2026-02-01,20,3,Nilópolis,3303203,Baixada Fluminense,1,0,0,1,0,0.0,1,3,0.0,74,5,0,12,17,15,0,32,11,1,1,0,0,0.0,0,0,0.0,4,49,25,5,2,14,0.0,42,85,0,3,0,113,4,0.0,3.0,1.0,20,31.0,0.0,8.0,0.0,70,5,0,0,0,0,630,2
58,2,2026,2026-02-01,20,3,Nova Iguaçu,3303500,Baixada Fluminense,8,0,0,8,0,0.0,8,2,1.0,162,16,2,32,52,43,1,96,52,4,1,2,0,1.0,0,0,0.0,8,164,20,6,0,23,1.0,60,110,0,5,0,195,6,4.0,1.0,1.0,21,48.0,0.0,11.0,0.0,170,24,0,0,0,0,1260,2
59,2,2026,2026-02-01,15,3,Duque de Caxias,3301702,Baixada Fluminense,8,0,0,8,3,0.0,11,7,0.0,108,14,6,53,106,72,1,179,116,27,0,1,0,0.0,0,0,0.0,22,345,27,18,2,25,2.0,88,160,0,2,0,132,13,1.0,11.0,1.0,93,72.0,3.0,11.0,1.0,118,13,2,0,0,0,1431,2
60,2,2026,2026-02-01,15,3,Duque de Caxias,3301702,Baixada Fluminense,1,2,0,3,1,0.0,4,5,0.0,82,5,9,40,21,16,1,38,57,21,3,0,0,0.0,0,0,1.0,14,134,16,6,7,7,2.0,40,78,0,4,0,146,7,2.0,4.0,1.0,33,51.0,3.0,12.0,0.0,64,6,1,0,0,0,993,2
61,2,2026,2026-02-01,15,3,Duque de Caxias,3301702,Baixada Fluminense,0,0,0,0,0,0.0,0,1,0.0,25,1,1,13,3,1,0,4,2,3,0,0,0,0.0,0,0,0.0,0,9,2,0,0,0,0.0,9,11,0,0,0,23,0,0.0,0.0,0.0,1,6.0,0.0,3.0,0.0,25,1,0,0,0,0,167,2
62,2,2026,2026-02-01,15,3,Duque de Caxias,3301702,Baixada Fluminense,1,0,0,1,1,0.0,2,3,0.0,55,8,3,21,33,20,0,53,34,6,1,0,0,0.0,0,0,0.0,6,100,14,0,1,2,1.0,18,36,0,1,0,64,13,0.0,9.0,4.0,9,25.0,0.0,7.0,0.0,49,11,0,0,0,0,487,2
63,2,2026,2026-02-01,24,3,Japeri,3302270,Baixada Fluminense,0,0,0,0,1,0.0,1,4,0.0,44,1,1,0,5,6,0,11,0,2,0,0,0,0.0,0,0,0.0,1,14,4,0,0,3,2.0,13,21,0,1,0,29,6,0.0,4.0,2.0,4,25.0,0.0,7.0,0.0,48,1,2,0,0,0,279,2
64,2,2026,2026-02-01,21,3,São João de Meriti,3305109,Baixada Fluminense,4,0,0,4,2,0.0,6,8,0.0,150,9,3,33,84,69,9,162,128,35,3,3,0,0.0,0,0,1.0,52,384,37,14,4,15,2.0,132,204,0,17,0,321,21,2.0,18.0,1.0,98,79.0,12.0,11.0,0.0,157,13,0,0,0,0,1877,2
65,2,2026,2026-02-01,34,3,Magé,3302502,Baixada Fluminense,0,0,0,0,0,0.0,0,5,0.0,36,8,1,12,8,1,0,9,3,1,2,0,0,0.0,0,0,0.0,1,16,16,1,1,6,1.0,22,47,0,1,0,69,8,2.0,3.0,3.0,5,7.0,0.0,5.0,0.0,41,1,0,0,0,0,360,2
66,2,2026,2026-02-01,34,3,Magé,3302502,Baixada Fluminense,2,0,0,2,0,0.0,2,5,0.0,111,5,1,22,9,17,0,26,9,0,0,0,0,0.0,0,0,0.0,3,38,10,8,0,7,2.0,46,73,0,3,0,101,46,43.0,3.0,0.0,6,31.0,1.0,5.0,2.0,120,6,0,0,0,0,750,2
67,2,2026,2026-02-01,34,3,Guapimirim,3301850,Baixada Fluminense,0,0,0,0,0,0.0,0,1,0.0,23,4,5,23,1,0,0,1,0,0,0,1,0,0.0,0,0,0.0,0,2,3,0,1,3,3.0,8,18,0,0,0,31,14,12.0,1.0,1.0,3,13.0,1.0,7.0,1.0,34,5,0,0,0,0,250,2
1,3,2026,2026-03-01,5,1,Rio de Janeiro,3304557,Capital,0,0,0,0,0,0.0,0,1,0.0,17,0,0,2,42,31,1,74,6,0,0,0,0,0.0,0,0,1.0,3,84,1,77,13,84,4.0,98,277,0,2,0,57,3,3.0,0.0,0.0,0,21.0,0.0,15.0,6.0,9,2,1,0,0,0,631,2
4,3,2026,2026-03-01,5,1,Rio de Janeiro,3304557,Capital,0,0,0,0,0,0.0,0,0,0.0,35,3,1,13,25,45,2,72,4,1,0,0,0,0.0,0,0,0.0,10,87,4,47,14,108,3.0,53,229,0,1,0,63,9,2.0,7.0,0.0,4,32.0,1.0,11.0,1.0,23,3,0,0,0,0,660,2
5,3,2026,2026-03-01,5,1,Rio de Janeiro,3304557,Capital,0,0,0,0,0,0.0,0,1,0.0,44,6,0,20,99,104,1,204,1,0,4,0,0,0.0,0,0,1.0,16,226,7,78,7,276,15.0,216,599,0,3,0,169,6,2.0,3.0,1.0,3,34.0,9.0,26.0,5.0,41,7,1,0,0,0,1510,2
6,3,2026,2026-03-01,4,1,Rio de Janeiro,3304557,Capital,1,0,0,1,2,0.0,3,2,0.0,37,1,1,42,28,17,4,49,8,0,1,1,0,0.0,0,0,0.0,8,67,5,42,22,40,4.0,108,221,0,0,0,81,5,1.0,2.0,2.0,24,34.0,3.0,10.0,1.0,29,6,0,0,0,0,737,2
7,3,2026,2026-03-01,5,1,Rio de Janeiro,3304557,Capital,1,0,0,1,7,0.0,8,2,0.0,9,2,0,3,26,22,0,48,2,0,0,0,0,0.0,0,0,1.0,11,62,7,11,1,18,1.0,32,70,0,2,0,41,7,0.0,6.0,1.0,4,16.0,0.0,0.0,0.0,17,1,0,0,0,0,324,2
9,3,2026,2026-03-01,2,1,Rio de Janeiro,3304557,Capital,0,0,0,0,0,0.0,0,3,0.0,35,5,2,31,49,36,1,86,14,0,2,0,0,0.0,0,0,1.0,5,108,15,86,7,99,11.0,169,387,0,5,0,233,14,10.0,4.0,0.0,4,50.0,2.0,5.0,0.0,42,1,3,0,0,0,1269,2
10,3,2026,2026-03-01,2,1,Rio de Janeiro,3304557,Capital,0,0,0,0,0,0.0,0,1,0.0,23,1,0,39,14,23,1,38,4,0,2,0,0,0.0,0,0,2.0,4,50,15,36,25,77,10.0,144,307,0,7,0,110,3,3.0,0.0,0.0,6,19.0,9.0,11.0,0.0,31,4,4,0,0,0,852,2
11,3,2026,2026-03-01,23,1,Rio de Janeiro,3304557,Capital,2,0,0,2,0,0.0,2,0,0.0,12,3,0,2,0,0,0,0,1,0,0,0,0,0.0,0,0,0.0,1,2,2,0,1,5,0.0,6,14,1,1,0,20,1,0.0,1.0,0.0,0,1.0,1.0,0.0,0.0,9,3,0,0,0,0,116,2
12,3,2026,2026-03-01,19,1,Rio de Janeiro,3304557,Capital,0,0,0,0,1,0.0,1,0,0.0,33,3,0,7,16,9,0,25,0,0,0,0,0,0.0,0,0,0.0,8,33,13,61,11,120,13.0,198,416,0,7,0,307,5,4.0,1.0,0.0,5,25.0,3.0,6.0,0.0,49,4,0,0,0,0,1190,2
13,3,2026,2026-03-01,19,1,Rio de Janeiro,3304557,Capital,0,0,0,0,0,0.0,0,1,0.0,34,2,0,13,13,5,0,18,1,0,1,0,0,0.0,0,0,1.0,1,22,6,25,4,63,18.0,118,234,0,3,0,96,3,2.0,1.0,0.0,0,26.0,1.0,3.0,0.0,20,2,1,0,0,0,636,2
14,3,2026,2026-03-01,23,1,Rio de Janeiro,3304557,Capital,0,0,0,0,0,0.0,0,0,0.0,26,2,1,11,31,36,0,67,1,0,2,1,0,0.0,0,1,2.0,6,80,6,68,5,273,61.0,190,603,0,6,0,247,2,2.0,0.0,0.0,2,26.0,9.0,7.0,4.0,34,3,0,0,0,0,1338,2
15,3,2026,2026-03-01,23,1,Rio de Janeiro,3304557,Capital,2,0,0,2,0,0.0,2,0,0.0,17,2,0,13,17,17,3,37,3,0,4,5,0,0.0,0,0,3.0,20,72,10,21,11,53,6.0,89,190,0,3,0,210,5,4.0,1.0,0.0,7,19.0,0.0,12.0,0.0,16,3,1,0,0,0,816,2
16,3,2026,2026-03-01,31,2,Rio de Janeiro,3304557,Capital,1,0,0,1,0,0.0,1,1,0.0,66,5,8,63,91,27,8,126,10,1,14,0,0,0.0,0,1,2.0,36,190,42,46,48,135,10.0,291,572,0,12,1,476,3,1.0,2.0,0.0,7,38.0,16.0,18.0,5.0,83,8,1,0,0,0,2284,2
17,3,2026,2026-03-01,4,1,Rio de Janeiro,3304557,Capital,1,0,0,1,0,0.0,1,0,0.0,24,2,3,37,43,38,4,85,25,2,4,0,0,0.0,0,0,1.0,24,141,12,51,11,106,1.0,111,292,0,2,0,81,5,1.0,1.0,3.0,6,28.0,3.0,10.0,2.0,27,9,0,0,0,0,901,2
18,3,2026,2026-03-01,6,1,Rio de Janeiro,3304557,Capital,0,0,0,0,0,0.0,0,2,0.0,40,4,1,34,53,66,7,126,14,0,8,0,0,0.0,0,0,0.0,34,182,9,44,19,166,3.0,157,398,0,4,0,164,7,6.0,1.0,0.0,9,27.0,3.0,3.0,6.0,34,2,0,0,0,0,1188,2
19,3,2026,2026-03-01,6,1,Rio de Janeiro,3304557,Capital,1,0,0,1,0,0.0,1,0,0.0,39,1,3,13,58,40,2,100,20,0,8,0,0,0.0,0,0,0.0,21,149,8,41,26,58,7.0,151,291,0,7,0,230,0,0.0,0.0,0.0,5,20.0,9.0,10.0,0.0,40,1,1,0,0,0,1134,2
20,3,2026,2026-03-01,6,1,Rio de Janeiro,3304557,Capital,2,0,0,2,4,0.0,6,0,0.0,36,3,1,16,48,23,2,73,23,0,8,2,0,1.0,0,0,1.0,10,118,12,53,25,43,1.0,207,341,0,4,0,217,4,3.0,1.0,0.0,10,22.0,1.0,8.0,2.0,52,6,0,0,0,0,1183,2
21,3,2026,2026-03-01,22,1,Rio de Janeiro,3304557,Capital,1,0,1,2,0,0.0,2,5,0.0,74,7,3,62,64,36,27,127,50,35,6,1,0,0.0,0,0,0.0,74,293,22,21,17,47,1.0,233,341,0,2,0,253,11,3.0,5.0,3.0,209,44.0,3.0,33.0,5.0,75,9,2,0,0,0,1951,2
22,3,2026,2026-03-01,16,1,Rio de Janeiro,3304557,Capital,2,0,0,2,0,0.0,2,0,1.0,55,4,3,26,23,14,2,39,33,32,7,0,0,0.0,0,0,0.0,14,125,34,13,22,23,0.0,100,192,0,2,0,125,9,2.0,7.0,0.0,40,35.0,2.0,8.0,0.0,41,5,0,0,0,0,943,2
23,3,2026,2026-03-01,3,1,Rio de Janeiro,3304557,Capital,1,0,2,3,0,0.0,3,0,0.0,24,2,2,17,24,32,5,61,12,0,1,0,0,0.0,0,0,0.0,7,81,11,2,10,33,3.0,73,132,0,2,0,103,2,2.0,0.0,0.0,6,13.0,3.0,3.0,0.0,37,1,0,0,0,0,666,2
24,3,2026,2026-03-01,3,1,Rio de Janeiro,3304557,Capital,0,0,0,0,0,0.0,0,3,1.0,39,2,0,27,50,25,3,78,68,2,4,0,0,0.0,0,0,0.0,13,165,29,10,7,34,0.0,95,175,0,7,0,133,6,1.0,3.0,2.0,15,59.0,3.0,9.0,0.0,48,3,0,0,0,0,922,2
25,3,2026,2026-03-01,3,1,Rio de Janeiro,3304557,Capital,0,0,0,0,3,0.0,3,1,0.0,35,0,3,35,12,24,18,54,28,8,1,0,0,0.0,0,0,0.0,17,108,8,13,25,22,1.0,112,181,0,3,0,155,4,1.0,3.0,0.0,55,14.0,1.0,8.0,2.0,34,7,0,0,0,0,858,2
26,3,2026,2026-03-01,3,1,Rio de Janeiro,3304557,Capital,1,0,1,2,0,0.0,2,0,0.0,29,7,1,20,26,31,3,60,43,3,1,0,0,0.0,0,0,0.0,14,121,6,8,23,43,0.0,78,158,0,3,0,144,4,2.0,1.0,1.0,24,13.0,4.0,7.0,0.0,49,3,0,0,0,0,791,2
27,3,2026,2026-03-01,41,2,Rio de Janeiro,3304557,Capital,7,0,1,8,0,0.0,8,2,0.0,81,2,1,37,52,59,6,117,86,9,10,1,0,0.0,0,0,0.0,24,247,52,8,12,21,2.0,116,211,0,6,2,185,11,1.0,8.0,2.0,22,43.0,9.0,10.0,2.0,43,3,1,0,0,0,1188,2
28,3,2026,2026-03-01,18,2,Rio de Janeiro,3304557,Capital,0,0,1,1,3,0.0,4,2,0.0,41,3,0,13,30,27,2,59,35,2,7,0,0,0.0,0,0,0.0,7,110,11,7,9,26,4.0,51,108,0,3,0,171,2,0.0,2.0,0.0,4,27.0,1.0,4.0,2.0,47,9,1,0,0,0,741,2
29,3,2026,2026-03-01,9,2,Rio de Janeiro,3304557,Capital,1,1,0,2,0,0.0,2,5,0.0,45,2,2,25,75,66,13,154,153,4,5,0,0,0.0,0,0,0.0,39,355,27,38,34,55,4.0,81,239,0,6,3,170,4,1.0,2.0,1.0,81,24.0,5.0,7.0,0.0,53,4,0,0,0,0,1324,2
30,3,2026,2026-03-01,9,2,Rio de Janeiro,3304557,Capital,2,0,0,2,0,0.0,2,1,1.0,52,3,1,9,75,29,1,105,55,9,4,0,0,0.0,1,1,0.0,15,190,19,10,13,13,1.0,66,122,0,3,2,170,3,0.0,3.0,0.0,8,16.0,3.0,2.0,0.0,71,5,0,0,0,0,867,2
31,3,2026,2026-03-01,41,2,Rio de Janeiro,3304557,Capital,0,0,0,0,2,0.0,2,2,0.0,76,6,1,26,25,24,0,49,84,18,1,0,0,0.0,0,0,0.0,11,163,10,7,4,15,0.0,35,71,0,4,0,86,5,2.0,2.0,1.0,71,15.0,0.0,7.0,2.0,53,2,0,0,0,0,709,2
32,3,2026,2026-03-01,18,2,Rio de Janeiro,3304557,Capital,17,0,0,17,8,0.0,25,24,1.0,138,19,3,64,95,76,1,172,69,3,13,1,0,0.0,0,0,1.0,20,279,27,50,36,68,5.0,236,422,0,13,1,556,28,8.0,16.0,4.0,39,95.0,4.0,33.0,3.0,183,12,0,0,0,0,2709,2
33,3,2026,2026-03-01,14,2,Rio de Janeiro,3304557,Capital,5,0,0,5,3,0.0,8,5,0.0,119,11,2,50,24,30,2,56,52,9,1,1,0,0.0,0,0,0.0,8,127,17,5,8,20,2.0,52,104,0,7,3,120,7,1.0,4.0,2.0,22,33.0,2.0,15.0,0.0,86,4,1,0,0,0,1094,2
34,3,2026,2026-03-01,14,2,Rio de Janeiro,3304557,Capital,8,1,0,9,0,0.0,9,4,1.0,175,21,4,53,28,27,0,55,53,5,3,1,0,0.0,0,0,0.0,14,131,24,7,5,28,3.0,99,166,0,7,0,170,12,0.0,10.0,2.0,37,69.0,1.0,19.0,5.0,152,13,1,0,0,0,1284,2
35,3,2026,2026-03-01,40,2,Rio de Janeiro,3304557,Capital,3,0,0,3,4,0.0,7,9,3.0,238,31,3,97,31,24,2,57,42,3,1,0,0,1.0,0,0,0.0,16,120,53,16,11,41,9.0,281,411,0,15,0,502,6,4.0,1.0,1.0,36,87.0,3.0,45.0,1.0,307,23,1,0,0,0,2703,2
36,3,2026,2026-03-01,27,2,Rio de Janeiro,3304557,Capital,12,0,0,12,0,0.0,12,2,0.0,154,20,5,41,19,5,0,24,12,3,0,2,0,0.0,0,0,0.0,5,46,8,9,8,20,4.0,74,123,0,6,0,259,3,0.0,2.0,1.0,24,39.0,0.0,11.0,4.0,173,27,2,0,0,0,1341,2
37,3,2026,2026-03-01,17,1,Rio de Janeiro,3304557,Capital,1,0,0,1,1,0.0,2,1,0.0,74,4,6,40,8,8,0,16,11,0,0,1,0,0.0,0,0,0.0,10,38,15,7,4,21,2.0,77,126,0,1,0,150,10,3.0,5.0,2.0,18,41.0,8.0,18.0,1.0,67,5,0,0,0,0,881,2
38,3,2026,2026-03-01,16,1,Rio de Janeiro,3304557,Capital,2,0,0,2,2,0.0,4,3,0.0,63,7,2,37,40,41,4,85,63,43,4,0,0,0.0,0,0,0.0,25,220,19,2,10,16,1.0,57,105,0,3,1,143,13,1.0,10.0,2.0,43,29.0,3.0,13.0,0.0,42,7,0,0,0,0,970,2
39,3,2026,2026-03-01,41,2,Rio de Janeiro,3304557,Capital,5,0,0,5,0,0.0,5,4,1.0,66,5,1,23,57,55,23,135,154,11,1,0,0,0.0,0,0,0.0,55,356,12,18,7,24,1.0,71,133,0,3,1,199,9,1.0,6.0,2.0,152,32.0,2.0,11.0,1.0,60,8,1,0,0,0,1309,2
40,3,2026,2026-03-01,9,2,Rio de Janeiro,3304557,Capital,0,0,0,0,0,0.0,0,6,0.0,30,6,3,19,42,18,6,66,82,4,3,0,0,0.0,0,0,0.0,14,169,21,10,4,14,4.0,45,98,0,8,0,103,3,3.0,0.0,0.0,24,23.0,1.0,4.0,1.0,34,5,0,0,0,0,634,2
41,3,2026,2026-03-01,18,2,Rio de Janeiro,3304557,Capital,0,0,0,0,2,0.0,2,0,1.0,25,3,1,36,24,18,3,45,25,2,3,0,0,0.0,0,1,0.0,2,78,8,8,14,16,1.0,111,158,0,7,0,188,5,2.0,1.0,2.0,18,23.0,0.0,6.0,2.0,48,5,0,0,0,0,909,2
42,3,2026,2026-03-01,31,2,Rio de Janeiro,3304557,Capital,1,0,0,1,0,0.0,1,8,1.0,81,4,1,45,36,25,3,64,17,0,5,1,0,0.0,0,0,0.0,12,99,26,12,10,37,12.0,131,228,0,19,2,303,27,16.0,8.0,3.0,16,53.0,8.0,11.0,1.0,100,9,2,0,0,0,1382,2
43,3,2026,2026-03-01,27,2,Rio de Janeiro,3304557,Capital,1,0,0,1,0,0.0,1,1,0.0,107,9,1,37,8,10,0,18,10,0,1,1,0,0.0,0,0,1.0,1,32,5,0,2,10,0.0,39,56,0,6,0,119,1,1.0,0.0,0.0,7,23.0,0.0,5.0,0.0,138,10,0,0,0,0,728,2
44,3,2026,2026-03-01,3,1,Rio de Janeiro,3304557,Capital,1,0,0,1,2,0.0,3,4,0.0,49,1,4,36,45,29,5,79,72,2,2,0,0,0.0,0,0,0.0,24,179,16,10,6,22,1.0,93,148,0,2,0,116,5,3.0,2.0,0.0,16,36.0,5.0,6.0,1.0,42,6,0,0,0,0,870,2
48,3,2026,2026-03-01,24,3,Seropédica,3305554,Baixada Fluminense,4,0,0,4,0,0.0,4,1,0.0,28,4,6,14,2,2,0,4,0,2,0,0,0,0.0,0,0,0.0,1,7,4,1,0,2,1.0,26,34,0,0,0,47,2,2.0,0.0,0.0,7,12.0,0.0,6.0,0.0,46,3,0,0,0,0,362,2
50,3,2026,2026-03-01,24,3,Itaguaí,3302007,Baixada Fluminense,2,0,0,2,0,0.0,2,1,0.0,66,5,2,16,7,4,0,11,3,0,0,0,0,0.0,0,0,1.0,1,16,21,5,0,10,0.0,58,94,0,1,0,66,4,1.0,3.0,0.0,16,18.0,1.0,10.0,0.0,40,2,0,0,0,0,452,2
51,3,2026,2026-03-01,24,3,Paracambi,3303609,Baixada Fluminense,0,0,0,0,0,0.0,0,1,0.0,21,0,0,6,0,2,0,2,1,0,2,0,0,0.0,0,0,0.0,0,5,1,0,0,2,1.0,14,18,0,6,0,34,12,7.0,5.0,1.0,0,16.0,0.0,3.0,1.0,34,0,0,0,0,0,187,2
52,3,2026,2026-03-01,20,3,Nova Iguaçu,3303500,Baixada Fluminense,2,0,0,2,1,0.0,3,0,1.0,84,9,4,36,54,40,2,96,48,1,7,0,0,0.0,0,1,1.0,10,164,46,17,5,37,1.0,123,229,0,8,0,153,2,1.0,1.0,0.0,21,54.0,4.0,26.0,1.0,103,7,0,0,0,0,1254,2
53,3,2026,2026-03-01,20,3,Mesquita,3302858,Baixada Fluminense,1,0,0,1,1,0.0,2,6,0.0,67,8,0,19,29,37,4,70,27,1,2,0,0,0.0,0,0,1.0,7,108,8,5,0,7,2.0,51,73,0,3,0,110,22,4.0,12.0,6.0,15,51.0,1.0,9.0,1.0,67,7,0,0,0,0,740,2
54,3,2026,2026-03-01,39,3,Belford Roxo,3300456,Baixada Fluminense,6,0,0,6,0,0.0,6,5,0.0,164,18,6,44,65,38,3,106,59,13,1,4,0,0.0,0,2,0.0,13,198,34,7,3,9,3.0,50,106,0,11,0,229,29,2.0,26.0,2.0,38,70.0,8.0,29.0,4.0,172,24,3,0,0,0,1424,2
55,3,2026,2026-03-01,24,3,Queimados,3304144,Baixada Fluminense,3,0,0,3,0,0.0,3,2,1.0,73,6,1,16,12,11,6,29,3,3,1,1,0,0.0,0,0,0.0,11,48,6,0,1,5,3.0,41,56,0,5,0,103,1,0.0,0.0,1.0,5,13.0,0.0,11.0,0.0,80,5,1,0,0,0,574,2
56,3,2026,2026-03-01,20,3,Nova Iguaçu,3303500,Baixada Fluminense,4,0,0,4,2,0.0,6,3,0.0,131,14,4,33,36,25,0,61,37,4,6,1,0,0.0,0,0,0.0,6,115,15,0,1,9,4.0,91,120,0,6,0,113,2,0.0,1.0,1.0,14,22.0,1.0,11.0,0.0,107,8,1,0,0,0,816,2
57,3,2026,2026-03-01,20,3,Nilópolis,3303203,Baixada Fluminense,1,0,0,1,0,0.0,1,4,0.0,56,2,1,25,21,19,0,40,20,1,2,0,0,0.0,0,0,0.0,14,77,14,3,4,6,3.0,65,95,0,6,0,163,6,2.0,3.0,2.0,14,18.0,0.0,14.0,1.0,69,4,0,0,0,0,730,2
58,3,2026,2026-03-01,20,3,Nova Iguaçu,3303500,Baixada Fluminense,1,0,0,1,0,3.0,4,6,3.0,193,28,13,31,44,49,5,98,45,4,1,3,0,0.0,0,0,1.0,8,160,28,6,1,16,1.0,74,126,0,12,0,233,10,7.0,2.0,1.0,28,42.0,3.0,10.0,1.0,185,16,2,0,0,0,1477,2
59,3,2026,2026-03-01,15,3,Duque de Caxias,3301702,Baixada Fluminense,5,0,0,5,1,0.0,6,0,2.0,119,12,5,61,97,81,3,181,123,26,2,1,0,0.0,1,0,1.0,22,357,24,24,2,36,0.0,111,197,0,3,1,140,13,3.0,9.0,2.0,88,58.0,6.0,16.0,1.0,157,18,3,0,0,0,1574,2
60,3,2026,2026-03-01,15,3,Duque de Caxias,3301702,Baixada Fluminense,2,0,0,2,2,0.0,4,23,0.0,113,14,7,22,44,29,1,74,88,21,1,0,0,0.0,0,1,0.0,22,207,31,6,1,7,4.0,74,123,0,6,0,177,25,4.0,21.0,1.0,42,81.0,10.0,10.0,0.0,110,6,1,0,0,0,1159,2
61,3,2026,2026-03-01,15,3,Duque de Caxias,3301702,Baixada Fluminense,0,0,0,0,0,0.0,0,2,0.0,27,0,0,13,0,4,0,4,4,3,0,0,0,0.0,0,0,0.0,3,14,1,0,1,1,0.0,13,16,0,4,0,29,1,0.0,1.0,0.0,1,6.0,1.0,2.0,0.0,38,4,0,0,0,0,192,2
62,3,2026,2026-03-01,15,3,Duque de Caxias,3301702,Baixada Fluminense,4,0,1,5,0,1.0,6,2,0.0,41,6,2,11,17,25,0,42,43,6,2,1,0,0.0,0,1,0.0,15,110,8,1,1,2,1.0,24,37,0,3,0,87,18,11.0,5.0,2.0,21,40.0,2.0,4.0,0.0,44,5,2,0,0,0,609,2
63,3,2026,2026-03-01,24,3,Japeri,3302270,Baixada Fluminense,3,0,0,3,0,1.0,4,6,0.0,38,3,2,5,5,0,1,6,3,1,0,1,0,0.0,0,0,0.0,0,11,4,2,1,3,0.0,22,32,0,4,0,40,6,0.0,5.0,1.0,7,14.0,0.0,9.0,0.0,48,6,0,0,0,0,290,2
64,3,2026,2026-03-01,21,3,São João de Meriti,3305109,Baixada Fluminense,8,0,1,9,1,0.0,10,17,2.0,156,20,2,54,82,56,21,159,105,45,9,0,0,0.0,0,0,0.0,43,361,54,13,2,17,2.0,113,201,0,9,0,420,22,4.0,14.0,4.0,75,84.0,5.0,21.0,0.0,152,20,1,0,0,0,2001,2
65,3,2026,2026-03-01,34,3,Magé,3302502,Baixada Fluminense,0,0,0,0,0,0.0,0,6,1.0,38,5,0,17,3,3,0,6,5,0,3,0,0,0.0,0,0,0.0,4,18,8,2,1,5,3.0,33,52,0,2,0,81,13,1.0,9.0,3.0,8,16.0,3.0,7.0,0.0,41,4,0,0,0,0,410,2
66,3,2026,2026-03-01,34,3,Magé,3302502,Baixada Fluminense,2,0,0,2,0,1.0,3,1,2.0,101,7,0,25,14,3,0,17,4,1,2,3,0,0.0,0,0,0.0,1,28,8,5,2,15,2.0,60,92,0,8,0,151,40,35.0,5.0,1.0,11,31.0,2.0,8.0,1.0,121,9,0,0,0,0,819,2
67,3,2026,2026-03-01,34,3,Guapimirim,3301850,Baixada Fluminense,0,0,0,0,0,0.0,0,1,0.0,24,8,1,2,1,0,0,1,0,0,0,1,0,0.0,0,0,0.0,0,2,2,0,0,2,2.0,20,26,0,0,0,49,10,6.0,1.0,3.0,1,3.0,1.0,6.0,1.0,34,9,0,0,0,0,303,2
